"Id","Path","Slice Name","Alias(s)","Label","Min","Max","Must Support?","Is Modifier?","Is Summary?","Type(s)","Short","Definition","Comments","Requirements","Default Value","Meaning When Missing","Fixed Value","Pattern","Example","Minimum Value","Maximum Value","Maximum Length","Binding Strength","Binding Description","Binding Value Set","Code","Slicing Discriminator","Slicing Description","Slicing Ordered","Slicing Rules","Base Path","Base Min","Base Max","Condition(s)","Constraint(s)","Mapping: FiveWs Pattern Mapping","Mapping: IDMP Mapping","Mapping: RIM Mapping"
"RegulatedAuthorization","RegulatedAuthorization","","","",0,*,"","","","null {[]} {[]}
","Regulatory approval, clearance or licencing related to a regulated product, treatment, facility or activity e.g. Market Authorization for a Medicinal Product","Regulatory approval, clearance or licencing related to a regulated product, treatment, facility or activity that is cited in a guidance, regulation, rule or legislative act. An example is Market Authorization relating to a Medicinal Product.","","","","","","","","","",,,,,"",,,,"RegulatedAuthorization",0,*,"","dom-2:If the resource is contained in another resource, it SHALL NOT contain nested Resources {contained.contained.empty()}
dom-3:If the resource is contained in another resource, it SHALL be referred to from elsewhere in the resource or SHALL refer to the containing resource {contained.where((('#'+id in (%resource.descendants().reference | %resource.descendants().ofType(canonical) | %resource.descendants().ofType(uri) | %resource.descendants().ofType(url))) or descendants().where(reference = '#').exists() or descendants().where(ofType(canonical) = '#').exists() or descendants().where(ofType(canonical) = '#').exists()).not()).trace('unmatched', id).empty()}dom-4:If a resource is contained in another resource, it SHALL NOT have a meta.versionId or a meta.lastUpdated {contained.meta.versionId.empty() and contained.meta.lastUpdated.empty()}dom-5:If a resource is contained in another resource, it SHALL NOT have a security label {contained.meta.security.empty()}dom-6:A resource should have narrative for robust management {text.`div`.exists()}","administrative.medication","Marketing Authorization, Clinical Trial Authorization","Entity, Role, or Act"
"RegulatedAuthorization.id","RegulatedAuthorization.id","","","",0,1,"","","Y","id {[]} {[]}
","Logical id of this artifact","The logical id of the resource, as used in the URL for the resource. Once assigned, this value never changes.","Within the context of the FHIR RESTful interactions, the resource has an id except for cases like the create and conditional update. Otherwise, the use of the resouce id depends on the given use case.","","","","","","","","",,,,,"",,,,"Resource.id",0,1,"",""
"RegulatedAuthorization.meta","RegulatedAuthorization.meta","","","",0,1,"","","Y","Meta {[]} {[]}
","Metadata about the resource","The metadata about the resource. This is content that is maintained by the infrastructure. Changes to the content might not always be associated with version changes to the resource.","","","","","","","","","",,,,,"",,,,"Resource.meta",0,1,"","ele-1:All FHIR elements must have a @value or children {hasValue() or (children().count() > id.count())}
"
"RegulatedAuthorization.implicitRules","RegulatedAuthorization.implicitRules","","","",0,1,"","Y","Y","uri {[]} {[]}
","A set of rules under which this content was created","A reference to a set of rules that were followed when the resource was constructed, and which must be understood when processing the content. Often, this is a reference to an implementation guide that defines the special rules along with other profiles etc.","Asserting this rule set restricts the content to be only understood by a limited set of trading partners. This inherently limits the usefulness of the data in the long term. However, the existing health eco-system is highly fractured, and not yet ready to define, collect, and exchange data in a generally computable sense. Wherever possible, implementers and/or specification writers should avoid using this element. Often, when used, the URL is a reference to an implementation guide that defines these special rules as part of its narrative along with other profiles, value sets, etc.","","","","","","","","",,,,,"",,,,"Resource.implicitRules",0,1,"","ele-1:All FHIR elements must have a @value or children {hasValue() or (children().count() > id.count())}
"
"RegulatedAuthorization.language","RegulatedAuthorization.language","","","",0,1,"","","","code {[]} {[]}
","Language of the resource content","The base language in which the resource is written.","Language is provided to support indexing and accessibility (typically, services such as text to speech use the language tag). The html language tag in the narrative applies  to the narrative. The language tag on the resource may be used to specify the language of other presentations generated from the data in the resource. Not all the content has to be in the base language. The Resource.language should not be assumed to apply to the narrative automatically. If a language is specified, it should it also be specified on the div element in the html (see rules in HTML5 for information about the relationship between xml:lang and the html lang attribute).","","","","","","","","",,"required","IETF language tag for a human language","http://hl7.org/fhir/ValueSet/all-languages|5.0.0","",,,,"Resource.language",0,1,"","ele-1:All FHIR elements must have a @value or children {hasValue() or (children().count() > id.count())}
"
"RegulatedAuthorization.text","RegulatedAuthorization.text","","narrative
htmlxhtmldisplay","",0,1,"","","","Narrative {[]} {[]}
","Text summary of the resource, for human interpretation","A human-readable narrative that contains a summary of the resource and can be used to represent the content of the resource to a human. The narrative need not encode all the structured data, but is required to contain sufficient detail to make it ""clinically safe"" for a human to just read the narrative. Resource definitions may define what content should be represented in the narrative to ensure clinical safety.","Contained resources do not have a narrative. Resources that are not contained SHOULD have a narrative. In some cases, a resource may only have text with little or no additional discrete data (as long as all minOccurs=1 elements are satisfied).  This may be necessary for data from legacy systems where information is captured as a ""text blob"" or where text is additionally entered raw or narrated and encoded information is added later.","","","","","","","","",,,,,"",,,,"DomainResource.text",0,1,"dom-6
","ele-1:All FHIR elements must have a @value or children {hasValue() or (children().count() > id.count())}
","Act.text?"
"RegulatedAuthorization.contained","RegulatedAuthorization.contained","","inline resources
anonymous resourcescontained resources","",0,*,"","","","Resource {[]} {[]}
","Contained, inline Resources","These resources do not have an independent existence apart from the resource that contains them - they cannot be identified independently, nor can they have their own independent transaction scope. This is allowed to be a Parameters resource if and only if it is referenced by a resource that provides context/meaning.","This should never be done when the content can be identified properly, as once identification is lost, it is extremely difficult (and context dependent) to restore it again. Contained resources may have profiles and tags in their meta elements, but SHALL NOT have security labels.","","","","","","","","",,,,,"",,,,"DomainResource.contained",0,*,"dom-2
dom-4dom-3dom-5","","N/A"
"RegulatedAuthorization.extension","RegulatedAuthorization.extension","","extensions
user content","",0,*,"","","","Extension {[]} {[]}
","Additional content defined by implementations","May be used to represent additional information that is not part of the basic definition of the resource. To make the use of extensions safe and managable, there is a strict set of governance applied to the definition and use of extensions. Though any implementer can define an extension, there is a set of requirements that SHALL be met as part of the definition of the extension.","There can be no stigma associated with the use of extensions by any application, project, or standard - regardless of the institution or jurisdiction that uses or defines the extensions.  The use of extensions is what allows the FHIR specification to retain a core level of simplicity for everyone.","","","","","","","","",,,,,"",,,,"DomainResource.extension",0,*,"","ele-1:All FHIR elements must have a @value or children {hasValue() or (children().count() > id.count())}
ext-1:Must have either extensions or value[x], not both {extension.exists() != value.exists()}","N/A"
"RegulatedAuthorization.modifierExtension","RegulatedAuthorization.modifierExtension","","extensions
user content","",0,*,"","Y","Y","Extension {[]} {[]}
","Extensions that cannot be ignored","May be used to represent additional information that is not part of the basic definition of the resource and that modifies the understanding of the element that contains it and/or the understanding of the containing element's descendants. Usually modifier elements provide negation or qualification. To make the use of extensions safe and managable, there is a strict set of governance applied to the definition and use of extensions. Though any implementer is allowed to define an extension, there is a set of requirements that SHALL be met as part of the definition of the extension. Applications processing a resource are required to check for modifier extensions.

Modifier extensions SHALL NOT change the meaning of any elements on Resource or DomainResource (including cannot change the meaning of modifierExtension itself).","There can be no stigma associated with the use of extensions by any application, project, or standard - regardless of the institution or jurisdiction that uses or defines the extensions.  The use of extensions is what allows the FHIR specification to retain a core level of simplicity for everyone.","Modifier extensions allow for extensions that *cannot* be safely ignored to be clearly distinguished from the vast majority of extensions which can be safely ignored.  This promotes interoperability by eliminating the need for implementers to prohibit the presence of extensions. For further information, see the [definition of modifier extensions](http://hl7.org/fhir/R5/extensibility.html#modifierExtension).","","","","","","","",,,,,"",,,,"DomainResource.modifierExtension",0,*,"","ele-1:All FHIR elements must have a @value or children {hasValue() or (children().count() > id.count())}
ext-1:Must have either extensions or value[x], not both {extension.exists() != value.exists()}","N/A"
"RegulatedAuthorization.identifier","RegulatedAuthorization.identifier","","","",1,*,"","","Y","Identifier {[]} {[]}
","Business identifier for the authorization, typically assigned by the authorizing body","Business identifier for the authorization, typically assigned by the authorizing body.","","","","","","","","","",,,,,"","value:system}
","Slice para identificadores específicos brasileiros",,"open","RegulatedAuthorization.identifier",0,*,"","ele-1:All FHIR elements must have a @value or children {hasValue() or (children().count() > id.count())}
","FiveWs.class","Marketing Authorization.Marketing Authorization Number"
"RegulatedAuthorization.identifier:registroANVISA","RegulatedAuthorization.identifier","registroANVISA","","",1,1,"Y","","Y","Identifier {[]} {[]}
","Número de Registro na ANVISA","Número de registro do produto na ANVISA (ex: 1.0000.0000)","","","","","","","","","",,,,,"",,,,"RegulatedAuthorization.identifier",0,*,"","ele-1:All FHIR elements must have a @value or children {hasValue() or (children().count() > id.count())}
","FiveWs.class","Marketing Authorization.Marketing Authorization Number"
"RegulatedAuthorization.identifier:registroANVISA.id","RegulatedAuthorization.identifier.id","","","",0,1,"","","","id {[]} {[]}
","Unique id for inter-element referencing","Unique id for the element within a resource (for internal references). This may be any string value that does not contain spaces.","","","","","","","","","",,,,,"",,,,"Element.id",0,1,"ele-1
","","n/a"
"RegulatedAuthorization.identifier:registroANVISA.extension","RegulatedAuthorization.identifier.extension","","extensions
user content","",0,*,"","","","Extension {[]} {[]}
","Additional content defined by implementations","May be used to represent additional information that is not part of the basic definition of the element. To make the use of extensions safe and managable, there is a strict set of governance applied to the definition and use of extensions. Though any implementer can define an extension, there is a set of requirements that SHALL be met as part of the definition of the extension.","There can be no stigma associated with the use of extensions by any application, project, or standard - regardless of the institution or jurisdiction that uses or defines the extensions.  The use of extensions is what allows the FHIR specification to retain a core level of simplicity for everyone.","","","","","","","","",,,,,"","value:url}
","Extensions are always sliced by (at least) url",,"open","Element.extension",0,*,"","ele-1:All FHIR elements must have a @value or children {hasValue() or (children().count() > id.count())}
ext-1:Must have either extensions or value[x], not both {extension.exists() != value.exists()}","n/a"
"RegulatedAuthorization.identifier:registroANVISA.use","RegulatedAuthorization.identifier.use","","","",0,1,"","Y","Y","code {[]} {[]}
","usual | official | temp | secondary | old (If known)","The purpose of this identifier.","Applications can assume that an identifier is permanent unless it explicitly says that it is temporary.","Allows the appropriate identifier for a particular context of use to be selected from among a set of identifiers.","","","","","","","",,"required","Identifies the purpose for this identifier, if known .","http://hl7.org/fhir/ValueSet/identifier-use|5.0.0","",,,,"Identifier.use",0,1,"","ele-1:All FHIR elements must have a @value or children {hasValue() or (children().count() > id.count())}
","Role.code or implied by context"
"RegulatedAuthorization.identifier:registroANVISA.type","RegulatedAuthorization.identifier.type","","","",0,1,"","","Y","CodeableConcept {[]} {[]}
","Description of identifier","A coded type for the identifier that can be used to determine which identifier to use for a specific purpose.","This element deals only with general categories of identifiers.  It SHOULD not be used for codes that correspond 1..1 with the Identifier.system. Some identifiers may fall into multiple categories due to common usage.   Where the system is known, a type is unnecessary because the type is always part of the system definition. However systems often need to handle identifiers where the system is not known. There is not a 1:1 relationship between type and system, since many different systems have the same type.","Allows users to make use of identifiers when the identifier system is not known.","","","","","","","",,"extensible","A coded type for an identifier that can be used to determine which identifier to use for a specific purpose.","http://hl7.org/fhir/ValueSet/identifier-type|5.0.0","",,,,"Identifier.type",0,1,"","ele-1:All FHIR elements must have a @value or children {hasValue() or (children().count() > id.count())}
","Role.code or implied by context"
"RegulatedAuthorization.identifier:registroANVISA.system","RegulatedAuthorization.identifier.system","","","",1,1,"","","Y","uri {[]} {[]}
","The namespace for the identifier value","Establishes the namespace for the value - that is, an absolute URL that describes a set values that are unique.","Identifier.system is always case sensitive.","There are many sets  of identifiers.  To perform matching of two identifiers, we need to know what set we're dealing with. The system identifies a particular set of unique identifiers.","","","<valueUri xmlns=""http://hl7.org/fhir"" value=""http://farmaco.maxapex.net/brig/fhir/NamingSystem/anvisa-registro""/>","","<valueUri xmlns=""http://hl7.org/fhir"" value=""http://www.acme.com/identifiers/patient""/>","","",,,,,"",,,,"Identifier.system",0,1,"","ele-1:All FHIR elements must have a @value or children {hasValue() or (children().count() > id.count())}
","II.root or Role.id.root"
"RegulatedAuthorization.identifier:registroANVISA.value","RegulatedAuthorization.identifier.value","","","",1,1,"Y","","Y","string {[]} {[]}
","The value that is unique","The portion of the identifier typically relevant to the user and which is unique within the context of the system.","If the value is a full URI, then the system SHALL be urn:ietf:rfc:3986.  The value's primary purpose is computational mapping.  As a result, it may be normalized for comparison purposes (e.g. removing non-significant whitespace, dashes, etc.)  A value formatted for human display can be conveyed using the [http://hl7.org/fhir/StructureDefinition/rendered-value](http://hl7.org/fhir/extensions/StructureDefinition-rendered-value.html)). Identifier.value is to be treated as case sensitive unless knowledge of the Identifier.system allows the processer to be confident that non-case-sensitive processing is safe.","","","","","","<valueString xmlns=""http://hl7.org/fhir"" value=""123456""/>","","",,,,,"",,,,"Identifier.value",0,1,"ident-1
","ele-1:All FHIR elements must have a @value or children {hasValue() or (children().count() > id.count())}
","II.extension or II.root if system indicates OID or GUID (Or Role.id.extension or root)"
"RegulatedAuthorization.identifier:registroANVISA.period","RegulatedAuthorization.identifier.period","","","",0,1,"","","Y","Period {[]} {[]}
","Time period when id is/was valid for use","Time period during which identifier is/was valid for use.","","","","","","","","","",,,,,"",,,,"Identifier.period",0,1,"","ele-1:All FHIR elements must have a @value or children {hasValue() or (children().count() > id.count())}
","Role.effectiveTime or implied by context"
"RegulatedAuthorization.identifier:registroANVISA.assigner","RegulatedAuthorization.identifier.assigner","","","",0,1,"","","Y","Reference {[]} {[CanonicalType[http://hl7.org/fhir/StructureDefinition/Organization|5.0.0]]}
","Organization that issued id (may be just text)","Organization that issued/manages the identifier.","The Identifier.assigner may omit the .reference element and only contain a .display element reflecting the name or other textual information about the assigning organization.","","","","","","","","",,,,,"",,,,"Identifier.assigner",0,1,"","ele-1:All FHIR elements must have a @value or children {hasValue() or (children().count() > id.count())}
","II.assigningAuthorityName but note that this is an improper use by the definition of the field.  Also Role.scoper"
"RegulatedAuthorization.identifier:numeroProcesso","RegulatedAuthorization.identifier","numeroProcesso","","",0,1,"Y","","Y","Identifier {[]} {[]}
","Número do Processo ANVISA","Número do processo administrativo na ANVISA","","","","","","","","","",,,,,"",,,,"RegulatedAuthorization.identifier",0,*,"","ele-1:All FHIR elements must have a @value or children {hasValue() or (children().count() > id.count())}
","FiveWs.class","Marketing Authorization.Marketing Authorization Number"
"RegulatedAuthorization.identifier:numeroProcesso.id","RegulatedAuthorization.identifier.id","","","",0,1,"","","","id {[]} {[]}
","Unique id for inter-element referencing","Unique id for the element within a resource (for internal references). This may be any string value that does not contain spaces.","","","","","","","","","",,,,,"",,,,"Element.id",0,1,"ele-1
","","n/a"
"RegulatedAuthorization.identifier:numeroProcesso.extension","RegulatedAuthorization.identifier.extension","","extensions
user content","",0,*,"","","","Extension {[]} {[]}
","Additional content defined by implementations","May be used to represent additional information that is not part of the basic definition of the element. To make the use of extensions safe and managable, there is a strict set of governance applied to the definition and use of extensions. Though any implementer can define an extension, there is a set of requirements that SHALL be met as part of the definition of the extension.","There can be no stigma associated with the use of extensions by any application, project, or standard - regardless of the institution or jurisdiction that uses or defines the extensions.  The use of extensions is what allows the FHIR specification to retain a core level of simplicity for everyone.","","","","","","","","",,,,,"","value:url}
","Extensions are always sliced by (at least) url",,"open","Element.extension",0,*,"","ele-1:All FHIR elements must have a @value or children {hasValue() or (children().count() > id.count())}
ext-1:Must have either extensions or value[x], not both {extension.exists() != value.exists()}","n/a"
"RegulatedAuthorization.identifier:numeroProcesso.use","RegulatedAuthorization.identifier.use","","","",0,1,"","Y","Y","code {[]} {[]}
","usual | official | temp | secondary | old (If known)","The purpose of this identifier.","Applications can assume that an identifier is permanent unless it explicitly says that it is temporary.","Allows the appropriate identifier for a particular context of use to be selected from among a set of identifiers.","","","","","","","",,"required","Identifies the purpose for this identifier, if known .","http://hl7.org/fhir/ValueSet/identifier-use|5.0.0","",,,,"Identifier.use",0,1,"","ele-1:All FHIR elements must have a @value or children {hasValue() or (children().count() > id.count())}
","Role.code or implied by context"
"RegulatedAuthorization.identifier:numeroProcesso.type","RegulatedAuthorization.identifier.type","","","",0,1,"","","Y","CodeableConcept {[]} {[]}
","Description of identifier","A coded type for the identifier that can be used to determine which identifier to use for a specific purpose.","This element deals only with general categories of identifiers.  It SHOULD not be used for codes that correspond 1..1 with the Identifier.system. Some identifiers may fall into multiple categories due to common usage.   Where the system is known, a type is unnecessary because the type is always part of the system definition. However systems often need to handle identifiers where the system is not known. There is not a 1:1 relationship between type and system, since many different systems have the same type.","Allows users to make use of identifiers when the identifier system is not known.","","","","","","","",,"extensible","A coded type for an identifier that can be used to determine which identifier to use for a specific purpose.","http://hl7.org/fhir/ValueSet/identifier-type|5.0.0","",,,,"Identifier.type",0,1,"","ele-1:All FHIR elements must have a @value or children {hasValue() or (children().count() > id.count())}
","Role.code or implied by context"
"RegulatedAuthorization.identifier:numeroProcesso.system","RegulatedAuthorization.identifier.system","","","",1,1,"","","Y","uri {[]} {[]}
","The namespace for the identifier value","Establishes the namespace for the value - that is, an absolute URL that describes a set values that are unique.","Identifier.system is always case sensitive.","There are many sets  of identifiers.  To perform matching of two identifiers, we need to know what set we're dealing with. The system identifies a particular set of unique identifiers.","","","<valueUri xmlns=""http://hl7.org/fhir"" value=""http://farmaco.maxapex.net/brig/fhir/NamingSystem/anvisa-processo""/>","","<valueUri xmlns=""http://hl7.org/fhir"" value=""http://www.acme.com/identifiers/patient""/>","","",,,,,"",,,,"Identifier.system",0,1,"","ele-1:All FHIR elements must have a @value or children {hasValue() or (children().count() > id.count())}
","II.root or Role.id.root"
"RegulatedAuthorization.identifier:numeroProcesso.value","RegulatedAuthorization.identifier.value","","","",1,1,"Y","","Y","string {[]} {[]}
","The value that is unique","The portion of the identifier typically relevant to the user and which is unique within the context of the system.","If the value is a full URI, then the system SHALL be urn:ietf:rfc:3986.  The value's primary purpose is computational mapping.  As a result, it may be normalized for comparison purposes (e.g. removing non-significant whitespace, dashes, etc.)  A value formatted for human display can be conveyed using the [http://hl7.org/fhir/StructureDefinition/rendered-value](http://hl7.org/fhir/extensions/StructureDefinition-rendered-value.html)). Identifier.value is to be treated as case sensitive unless knowledge of the Identifier.system allows the processer to be confident that non-case-sensitive processing is safe.","","","","","","<valueString xmlns=""http://hl7.org/fhir"" value=""123456""/>","","",,,,,"",,,,"Identifier.value",0,1,"ident-1
","ele-1:All FHIR elements must have a @value or children {hasValue() or (children().count() > id.count())}
","II.extension or II.root if system indicates OID or GUID (Or Role.id.extension or root)"
"RegulatedAuthorization.identifier:numeroProcesso.period","RegulatedAuthorization.identifier.period","","","",0,1,"","","Y","Period {[]} {[]}
","Time period when id is/was valid for use","Time period during which identifier is/was valid for use.","","","","","","","","","",,,,,"",,,,"Identifier.period",0,1,"","ele-1:All FHIR elements must have a @value or children {hasValue() or (children().count() > id.count())}
","Role.effectiveTime or implied by context"
"RegulatedAuthorization.identifier:numeroProcesso.assigner","RegulatedAuthorization.identifier.assigner","","","",0,1,"","","Y","Reference {[]} {[CanonicalType[http://hl7.org/fhir/StructureDefinition/Organization|5.0.0]]}
","Organization that issued id (may be just text)","Organization that issued/manages the identifier.","The Identifier.assigner may omit the .reference element and only contain a .display element reflecting the name or other textual information about the assigning organization.","","","","","","","","",,,,,"",,,,"Identifier.assigner",0,1,"","ele-1:All FHIR elements must have a @value or children {hasValue() or (children().count() > id.count())}
","II.assigningAuthorityName but note that this is an improper use by the definition of the field.  Also Role.scoper"
"RegulatedAuthorization.subject","RegulatedAuthorization.subject","","","",1,1,"Y","","Y","Reference {[]} {[CanonicalType[https://idmp-br.github.io/brig-idmp-brasil/StructureDefinition/medicinal-product-definition-br]]}
","Produto autorizado","Referência ao produto farmacêutico autorizado","","","","","","","","","",,,,,"",,,,"RegulatedAuthorization.subject",0,*,"","ele-1:All FHIR elements must have a @value or children {hasValue() or (children().count() > id.count())}
","(the link to Medicinal Product or Packaged Medicinal Product)"
"RegulatedAuthorization.type","RegulatedAuthorization.type","","","",0,1,"","","Y","CodeableConcept {[]} {[]}
","Tipo de autorização","Tipo de autorização regulatória (registro, renovação, etc.)","","","","","","","","","",,"example","","http://farmaco.maxapex.net/brig/fhir/ValueSet/regulated-authorization-type-br","",,,,"RegulatedAuthorization.type",0,1,"","ele-1:All FHIR elements must have a @value or children {hasValue() or (children().count() > id.count())}
","n/a"
"RegulatedAuthorization.description","RegulatedAuthorization.description","","","",0,1,"","","Y","markdown {[]} {[]}
","General textual supporting information","General textual supporting information.","","","","","","","","","",,,,,"",,,,"RegulatedAuthorization.description",0,1,"","ele-1:All FHIR elements must have a @value or children {hasValue() or (children().count() > id.count())}
","n/a"
"RegulatedAuthorization.region","RegulatedAuthorization.region","","","",0,*,"","","Y","CodeableConcept {[]} {[]}
","Região de validade","Região geográfica onde a autorização é válida","","","","","","","","","",,"example","","https://idmp-br.github.io/brig-idmp-brasil/ValueSet/jurisdiction-valueset","",,,,"RegulatedAuthorization.region",0,*,"","ele-1:All FHIR elements must have a @value or children {hasValue() or (children().count() > id.count())}
","Marketing Authorization.Country"
"RegulatedAuthorization.status","RegulatedAuthorization.status","","","",0,1,"","","Y","CodeableConcept {[]} {[]}
","Status da autorização","Status atual da autorização (ativo, inativo, etc.)","","","","","","","","","",,"preferred","","https://idmp-br.github.io/brig-idmp-brasil/ValueSet/publication-status","",,,,"RegulatedAuthorization.status",0,1,"","ele-1:All FHIR elements must have a @value or children {hasValue() or (children().count() > id.count())}
","Marketing Authorization.Authorization Status"
"RegulatedAuthorization.statusDate","RegulatedAuthorization.statusDate","","","",0,1,"Y","","Y","dateTime {[]} {[]}
","Data do status","Data em que o status atual foi estabelecido","","","","","","","","","",,,,,"",,,,"RegulatedAuthorization.statusDate",0,1,"","ele-1:All FHIR elements must have a @value or children {hasValue() or (children().count() > id.count())}
","Marketing Authorization.Authorization Status Date"
"RegulatedAuthorization.validityPeriod","RegulatedAuthorization.validityPeriod","","","",0,1,"Y","","Y","Period {[]} {[]}
","Período de validade","Período durante o qual a autorização é válida","","","","","","","","","",,,,,"",,,,"RegulatedAuthorization.validityPeriod",0,1,"","ele-1:All FHIR elements must have a @value or children {hasValue() or (children().count() > id.count())}
","Marketing Authorization.Validity Period Start, Marketing Authorization.Validity Period End"
"RegulatedAuthorization.validityPeriod.id","RegulatedAuthorization.validityPeriod.id","","","",0,1,"","","","id {[]} {[]}
","Unique id for inter-element referencing","Unique id for the element within a resource (for internal references). This may be any string value that does not contain spaces.","","","","","","","","","",,,,,"",,,,"Element.id",0,1,"ele-1
","","n/a"
"RegulatedAuthorization.validityPeriod.extension","RegulatedAuthorization.validityPeriod.extension","","extensions
user content","",0,*,"","","","Extension {[]} {[]}
","Additional content defined by implementations","May be used to represent additional information that is not part of the basic definition of the element. To make the use of extensions safe and managable, there is a strict set of governance applied to the definition and use of extensions. Though any implementer can define an extension, there is a set of requirements that SHALL be met as part of the definition of the extension.","There can be no stigma associated with the use of extensions by any application, project, or standard - regardless of the institution or jurisdiction that uses or defines the extensions.  The use of extensions is what allows the FHIR specification to retain a core level of simplicity for everyone.","","","","","","","","",,,,,"","value:url}
","Extensions are always sliced by (at least) url",,"open","Element.extension",0,*,"","ele-1:All FHIR elements must have a @value or children {hasValue() or (children().count() > id.count())}
ext-1:Must have either extensions or value[x], not both {extension.exists() != value.exists()}","n/a"
"RegulatedAuthorization.validityPeriod.start","RegulatedAuthorization.validityPeriod.start","","","",1,1,"Y","","Y","dateTime {[]} {[]}
","Data de início","Data de concessão/início da validade","If the low element is missing, the meaning is that the low boundary is not known.","","","","","","","","",,,,,"",,,,"Period.start",0,1,"per-1
","ele-1:All FHIR elements must have a @value or children {hasValue() or (children().count() > id.count())}
","./low"
"RegulatedAuthorization.validityPeriod.end","RegulatedAuthorization.validityPeriod.end","","","",0,1,"Y","","Y","dateTime {[]} {[]}
","Data de término","Data de expiração da autorização (se aplicável)","The end value includes any matching date/time. i.e. 2012-02-03T10:00:00 is in a period that has an end value of 2012-02-03.","","","If the end of the period is missing, it means that the period is ongoing","","","","","",,,,,"",,,,"Period.end",0,1,"per-1
","ele-1:All FHIR elements must have a @value or children {hasValue() or (children().count() > id.count())}
","./high"
"RegulatedAuthorization.indication","RegulatedAuthorization.indication","","","",0,*,"","","Y","CodeableReference {[]} {[CanonicalType[http://hl7.org/fhir/StructureDefinition/ClinicalUseDefinition|5.0.0]]}
","Indicação terapêutica aprovada","Indicação(ões) terapêutica(s) aprovada(s) para o produto","","","","","","","","","",,"example","","https://idmp-br.github.io/brig-idmp-brasil/ValueSet/therapeutic-indication-br","",,,,"RegulatedAuthorization.indication",0,*,"","ele-1:All FHIR elements must have a @value or children {hasValue() or (children().count() > id.count())}
","n/a"
"RegulatedAuthorization.intendedUse","RegulatedAuthorization.intendedUse","","","",0,1,"","","Y","CodeableConcept {[]} {[]}
","Uso pretendido do produto","Classificação do uso pretendido (prevenção, tratamento, etc.)","","","","","","","","","",,"preferred","The overall intended use of a product.","http://hl7.org/fhir/ValueSet/product-intended-use|5.0.0","",,,,"RegulatedAuthorization.intendedUse",0,1,"","ele-1:All FHIR elements must have a @value or children {hasValue() or (children().count() > id.count())}
","n/a"
"RegulatedAuthorization.basis","RegulatedAuthorization.basis","","","",0,*,"","","Y","CodeableConcept {[]} {[]}
","Base legal da autorização","Legislação e regulamentação aplicável","","","","","","","","","",,"example","","http://farmaco.maxapex.net/brig/fhir/ValueSet/legal-basis-anvisa-br","",,,,"RegulatedAuthorization.basis",0,*,"","ele-1:All FHIR elements must have a @value or children {hasValue() or (children().count() > id.count())}
","Marketing Authorization.Status Reasons.Legal Grounds"
"RegulatedAuthorization.holder","RegulatedAuthorization.holder","","","",1,1,"Y","","Y","Reference {[]} {[CanonicalType[http://hl7.org/fhir/StructureDefinition/Organization|5.0.0]]}
","Titular da autorização","Empresa detentora da autorização de comercialização","","","","","","","","","",,,,,"",,,,"RegulatedAuthorization.holder",0,1,"","ele-1:All FHIR elements must have a @value or children {hasValue() or (children().count() > id.count())}
","Marketing Authorization.Marketing Authorization Holder (Organisation)"
"RegulatedAuthorization.regulator","RegulatedAuthorization.regulator","","","",1,1,"Y","","Y","Reference {[]} {[CanonicalType[http://hl7.org/fhir/StructureDefinition/Organization|5.0.0]]}
","Autoridade reguladora","Agência reguladora que concedeu a autorização (ANVISA)","","","","","","","","","",,,,,"",,,,"RegulatedAuthorization.regulator",0,1,"","ele-1:All FHIR elements must have a @value or children {hasValue() or (children().count() > id.count())}
","Marketing Authorization.Medicines Regulatory Agency (Organisation)"
"RegulatedAuthorization.attachedDocument","RegulatedAuthorization.attachedDocument","","","",0,*,"","","Y","Reference {[]} {[CanonicalType[http://hl7.org/fhir/StructureDefinition/DocumentReference|5.0.0]]}
","Additional information or supporting documentation about the authorization","Additional information or supporting documentation about the authorization.","","","","","","","","","",,,,,"",,,,"RegulatedAuthorization.attachedDocument",0,*,"","ele-1:All FHIR elements must have a @value or children {hasValue() or (children().count() > id.count())}
","n/a"
"RegulatedAuthorization.case","RegulatedAuthorization.case","","","",0,1,"Y","","Y","BackboneElement {[]} {[]}
","Processo administrativo","Informações sobre o processo administrativo de autorização","","","","","","","","","",,,,,"",,,,"RegulatedAuthorization.case",0,1,"","ele-1:All FHIR elements must have a @value or children {hasValue() or (children().count() > id.count())}
","Marketing Authorization.Marketing Authorization Procedure, Marketing Authorization Procedure.Marketing Authorization Application"
"RegulatedAuthorization.case.id","RegulatedAuthorization.case.id","","","",0,1,"","","","string {[]} {[]}
","Unique id for inter-element referencing","Unique id for the element within a resource (for internal references). This may be any string value that does not contain spaces.","","","","","","","","","",,,,,"",,,,"Element.id",0,1,"ele-1
","","n/a"
"RegulatedAuthorization.case.extension","RegulatedAuthorization.case.extension","","extensions
user content","",0,*,"","","","Extension {[]} {[]}
","Additional content defined by implementations","May be used to represent additional information that is not part of the basic definition of the element. To make the use of extensions safe and managable, there is a strict set of governance applied to the definition and use of extensions. Though any implementer can define an extension, there is a set of requirements that SHALL be met as part of the definition of the extension.","There can be no stigma associated with the use of extensions by any application, project, or standard - regardless of the institution or jurisdiction that uses or defines the extensions.  The use of extensions is what allows the FHIR specification to retain a core level of simplicity for everyone.","","","","","","","","",,,,,"",,,,"Element.extension",0,*,"","ele-1:All FHIR elements must have a @value or children {hasValue() or (children().count() > id.count())}
ext-1:Must have either extensions or value[x], not both {extension.exists() != value.exists()}","n/a"
"RegulatedAuthorization.case.modifierExtension","RegulatedAuthorization.case.modifierExtension","","extensions
user contentmodifiers","",0,*,"","Y","Y","Extension {[]} {[]}
","Extensions that cannot be ignored even if unrecognized","May be used to represent additional information that is not part of the basic definition of the element and that modifies the understanding of the element in which it is contained and/or the understanding of the containing element's descendants. Usually modifier elements provide negation or qualification. To make the use of extensions safe and managable, there is a strict set of governance applied to the definition and use of extensions. Though any implementer can define an extension, there is a set of requirements that SHALL be met as part of the definition of the extension. Applications processing a resource are required to check for modifier extensions.

Modifier extensions SHALL NOT change the meaning of any elements on Resource or DomainResource (including cannot change the meaning of modifierExtension itself).","There can be no stigma associated with the use of extensions by any application, project, or standard - regardless of the institution or jurisdiction that uses or defines the extensions.  The use of extensions is what allows the FHIR specification to retain a core level of simplicity for everyone.","Modifier extensions allow for extensions that *cannot* be safely ignored to be clearly distinguished from the vast majority of extensions which can be safely ignored.  This promotes interoperability by eliminating the need for implementers to prohibit the presence of extensions. For further information, see the [definition of modifier extensions](http://hl7.org/fhir/R5/extensibility.html#modifierExtension).","","","","","","","",,,,,"",,,,"BackboneElement.modifierExtension",0,*,"","ele-1:All FHIR elements must have a @value or children {hasValue() or (children().count() > id.count())}
ext-1:Must have either extensions or value[x], not both {extension.exists() != value.exists()}","N/A"
"RegulatedAuthorization.case.identifier","RegulatedAuthorization.case.identifier","","","",0,1,"Y","","Y","Identifier {[]} {[]}
","Identificador do processo","Identifier by which this case can be referenced.","","","","","","","","","",,,,,"",,,,"RegulatedAuthorization.case.identifier",0,1,"","ele-1:All FHIR elements must have a @value or children {hasValue() or (children().count() > id.count())}
","Marketing Authorization Procedure.Procedure Identifier / Number, Marketing Authorization Application.Application Identifier / Number"
"RegulatedAuthorization.case.type","RegulatedAuthorization.case.type","","","",0,1,"","","Y","CodeableConcept {[]} {[]}
","Tipo de processo","Tipo do processo (autorização inicial, renovação, variação, etc.)","","","","","","","","","",,"example","","https://idmp-br.github.io/brig-idmp-brasil/ValueSet/authorization-case-type-vs","",,,,"RegulatedAuthorization.case.type",0,1,"","ele-1:All FHIR elements must have a @value or children {hasValue() or (children().count() > id.count())}
","Marketing Authorization Procedure.Procedure Type, Marketing Authorization Application.Application Type"
"RegulatedAuthorization.case.status","RegulatedAuthorization.case.status","","","",0,1,"","","Y","CodeableConcept {[]} {[]}
","Status do processo","The status associated with the case.","","","","","","","","","",,"preferred","","https://idmp-br.github.io/brig-idmp-brasil/ValueSet/publication-status","",,,,"RegulatedAuthorization.case.status",0,1,"","ele-1:All FHIR elements must have a @value or children {hasValue() or (children().count() > id.count())}
","n/a"
"RegulatedAuthorization.case.date[x]","RegulatedAuthorization.case.date[x]","","","",0,1,"","","Y","Period {[]} {[]}
dateTime {[]} {[]}","Relevant date for this case","Relevant date for this case.","","","","","","","","","",,,,,"","type:$this}
","",,"open","RegulatedAuthorization.case.date[x]",0,1,"","ele-1:All FHIR elements must have a @value or children {hasValue() or (children().count() > id.count())}
","Marketing Authorization Procedure.Procedure Date Start, Marketing Authorization Procedure.Procedure Date End, Marketing Authorization Application.Application Date"
"RegulatedAuthorization.case.date[x]:dateDateTime","RegulatedAuthorization.case.date[x]","dateDateTime","","",0,1,"Y","","Y","dateTime {[]} {[]}
","Data do processo","Data de abertura ou decisão do processo","","","","","","","","","",,,,,"",,,,"RegulatedAuthorization.case.date[x]",0,1,"","ele-1:All FHIR elements must have a @value or children {hasValue() or (children().count() > id.count())}
","Marketing Authorization Procedure.Procedure Date Start, Marketing Authorization Procedure.Procedure Date End, Marketing Authorization Application.Application Date"
"RegulatedAuthorization.case.application","RegulatedAuthorization.case.application","","","",0,*,"","","Y","null {[]} {[]}
","Applications submitted to obtain a regulated authorization. Steps within the longer running case or procedure","A regulatory submission from an organization to a regulator, as part of an assessing case. Multiple applications may occur over time, with more or different information to support or modify the submission or the authorization. The applications can be considered as steps within the longer running case or procedure for this authorization process.","","","","","","","","","",,,,,"",,,,"RegulatedAuthorization.case.application",0,*,"","ele-1:All FHIR elements must have a @value or children {hasValue() or (children().count() > id.count())}
","Marketing Authorization.Marketing Authorization Application"
