"Id","Path","Slice Name","Alias(s)","Label","Min","Max","Must Support?","Is Modifier?","Is Summary?","Type(s)","Short","Definition","Comments","Requirements","Default Value","Meaning When Missing","Fixed Value","Pattern","Example","Minimum Value","Maximum Value","Maximum Length","Binding Strength","Binding Description","Binding Value Set","Code","Slicing Discriminator","Slicing Description","Slicing Ordered","Slicing Rules","Base Path","Base Min","Base Max","Condition(s)","Constraint(s)","Mapping: FiveWs Pattern Mapping","Mapping: IDMP Mapping","Mapping: RIM Mapping"
"AdministrableProductDefinition","AdministrableProductDefinition","","Pharmaceutical Product
","",0,*,"","","","null {[]} {[]}
","A medicinal product in the final form, suitable for administration - after any mixing of multiple components","A medicinal product in the final form which is suitable for administering to a patient (after any mixing of multiple components, dissolution etc. has been performed).","","","","","","","","","",,,,,"",,,,"AdministrableProductDefinition",0,*,"","apd-1:RouteOfAdministration cannot be used when the 'formOf' product already uses MedicinalProductDefinition.route (and vice versa) {AdministrableProductDefinition.formOf.resolve().route.empty()}
dom-2:If the resource is contained in another resource, it SHALL NOT contain nested Resources {contained.contained.empty()}dom-3:If the resource is contained in another resource, it SHALL be referred to from elsewhere in the resource or SHALL refer to the containing resource {contained.where((('#'+id in (%resource.descendants().reference | %resource.descendants().ofType(canonical) | %resource.descendants().ofType(uri) | %resource.descendants().ofType(url))) or descendants().where(reference = '#').exists() or descendants().where(ofType(canonical) = '#').exists() or descendants().where(ofType(canonical) = '#').exists()).not()).trace('unmatched', id).empty()}dom-4:If a resource is contained in another resource, it SHALL NOT have a meta.versionId or a meta.lastUpdated {contained.meta.versionId.empty() and contained.meta.lastUpdated.empty()}dom-5:If a resource is contained in another resource, it SHALL NOT have a security label {contained.meta.security.empty()}dom-6:A resource should have narrative for robust management {text.`div`.exists()}apd-br-1:Se targetSpecies está presente, o produto deve ter domain = 'Veterinary' ou 'HumanAndVeterinary' no MedicinalProductDefinition relacionado {routeOfAdministration.targetSpecies.exists() implies true}","administrative.medication","Pharmaceutical Product","Entity, Role, or Act"
"AdministrableProductDefinition.id","AdministrableProductDefinition.id","","","",0,1,"","","Y","id {[]} {[]}
","Logical id of this artifact","The logical id of the resource, as used in the URL for the resource. Once assigned, this value never changes.","Within the context of the FHIR RESTful interactions, the resource has an id except for cases like the create and conditional update. Otherwise, the use of the resouce id depends on the given use case.","","","","","","","","",,,,,"",,,,"Resource.id",0,1,"",""
"AdministrableProductDefinition.meta","AdministrableProductDefinition.meta","","","",0,1,"","","Y","Meta {[]} {[]}
","Metadata about the resource","The metadata about the resource. This is content that is maintained by the infrastructure. Changes to the content might not always be associated with version changes to the resource.","","","","","","","","","",,,,,"",,,,"Resource.meta",0,1,"","ele-1:All FHIR elements must have a @value or children {hasValue() or (children().count() > id.count())}
"
"AdministrableProductDefinition.implicitRules","AdministrableProductDefinition.implicitRules","","","",0,1,"","Y","Y","uri {[]} {[]}
","A set of rules under which this content was created","A reference to a set of rules that were followed when the resource was constructed, and which must be understood when processing the content. Often, this is a reference to an implementation guide that defines the special rules along with other profiles etc.","Asserting this rule set restricts the content to be only understood by a limited set of trading partners. This inherently limits the usefulness of the data in the long term. However, the existing health eco-system is highly fractured, and not yet ready to define, collect, and exchange data in a generally computable sense. Wherever possible, implementers and/or specification writers should avoid using this element. Often, when used, the URL is a reference to an implementation guide that defines these special rules as part of its narrative along with other profiles, value sets, etc.","","","","","","","","",,,,,"",,,,"Resource.implicitRules",0,1,"","ele-1:All FHIR elements must have a @value or children {hasValue() or (children().count() > id.count())}
"
"AdministrableProductDefinition.language","AdministrableProductDefinition.language","","","",0,1,"","","","code {[]} {[]}
","Language of the resource content","The base language in which the resource is written.","Language is provided to support indexing and accessibility (typically, services such as text to speech use the language tag). The html language tag in the narrative applies  to the narrative. The language tag on the resource may be used to specify the language of other presentations generated from the data in the resource. Not all the content has to be in the base language. The Resource.language should not be assumed to apply to the narrative automatically. If a language is specified, it should it also be specified on the div element in the html (see rules in HTML5 for information about the relationship between xml:lang and the html lang attribute).","","","","","","","","",,"required","IETF language tag for a human language","http://hl7.org/fhir/ValueSet/all-languages|5.0.0","",,,,"Resource.language",0,1,"","ele-1:All FHIR elements must have a @value or children {hasValue() or (children().count() > id.count())}
"
"AdministrableProductDefinition.text","AdministrableProductDefinition.text","","narrative
htmlxhtmldisplay","",0,1,"","","","Narrative {[]} {[]}
","Text summary of the resource, for human interpretation","A human-readable narrative that contains a summary of the resource and can be used to represent the content of the resource to a human. The narrative need not encode all the structured data, but is required to contain sufficient detail to make it ""clinically safe"" for a human to just read the narrative. Resource definitions may define what content should be represented in the narrative to ensure clinical safety.","Contained resources do not have a narrative. Resources that are not contained SHOULD have a narrative. In some cases, a resource may only have text with little or no additional discrete data (as long as all minOccurs=1 elements are satisfied).  This may be necessary for data from legacy systems where information is captured as a ""text blob"" or where text is additionally entered raw or narrated and encoded information is added later.","","","","","","","","",,,,,"",,,,"DomainResource.text",0,1,"dom-6
","ele-1:All FHIR elements must have a @value or children {hasValue() or (children().count() > id.count())}
","Act.text?"
"AdministrableProductDefinition.contained","AdministrableProductDefinition.contained","","inline resources
anonymous resourcescontained resources","",0,*,"","","","Resource {[]} {[]}
","Contained, inline Resources","These resources do not have an independent existence apart from the resource that contains them - they cannot be identified independently, nor can they have their own independent transaction scope. This is allowed to be a Parameters resource if and only if it is referenced by a resource that provides context/meaning.","This should never be done when the content can be identified properly, as once identification is lost, it is extremely difficult (and context dependent) to restore it again. Contained resources may have profiles and tags in their meta elements, but SHALL NOT have security labels.","","","","","","","","",,,,,"",,,,"DomainResource.contained",0,*,"dom-2
dom-4dom-3dom-5","","N/A"
"AdministrableProductDefinition.extension","AdministrableProductDefinition.extension","","extensions
user content","",0,*,"","","","Extension {[]} {[]}
","Additional content defined by implementations","May be used to represent additional information that is not part of the basic definition of the resource. To make the use of extensions safe and managable, there is a strict set of governance applied to the definition and use of extensions. Though any implementer can define an extension, there is a set of requirements that SHALL be met as part of the definition of the extension.","There can be no stigma associated with the use of extensions by any application, project, or standard - regardless of the institution or jurisdiction that uses or defines the extensions.  The use of extensions is what allows the FHIR specification to retain a core level of simplicity for everyone.","","","","","","","","",,,,,"",,,,"DomainResource.extension",0,*,"","ele-1:All FHIR elements must have a @value or children {hasValue() or (children().count() > id.count())}
ext-1:Must have either extensions or value[x], not both {extension.exists() != value.exists()}","N/A"
"AdministrableProductDefinition.modifierExtension","AdministrableProductDefinition.modifierExtension","","extensions
user content","",0,*,"","Y","Y","Extension {[]} {[]}
","Extensions that cannot be ignored","May be used to represent additional information that is not part of the basic definition of the resource and that modifies the understanding of the element that contains it and/or the understanding of the containing element's descendants. Usually modifier elements provide negation or qualification. To make the use of extensions safe and managable, there is a strict set of governance applied to the definition and use of extensions. Though any implementer is allowed to define an extension, there is a set of requirements that SHALL be met as part of the definition of the extension. Applications processing a resource are required to check for modifier extensions.

Modifier extensions SHALL NOT change the meaning of any elements on Resource or DomainResource (including cannot change the meaning of modifierExtension itself).","There can be no stigma associated with the use of extensions by any application, project, or standard - regardless of the institution or jurisdiction that uses or defines the extensions.  The use of extensions is what allows the FHIR specification to retain a core level of simplicity for everyone.","Modifier extensions allow for extensions that *cannot* be safely ignored to be clearly distinguished from the vast majority of extensions which can be safely ignored.  This promotes interoperability by eliminating the need for implementers to prohibit the presence of extensions. For further information, see the [definition of modifier extensions](http://hl7.org/fhir/R5/extensibility.html#modifierExtension).","","","","","","","",,,,,"",,,,"DomainResource.modifierExtension",0,*,"","ele-1:All FHIR elements must have a @value or children {hasValue() or (children().count() > id.count())}
ext-1:Must have either extensions or value[x], not both {extension.exists() != value.exists()}","N/A"
"AdministrableProductDefinition.identifier","AdministrableProductDefinition.identifier","","","",0,*,"Y","","Y","Identifier {[]} {[]}
","Identificadores do produto administrável","Identificadores únicos do produto na forma administrável","","","","","","","","","",,,,,"",,,,"AdministrableProductDefinition.identifier",0,*,"","ele-1:All FHIR elements must have a @value or children {hasValue() or (children().count() > id.count())}
","FiveWs.class","PhPID"
"AdministrableProductDefinition.status","AdministrableProductDefinition.status","","","",1,1,"Y","Y","Y","code {[]} {[]}
","Status do ciclo de vida","Status do ciclo de vida deste produto administrável (draft | active | retired | unknown). Campo OBRIGATÓRIO.","Este é um campo REQUIRED conforme FHIR R5. Deve sempre ser preenchido.","","","","","","","","",,"required","","https://idmp-br.github.io/brig-idmp-brasil/ValueSet/publication-status","",,,,"AdministrableProductDefinition.status",1,1,"","ele-1:All FHIR elements must have a @value or children {hasValue() or (children().count() > id.count())}
","n/a"
"AdministrableProductDefinition.formOf","AdministrableProductDefinition.formOf","","","",0,*,"","","Y","Reference {[]} {[CanonicalType[http://hl7.org/fhir/StructureDefinition/MedicinalProductDefinition|5.0.0]]}
","References a product from which one or more of the constituent parts of that product can be prepared and used as described by this administrable product","References a product from which one or more of the constituent parts of that product can be prepared and used as described by this administrable product.  If this administrable product describes the administration of a crushed tablet, the 'formOf' would be the product representing a distribution containing tablets and possibly also a cream.  This is distinct from the 'producedFrom' which refers to the specific components of the product that are used in this preparation, rather than the product as a whole.","","","","","","","","","",,,,,"",,,,"AdministrableProductDefinition.formOf",0,*,"apd-1
","ele-1:All FHIR elements must have a @value or children {hasValue() or (children().count() > id.count())}
","(link to Medicinal Product)"
"AdministrableProductDefinition.administrableDoseForm","AdministrableProductDefinition.administrableDoseForm","","","",1,1,"Y","","Y","CodeableConcept {[]} {[]}
","Forma farmacêutica administrável","Forma farmacêutica final que será administrada ao paciente (EDQM Standard Terms)","Usa códigos EDQM, padrão internacional ISO 11615 (IDMP). Exemplos: solução injetável, comprimido, cápsula","","","","","","","","",,"example","","https://idmp-br.github.io/brig-idmp-brasil/ValueSet/administrable-dose-form","",,,,"AdministrableProductDefinition.administrableDoseForm",0,1,"","ele-1:All FHIR elements must have a @value or children {hasValue() or (children().count() > id.count())}
","Pharmaceutical Product.Administrable Dose Form"
"AdministrableProductDefinition.unitOfPresentation","AdministrableProductDefinition.unitOfPresentation","","","",0,1,"Y","","Y","CodeableConcept {[]} {[]}
","Unidade de apresentação","Unidade na qual o produto é apresentado (UCUM)","Usa códigos UCUM. Exemplos: comprimido, cápsula, frasco, ampola, aplicação","","","","","","","","",,"example","","https://idmp-br.github.io/brig-idmp-brasil/ValueSet/presentation-unit","",,,,"AdministrableProductDefinition.unitOfPresentation",0,1,"","ele-1:All FHIR elements must have a @value or children {hasValue() or (children().count() > id.count())}
","Pharmaceutical Product.Unit of Presentation"
"AdministrableProductDefinition.producedFrom","AdministrableProductDefinition.producedFrom","","","",0,*,"","","Y","Reference {[]} {[CanonicalType[http://hl7.org/fhir/StructureDefinition/ManufacturedItemDefinition|5.0.0]]}
","Indicates the specific manufactured items that are part of the 'formOf' product that are used in the preparation of this specific administrable form","Indicates the specific manufactured items that are part of the 'formOf' product that are used in the preparation of this specific administrable form.  In some cases, an administrable form might use all of the items from the overall product (or there might only be one item), while in other cases, an administrable form might use only a subset of the items available in the overall product.  For example, an administrable form might involve combining a liquid and a powder available as part of an overall product, but not involve applying the also supplied cream.","","","","","","","","","",,,,,"",,,,"AdministrableProductDefinition.producedFrom",0,*,"","ele-1:All FHIR elements must have a @value or children {hasValue() or (children().count() > id.count())}
","n/a (this is the link from Pharmaceutical Product to the Manufactured Item(s))"
"AdministrableProductDefinition.ingredient","AdministrableProductDefinition.ingredient","","","",0,*,"","","Y","CodeableConcept {[]} {[]}
","Ingredientes do produto","Substâncias/ingredientes contidos no produto administrável (MedDRA ou ATC)","Alternativa ao SNOMED CT Substance Codes. Usa MedDRA + ATC + códigos ANVISA","","","","","","","","",,"example","","https://idmp-br.github.io/brig-idmp-brasil/ValueSet/substance-code-meddra","",,,,"AdministrableProductDefinition.ingredient",0,*,"","ele-1:All FHIR elements must have a @value or children {hasValue() or (children().count() > id.count())}
","Pharmaceutical Product.Ingredient (see also FHIR Ingredient resource)"
"AdministrableProductDefinition.device","AdministrableProductDefinition.device","","","",0,1,"","","Y","Reference {[]} {[CanonicalType[http://hl7.org/fhir/StructureDefinition/DeviceDefinition|5.0.0]]}
","A device that is integral to the medicinal product, in effect being considered as an ""ingredient"" of the medicinal product","A device that is integral to the medicinal product, in effect being considered as an ""ingredient"" of the medicinal product. This is not intended for devices that are just co-packaged.","","","","","","","","","",,,,,"",,,,"AdministrableProductDefinition.device",0,1,"","ele-1:All FHIR elements must have a @value or children {hasValue() or (children().count() > id.count())}
","Pharmaceutical Product.Device"
"AdministrableProductDefinition.description","AdministrableProductDefinition.description","","","",0,1,"","","","markdown {[]} {[]}
","A general description of the product, when in its final form, suitable for administration e.g. effervescent blue liquid, to be swallowed","A general description of the product, when in its final form, suitable for administration e.g. effervescent blue liquid, to be swallowed. Intended to be used when the other structured properties of this resource are insufficient or cannot be supported. It is not intended to duplicate information already carried elswehere.","","","","","","","","","",,,,,"",,,,"AdministrableProductDefinition.description",0,1,"","ele-1:All FHIR elements must have a @value or children {hasValue() or (children().count() > id.count())}
","n/a"
"AdministrableProductDefinition.property","AdministrableProductDefinition.property","","","",0,*,"","","Y","BackboneElement {[]} {[]}
","Characteristics e.g. a product's onset of action","Characteristics e.g. a product's onset of action.","","","","","","","","","",,,,,"",,,,"AdministrableProductDefinition.property",0,*,"","ele-1:All FHIR elements must have a @value or children {hasValue() or (children().count() > id.count())}
","Pharmaceutical Product Characteristics"
"AdministrableProductDefinition.property.id","AdministrableProductDefinition.property.id","","","",0,1,"","","","string {[]} {[]}
","Unique id for inter-element referencing","Unique id for the element within a resource (for internal references). This may be any string value that does not contain spaces.","","","","","","","","","",,,,,"",,,,"Element.id",0,1,"ele-1
","","n/a"
"AdministrableProductDefinition.property.extension","AdministrableProductDefinition.property.extension","","extensions
user content","",0,*,"","","","Extension {[]} {[]}
","Additional content defined by implementations","May be used to represent additional information that is not part of the basic definition of the element. To make the use of extensions safe and managable, there is a strict set of governance applied to the definition and use of extensions. Though any implementer can define an extension, there is a set of requirements that SHALL be met as part of the definition of the extension.","There can be no stigma associated with the use of extensions by any application, project, or standard - regardless of the institution or jurisdiction that uses or defines the extensions.  The use of extensions is what allows the FHIR specification to retain a core level of simplicity for everyone.","","","","","","","","",,,,,"",,,,"Element.extension",0,*,"","ele-1:All FHIR elements must have a @value or children {hasValue() or (children().count() > id.count())}
ext-1:Must have either extensions or value[x], not both {extension.exists() != value.exists()}","n/a"
"AdministrableProductDefinition.property.modifierExtension","AdministrableProductDefinition.property.modifierExtension","","extensions
user contentmodifiers","",0,*,"","Y","Y","Extension {[]} {[]}
","Extensions that cannot be ignored even if unrecognized","May be used to represent additional information that is not part of the basic definition of the element and that modifies the understanding of the element in which it is contained and/or the understanding of the containing element's descendants. Usually modifier elements provide negation or qualification. To make the use of extensions safe and managable, there is a strict set of governance applied to the definition and use of extensions. Though any implementer can define an extension, there is a set of requirements that SHALL be met as part of the definition of the extension. Applications processing a resource are required to check for modifier extensions.

Modifier extensions SHALL NOT change the meaning of any elements on Resource or DomainResource (including cannot change the meaning of modifierExtension itself).","There can be no stigma associated with the use of extensions by any application, project, or standard - regardless of the institution or jurisdiction that uses or defines the extensions.  The use of extensions is what allows the FHIR specification to retain a core level of simplicity for everyone.","Modifier extensions allow for extensions that *cannot* be safely ignored to be clearly distinguished from the vast majority of extensions which can be safely ignored.  This promotes interoperability by eliminating the need for implementers to prohibit the presence of extensions. For further information, see the [definition of modifier extensions](http://hl7.org/fhir/R5/extensibility.html#modifierExtension).","","","","","","","",,,,,"",,,,"BackboneElement.modifierExtension",0,*,"","ele-1:All FHIR elements must have a @value or children {hasValue() or (children().count() > id.count())}
ext-1:Must have either extensions or value[x], not both {extension.exists() != value.exists()}","N/A"
"AdministrableProductDefinition.property.type","AdministrableProductDefinition.property.type","","","",1,1,"","","Y","CodeableConcept {[]} {[]}
","Tipo de propriedade/característica","Tipo de propriedade ou característica do produto (cor, pH, osmolaridade, etc.)","CodeSystem brasileiro como alternativa ao SNOMED CT Observable Entity","","","","","","","","",,"example","","https://idmp-br.github.io/brig-idmp-brasil/ValueSet/product-characteristic-vs","",,,,"AdministrableProductDefinition.property.type",1,1,"","ele-1:All FHIR elements must have a @value or children {hasValue() or (children().count() > id.count())}
","Pharmaceutical Product Characteristics.Code System (not a one to one map, the resource is more capable)"
"AdministrableProductDefinition.property.value[x]","AdministrableProductDefinition.property.value[x]","","","",0,1,"","","Y","CodeableConcept {[]} {[]}
Quantity {[]} {[]}date {[]} {[]}boolean {[]} {[]}markdown {[]} {[]}Attachment {[]} {[]}Reference {[]} {[CanonicalType[http://hl7.org/fhir/StructureDefinition/Binary|5.0.0]]}","A value for the characteristic","A value for the characteristic.","","","","","","","","","",,,,,"",,,,"AdministrableProductDefinition.property.value[x]",0,1,"","ele-1:All FHIR elements must have a @value or children {hasValue() or (children().count() > id.count())}
","Pharmaceutical Product Characteristics.Value (not a one to one map, the resource is more capable)"
"AdministrableProductDefinition.property.status","AdministrableProductDefinition.property.status","","","",0,1,"","","Y","CodeableConcept {[]} {[]}
","Status da propriedade","Status da propriedade/característica (draft | active | retired | unknown)","Campo REQUIRED. Indica se a propriedade está ativa ou foi retirada","","","","","","","","",,"required","","https://idmp-br.github.io/brig-idmp-brasil/ValueSet/publication-status","",,,,"AdministrableProductDefinition.property.status",0,1,"","ele-1:All FHIR elements must have a @value or children {hasValue() or (children().count() > id.count())}
","Pharmaceutical Product Characteristics.Status"
"AdministrableProductDefinition.routeOfAdministration","AdministrableProductDefinition.routeOfAdministration","","","",1,*,"Y","","Y","BackboneElement {[]} {[]}
","Via(s) de administração","Uma ou mais vias pelas quais o produto pode ser administrado","","","","","","","","","",,,,,"",,,,"AdministrableProductDefinition.routeOfAdministration",1,*,"","ele-1:All FHIR elements must have a @value or children {hasValue() or (children().count() > id.count())}
","Pharmaceutical Product.Route of Administration"
"AdministrableProductDefinition.routeOfAdministration.id","AdministrableProductDefinition.routeOfAdministration.id","","","",0,1,"","","","string {[]} {[]}
","Unique id for inter-element referencing","Unique id for the element within a resource (for internal references). This may be any string value that does not contain spaces.","","","","","","","","","",,,,,"",,,,"Element.id",0,1,"ele-1
","","n/a"
"AdministrableProductDefinition.routeOfAdministration.extension","AdministrableProductDefinition.routeOfAdministration.extension","","extensions
user content","",0,*,"","","","Extension {[]} {[]}
","Additional content defined by implementations","May be used to represent additional information that is not part of the basic definition of the element. To make the use of extensions safe and managable, there is a strict set of governance applied to the definition and use of extensions. Though any implementer can define an extension, there is a set of requirements that SHALL be met as part of the definition of the extension.","There can be no stigma associated with the use of extensions by any application, project, or standard - regardless of the institution or jurisdiction that uses or defines the extensions.  The use of extensions is what allows the FHIR specification to retain a core level of simplicity for everyone.","","","","","","","","",,,,,"",,,,"Element.extension",0,*,"","ele-1:All FHIR elements must have a @value or children {hasValue() or (children().count() > id.count())}
ext-1:Must have either extensions or value[x], not both {extension.exists() != value.exists()}","n/a"
"AdministrableProductDefinition.routeOfAdministration.modifierExtension","AdministrableProductDefinition.routeOfAdministration.modifierExtension","","extensions
user contentmodifiers","",0,*,"","Y","Y","Extension {[]} {[]}
","Extensions that cannot be ignored even if unrecognized","May be used to represent additional information that is not part of the basic definition of the element and that modifies the understanding of the element in which it is contained and/or the understanding of the containing element's descendants. Usually modifier elements provide negation or qualification. To make the use of extensions safe and managable, there is a strict set of governance applied to the definition and use of extensions. Though any implementer can define an extension, there is a set of requirements that SHALL be met as part of the definition of the extension. Applications processing a resource are required to check for modifier extensions.

Modifier extensions SHALL NOT change the meaning of any elements on Resource or DomainResource (including cannot change the meaning of modifierExtension itself).","There can be no stigma associated with the use of extensions by any application, project, or standard - regardless of the institution or jurisdiction that uses or defines the extensions.  The use of extensions is what allows the FHIR specification to retain a core level of simplicity for everyone.","Modifier extensions allow for extensions that *cannot* be safely ignored to be clearly distinguished from the vast majority of extensions which can be safely ignored.  This promotes interoperability by eliminating the need for implementers to prohibit the presence of extensions. For further information, see the [definition of modifier extensions](http://hl7.org/fhir/R5/extensibility.html#modifierExtension).","","","","","","","",,,,,"",,,,"BackboneElement.modifierExtension",0,*,"","ele-1:All FHIR elements must have a @value or children {hasValue() or (children().count() > id.count())}
ext-1:Must have either extensions or value[x], not both {extension.exists() != value.exists()}","N/A"
"AdministrableProductDefinition.routeOfAdministration.code","AdministrableProductDefinition.routeOfAdministration.code","","","",1,1,"Y","","Y","CodeableConcept {[]} {[]}
","Via de administração","Via pela qual o produto é administrado (EDQM ou MedDRA)","ValueSet híbrido EDQM + MedDRA como alternativa ao SNOMED CT Route Codes","","","","","","","","",,"example","","https://idmp-br.github.io/brig-idmp-brasil/ValueSet/route-administration-hybrid","",,,,"AdministrableProductDefinition.routeOfAdministration.code",1,1,"","ele-1:All FHIR elements must have a @value or children {hasValue() or (children().count() > id.count())}
","Route of Administration.Route of Administration"
"AdministrableProductDefinition.routeOfAdministration.firstDose","AdministrableProductDefinition.routeOfAdministration.firstDose","","","",0,1,"","","Y","Quantity {[]} {[]}
","The first dose (dose quantity) administered can be specified for the product","The first dose (dose quantity) administered can be specified for the product, using a numerical value and its unit of measurement.","","","","","","","","","",,,,,"",,,,"AdministrableProductDefinition.routeOfAdministration.firstDose",0,1,"","ele-1:All FHIR elements must have a @value or children {hasValue() or (children().count() > id.count())}
","Dosing and Route of Administration.First dose in humans (Investigational Medicinal Product)"
"AdministrableProductDefinition.routeOfAdministration.maxSingleDose","AdministrableProductDefinition.routeOfAdministration.maxSingleDose","","","",0,1,"","","Y","Quantity {[]} {[]}
","The maximum single dose that can be administered","The maximum single dose that can be administered, specified using a numerical value and its unit of measurement.","","","","","","","","","",,,,,"",,,,"AdministrableProductDefinition.routeOfAdministration.maxSingleDose",0,1,"","ele-1:All FHIR elements must have a @value or children {hasValue() or (children().count() > id.count())}
","Dosing and Route of Administration.Maximum single dose (Investigational Medicinal Product)"
"AdministrableProductDefinition.routeOfAdministration.maxDosePerDay","AdministrableProductDefinition.routeOfAdministration.maxDosePerDay","","","",0,1,"","","Y","Quantity {[]} {[]}
","The maximum dose quantity to be administered in any one 24-h period","The maximum dose per day (maximum dose quantity to be administered in any one 24-h period) that can be administered.","","","","","","","","","",,,,,"",,,,"AdministrableProductDefinition.routeOfAdministration.maxDosePerDay",0,1,"","ele-1:All FHIR elements must have a @value or children {hasValue() or (children().count() > id.count())}
","Dosing and Route of Administration.Maximum dose per day (Investigational Medicinal Product)"
"AdministrableProductDefinition.routeOfAdministration.maxDosePerTreatmentPeriod","AdministrableProductDefinition.routeOfAdministration.maxDosePerTreatmentPeriod","","","",0,1,"","","Y","Ratio {[]} {[]}
","The maximum dose per treatment period that can be administered","The maximum dose per treatment period that can be administered.","","","","","","","","","",,,,,"",,,,"AdministrableProductDefinition.routeOfAdministration.maxDosePerTreatmentPeriod",0,1,"","ele-1:All FHIR elements must have a @value or children {hasValue() or (children().count() > id.count())}
","Dosing and Route of Administration.Maximum dose per treatment period (Investigational Medicinal Product)"
"AdministrableProductDefinition.routeOfAdministration.maxTreatmentPeriod","AdministrableProductDefinition.routeOfAdministration.maxTreatmentPeriod","","","",0,1,"","","Y","Duration {[]} {[]}
","The maximum treatment period during which the product can be administered","The maximum treatment period during which the product can be administered.","","","","","","","","","",,,,,"",,,,"AdministrableProductDefinition.routeOfAdministration.maxTreatmentPeriod",0,1,"","ele-1:All FHIR elements must have a @value or children {hasValue() or (children().count() > id.count())}
","Dosing and Route of Administration.Maximum treatment period (Investigational Medicinal Product)"
"AdministrableProductDefinition.routeOfAdministration.targetSpecies","AdministrableProductDefinition.routeOfAdministration.targetSpecies","","","",0,*,"","","Y","BackboneElement {[]} {[]}
","Espécies-alvo (veterinário)","Espécies animais alvo para produtos veterinários","","","","","","","","","",,,,,"",,,,"AdministrableProductDefinition.routeOfAdministration.targetSpecies",0,*,"","ele-1:All FHIR elements must have a @value or children {hasValue() or (children().count() > id.count())}
","n/a"
"AdministrableProductDefinition.routeOfAdministration.targetSpecies.id","AdministrableProductDefinition.routeOfAdministration.targetSpecies.id","","","",0,1,"","","","string {[]} {[]}
","Unique id for inter-element referencing","Unique id for the element within a resource (for internal references). This may be any string value that does not contain spaces.","","","","","","","","","",,,,,"",,,,"Element.id",0,1,"ele-1
","","n/a"
"AdministrableProductDefinition.routeOfAdministration.targetSpecies.extension","AdministrableProductDefinition.routeOfAdministration.targetSpecies.extension","","extensions
user content","",0,*,"","","","Extension {[]} {[]}
","Additional content defined by implementations","May be used to represent additional information that is not part of the basic definition of the element. To make the use of extensions safe and managable, there is a strict set of governance applied to the definition and use of extensions. Though any implementer can define an extension, there is a set of requirements that SHALL be met as part of the definition of the extension.","There can be no stigma associated with the use of extensions by any application, project, or standard - regardless of the institution or jurisdiction that uses or defines the extensions.  The use of extensions is what allows the FHIR specification to retain a core level of simplicity for everyone.","","","","","","","","",,,,,"",,,,"Element.extension",0,*,"","ele-1:All FHIR elements must have a @value or children {hasValue() or (children().count() > id.count())}
ext-1:Must have either extensions or value[x], not both {extension.exists() != value.exists()}","n/a"
"AdministrableProductDefinition.routeOfAdministration.targetSpecies.modifierExtension","AdministrableProductDefinition.routeOfAdministration.targetSpecies.modifierExtension","","extensions
user contentmodifiers","",0,*,"","Y","Y","Extension {[]} {[]}
","Extensions that cannot be ignored even if unrecognized","May be used to represent additional information that is not part of the basic definition of the element and that modifies the understanding of the element in which it is contained and/or the understanding of the containing element's descendants. Usually modifier elements provide negation or qualification. To make the use of extensions safe and managable, there is a strict set of governance applied to the definition and use of extensions. Though any implementer can define an extension, there is a set of requirements that SHALL be met as part of the definition of the extension. Applications processing a resource are required to check for modifier extensions.

Modifier extensions SHALL NOT change the meaning of any elements on Resource or DomainResource (including cannot change the meaning of modifierExtension itself).","There can be no stigma associated with the use of extensions by any application, project, or standard - regardless of the institution or jurisdiction that uses or defines the extensions.  The use of extensions is what allows the FHIR specification to retain a core level of simplicity for everyone.","Modifier extensions allow for extensions that *cannot* be safely ignored to be clearly distinguished from the vast majority of extensions which can be safely ignored.  This promotes interoperability by eliminating the need for implementers to prohibit the presence of extensions. For further information, see the [definition of modifier extensions](http://hl7.org/fhir/R5/extensibility.html#modifierExtension).","","","","","","","",,,,,"",,,,"BackboneElement.modifierExtension",0,*,"","ele-1:All FHIR elements must have a @value or children {hasValue() or (children().count() > id.count())}
ext-1:Must have either extensions or value[x], not both {extension.exists() != value.exists()}","N/A"
"AdministrableProductDefinition.routeOfAdministration.targetSpecies.code","AdministrableProductDefinition.routeOfAdministration.targetSpecies.code","","","",1,1,"","","Y","CodeableConcept {[]} {[]}
","Espécie animal alvo","Espécie animal para a qual o produto veterinário é destinado","Aplicável apenas para produtos veterinários. Exemplos: bovino, suíno, canino, felino","","","","","","","","",,"example","","https://idmp-br.github.io/brig-idmp-brasil/ValueSet/target-species-vs","",,,,"AdministrableProductDefinition.routeOfAdministration.targetSpecies.code",1,1,"","ele-1:All FHIR elements must have a @value or children {hasValue() or (children().count() > id.count())}
","n/a"
"AdministrableProductDefinition.routeOfAdministration.targetSpecies.withdrawalPeriod","AdministrableProductDefinition.routeOfAdministration.targetSpecies.withdrawalPeriod","","","",0,*,"","","Y","BackboneElement {[]} {[]}
","A species specific time during which consumption of animal product is not appropriate","A species specific time during which consumption of animal product is not appropriate.","","","","","","","","","",,,,,"",,,,"AdministrableProductDefinition.routeOfAdministration.targetSpecies.withdrawalPeriod",0,*,"","ele-1:All FHIR elements must have a @value or children {hasValue() or (children().count() > id.count())}
","n/a"
"AdministrableProductDefinition.routeOfAdministration.targetSpecies.withdrawalPeriod.id","AdministrableProductDefinition.routeOfAdministration.targetSpecies.withdrawalPeriod.id","","","",0,1,"","","","string {[]} {[]}
","Unique id for inter-element referencing","Unique id for the element within a resource (for internal references). This may be any string value that does not contain spaces.","","","","","","","","","",,,,,"",,,,"Element.id",0,1,"ele-1
","","n/a"
"AdministrableProductDefinition.routeOfAdministration.targetSpecies.withdrawalPeriod.extension","AdministrableProductDefinition.routeOfAdministration.targetSpecies.withdrawalPeriod.extension","","extensions
user content","",0,*,"","","","Extension {[]} {[]}
","Additional content defined by implementations","May be used to represent additional information that is not part of the basic definition of the element. To make the use of extensions safe and managable, there is a strict set of governance applied to the definition and use of extensions. Though any implementer can define an extension, there is a set of requirements that SHALL be met as part of the definition of the extension.","There can be no stigma associated with the use of extensions by any application, project, or standard - regardless of the institution or jurisdiction that uses or defines the extensions.  The use of extensions is what allows the FHIR specification to retain a core level of simplicity for everyone.","","","","","","","","",,,,,"",,,,"Element.extension",0,*,"","ele-1:All FHIR elements must have a @value or children {hasValue() or (children().count() > id.count())}
ext-1:Must have either extensions or value[x], not both {extension.exists() != value.exists()}","n/a"
"AdministrableProductDefinition.routeOfAdministration.targetSpecies.withdrawalPeriod.modifierExtension","AdministrableProductDefinition.routeOfAdministration.targetSpecies.withdrawalPeriod.modifierExtension","","extensions
user contentmodifiers","",0,*,"","Y","Y","Extension {[]} {[]}
","Extensions that cannot be ignored even if unrecognized","May be used to represent additional information that is not part of the basic definition of the element and that modifies the understanding of the element in which it is contained and/or the understanding of the containing element's descendants. Usually modifier elements provide negation or qualification. To make the use of extensions safe and managable, there is a strict set of governance applied to the definition and use of extensions. Though any implementer can define an extension, there is a set of requirements that SHALL be met as part of the definition of the extension. Applications processing a resource are required to check for modifier extensions.

Modifier extensions SHALL NOT change the meaning of any elements on Resource or DomainResource (including cannot change the meaning of modifierExtension itself).","There can be no stigma associated with the use of extensions by any application, project, or standard - regardless of the institution or jurisdiction that uses or defines the extensions.  The use of extensions is what allows the FHIR specification to retain a core level of simplicity for everyone.","Modifier extensions allow for extensions that *cannot* be safely ignored to be clearly distinguished from the vast majority of extensions which can be safely ignored.  This promotes interoperability by eliminating the need for implementers to prohibit the presence of extensions. For further information, see the [definition of modifier extensions](http://hl7.org/fhir/R5/extensibility.html#modifierExtension).","","","","","","","",,,,,"",,,,"BackboneElement.modifierExtension",0,*,"","ele-1:All FHIR elements must have a @value or children {hasValue() or (children().count() > id.count())}
ext-1:Must have either extensions or value[x], not both {extension.exists() != value.exists()}","N/A"
"AdministrableProductDefinition.routeOfAdministration.targetSpecies.withdrawalPeriod.tissue","AdministrableProductDefinition.routeOfAdministration.targetSpecies.withdrawalPeriod.tissue","","","",1,1,"","","Y","CodeableConcept {[]} {[]}
","Tipo de tecido animal","Tipo de tecido animal para o qual o período de carência é especificado","Aplicável para produtos veterinários em animais de produção. Exemplos: carne, leite, ovos, fígado","","","","","","","","",,"example","","https://idmp-br.github.io/brig-idmp-brasil/ValueSet/animal-tissue-type-vs","",,,,"AdministrableProductDefinition.routeOfAdministration.targetSpecies.withdrawalPeriod.tissue",1,1,"","ele-1:All FHIR elements must have a @value or children {hasValue() or (children().count() > id.count())}
","n/a"
"AdministrableProductDefinition.routeOfAdministration.targetSpecies.withdrawalPeriod.value","AdministrableProductDefinition.routeOfAdministration.targetSpecies.withdrawalPeriod.value","","","",1,1,"","","Y","Quantity {[]} {[]}
","A value for the time","A value for the time.","","","","","","","","","",,,,,"",,,,"AdministrableProductDefinition.routeOfAdministration.targetSpecies.withdrawalPeriod.value",1,1,"","ele-1:All FHIR elements must have a @value or children {hasValue() or (children().count() > id.count())}
","n/a"
"AdministrableProductDefinition.routeOfAdministration.targetSpecies.withdrawalPeriod.supportingInformation","AdministrableProductDefinition.routeOfAdministration.targetSpecies.withdrawalPeriod.supportingInformation","","","",0,1,"","","Y","string {[]} {[]}
","Extra information about the withdrawal period","Extra information about the withdrawal period.","","","","","","","","","",,,,,"",,,,"AdministrableProductDefinition.routeOfAdministration.targetSpecies.withdrawalPeriod.supportingInformation",0,1,"","ele-1:All FHIR elements must have a @value or children {hasValue() or (children().count() > id.count())}
","n/a"
