<?xml version="1.0" encoding="UTF-8"?>

<Organization xmlns="http://hl7.org/fhir">
  <id value="multinacional-pharma-brasil"/>
  <meta>
    <profile value="https://idmp-br.github.io/brig-idmp-brasil/StructureDefinition/Organization-anvisa-simple"/>
  </meta>
  <text>
    <status value="generated"/><div xmlns="http://www.w3.org/1999/xhtml"><p class="res-header-id"><b>Narrativa gerada: Organization multinacional-pharma-brasil</b></p><a name="multinacional-pharma-brasil"> </a><a name="hcmultinacional-pharma-brasil"> </a><div style="display: inline-block; background-color: #d9e0e7; padding: 6px; margin: 4px; border: 1px solid #8da1b4; border-radius: 5px; line-height: 60%"><p style="margin-bottom: 0px"/><p style="margin-bottom: 0px">Perfil: <a href="StructureDefinition-Organization-anvisa-simple.html">Organização ANVISA - Brasil (Simplificado)</a></p></div><p><b>identifier</b>: <code>https://saude.gov.br/fhir/sid/cnpj</code>/98.765.432/0001-10, <code>http://anvisa.gov.br/afe</code>/AFE987654321</p><p><b>active</b>: true</p><p><b>type</b>: <span title="Códigos:{http://terminology.hl7.org/CodeSystem/organization-type prov}">Healthcare Provider</span></p><p><b>name</b>: Multinacional Pharma Brasil</p></div>
  </text>
  <identifier>
    <system value="https://saude.gov.br/fhir/sid/cnpj"/>
    <value value="98.765.432/0001-10"/>
  </identifier>
  <identifier>
    <system value="http://anvisa.gov.br/afe"/>
    <value value="AFE987654321"/>
  </identifier>
  <active value="true"/>
  <type>
    <coding>
      <system value="http://terminology.hl7.org/CodeSystem/organization-type"/>
      <code value="prov"/>
    </coding>
  </type>
  <name value="Multinacional Pharma Brasil"/>
</Organization>