<?xml version="1.0" encoding="UTF-8"?><CodeSystem xmlns="http://hl7.org/fhir"><id value="medicinal-product-type-br"/><text><status value="generated"/><div xmlns="http://www.w3.org/1999/xhtml"><p class="res-header-id"><b>Narrativa gerada: CodeSystem medicinal-product-type-br</b></p><a name="medicinal-product-type-br"> </a><a name="hcmedicinal-product-type-br"> </a><p>Este case-sensitive sistema de código <code>http://farmaco.maxapex.net/brig/fhir/CodeSystem/medicinal-product-type-br</code> define o seguinte códigos:</p><table class="codes"><tr><td style="white-space:nowrap"><b>Código</b></td><td><b>Ecrã</b></td><td><b>Definição</b></td></tr><tr><td style="white-space:nowrap">medicamento<a name="medicinal-product-type-br-medicamento"> </a></td><td>Medicamento</td><td>Produto farmacêutico tecnicamente obtido ou elaborado, com finalidade profilática, curativa, paliativa ou para fins de diagnóstico</td></tr><tr><td style="white-space:nowrap">vacina<a name="medicinal-product-type-br-vacina"> </a></td><td>Vacina</td><td>Preparação que contém agente imunizante com a finalidade de produzir imunidade ativa específica</td></tr><tr><td style="white-space:nowrap">soro<a name="medicinal-product-type-br-soro"> </a></td><td>Soro</td><td>Preparação que contém imunoglobulinas específicas com finalidade profilática ou terapêutica</td></tr><tr><td style="white-space:nowrap">hemoderivado<a name="medicinal-product-type-br-hemoderivado"> </a></td><td>Hemoderivado</td><td>Produto obtido a partir do sangue humano para uso terapêutico</td></tr><tr><td style="white-space:nowrap">radioativo<a name="medicinal-product-type-br-radioativo"> </a></td><td>Radiofármaco</td><td>Preparação farmacêutica que contém um ou mais radionuclídeos</td></tr><tr><td style="white-space:nowrap">biologico<a name="medicinal-product-type-br-biologico"> </a></td><td>Produto Biológico</td><td>Produto obtido de fluidos ou tecidos de origem biológica</td></tr><tr><td style="white-space:nowrap">fitoterápico<a name="medicinal-product-type-br-fitoter.225pico"> </a></td><td>Fitoterápico</td><td>Medicamento obtido empregando-se exclusivamente matérias-primas ativas vegetais</td></tr><tr><td style="white-space:nowrap">homeopatico<a name="medicinal-product-type-br-homeopatico"> </a></td><td>Homeopático</td><td>Medicamento preparado segundo as normas e princípios da arte farmacêutica homeopática</td></tr><tr><td style="white-space:nowrap">dinamizado<a name="medicinal-product-type-br-dinamizado"> </a></td><td>Medicamento Dinamizado</td><td>Medicamento preparado a partir de insumo ativo ou inerte dinamizado segundo técnica especial</td></tr><tr><td style="white-space:nowrap">antroposófico<a name="medicinal-product-type-br-antropos.243fico"> </a></td><td>Medicamento Antroposófico</td><td>Medicamento obtido empregando matérias-primas de acordo com a farmacotécnica antroposófica</td></tr></table></div></text><extension url="http://hl7.org/fhir/StructureDefinition/structuredefinition-standards-status"><valueCode value="informative"><extension url="http://hl7.org/fhir/StructureDefinition/structuredefinition-conformance-derivedFrom"><valueCanonical value="http://farmaco.maxapex.net/brig/fhir/ImplementationGuide/brig.idmp.brazil"/></extension></valueCode></extension><url value="http://farmaco.maxapex.net/brig/fhir/CodeSystem/medicinal-product-type-br"/><version value="0.0.2"/><name value="MedicinalProductTypeBR"/><title value="Tipos de Produto Medicinal - Brasil"/><status value="draft"/><experimental value="true"/><date value="2025-08-02"/><publisher value="Eugênio Neves"/><contact><name value="Eugênio Neves"/><telecom><system value="url"/><value value="https://farmaco.maxapex.net"/></telecom><telecom><system value="email"/><value value="eugenio@farmaco.io"/></telecom></contact><contact><name value="Eugênio Neves"/><telecom><system value="email"/><value value="eugenio@farmaco.io"/></telecom><telecom><system value="url"/><value value="https://farmaco.maxapex.net/brig/fhir"/></telecom></contact><description value="Sistema de códigos para tipos de produtos medicinais no contexto brasileiro"/><jurisdiction><coding><system value="urn:iso:std:iso:3166"/><code value="BR"/></coding></jurisdiction><copyright value="Copyright © 2025 Farmaco.io. Este trabalho está licenciado sob a MIT License. FHIR® é marca registrada da HL7 International, usada com permissão."/><caseSensitive value="true"/><content value="complete"/><count value="10"/><concept><code value="medicamento"/><display value="Medicamento"/><definition value="Produto farmacêutico tecnicamente obtido ou elaborado, com finalidade profilática, curativa, paliativa ou para fins de diagnóstico"/><designation><use><system value="http://terminology.hl7.org/CodeSystem/designation-usage"/><code value="display"/></use><value value="Medicamento"/></designation></concept><concept><code value="vacina"/><display value="Vacina"/><definition value="Preparação que contém agente imunizante com a finalidade de produzir imunidade ativa específica"/><designation><use><system value="http://terminology.hl7.org/CodeSystem/designation-usage"/><code value="display"/></use><value value="Vacina"/></designation></concept><concept><code value="soro"/><display value="Soro"/><definition value="Preparação que contém imunoglobulinas específicas com finalidade profilática ou terapêutica"/><designation><use><system value="http://terminology.hl7.org/CodeSystem/designation-usage"/><code value="display"/></use><value value="Soro"/></designation></concept><concept><code value="hemoderivado"/><display value="Hemoderivado"/><definition value="Produto obtido a partir do sangue humano para uso terapêutico"/><designation><use><system value="http://terminology.hl7.org/CodeSystem/designation-usage"/><code value="display"/></use><value value="Hemoderivado"/></designation></concept><concept><code value="radioativo"/><display value="Radiofármaco"/><definition value="Preparação farmacêutica que contém um ou mais radionuclídeos"/><designation><use><system value="http://terminology.hl7.org/CodeSystem/designation-usage"/><code value="display"/></use><value value="Radiofármaco"/></designation></concept><concept><code value="biologico"/><display value="Produto Biológico"/><definition value="Produto obtido de fluidos ou tecidos de origem biológica"/><designation><use><system value="http://terminology.hl7.org/CodeSystem/designation-usage"/><code value="display"/></use><value value="Produto Biológico"/></designation></concept><concept><code value="fitoterápico"/><display value="Fitoterápico"/><definition value="Medicamento obtido empregando-se exclusivamente matérias-primas ativas vegetais"/><designation><use><system value="http://terminology.hl7.org/CodeSystem/designation-usage"/><code value="display"/></use><value value="Fitoterápico"/></designation></concept><concept><code value="homeopatico"/><display value="Homeopático"/><definition value="Medicamento preparado segundo as normas e princípios da arte farmacêutica homeopática"/><designation><use><system value="http://terminology.hl7.org/CodeSystem/designation-usage"/><code value="display"/></use><value value="Homeopático"/></designation></concept><concept><code value="dinamizado"/><display value="Medicamento Dinamizado"/><definition value="Medicamento preparado a partir de insumo ativo ou inerte dinamizado segundo técnica especial"/><designation><use><system value="http://terminology.hl7.org/CodeSystem/designation-usage"/><code value="display"/></use><value value="Medicamento Dinamizado"/></designation></concept><concept><code value="antroposófico"/><display value="Medicamento Antroposófico"/><definition value="Medicamento obtido empregando matérias-primas de acordo com a farmacotécnica antroposófica"/><designation><use><system value="http://terminology.hl7.org/CodeSystem/designation-usage"/><code value="display"/></use><value value="Medicamento Antroposófico"/></designation></concept></CodeSystem>