<?xml version="1.0" encoding="UTF-8"?><CodeSystem xmlns="http://hl7.org/fhir"><id value="organization-anvisa-status-br"/><text><status value="generated"/><div xmlns="http://www.w3.org/1999/xhtml"><p class="res-header-id"><b>Narrativa gerada: CodeSystem organization-anvisa-status-br</b></p><a name="organization-anvisa-status-br"> </a><a name="hcorganization-anvisa-status-br"> </a><p>Este case-sensitive sistema de código <code>http://farmaco.maxapex.net/brig/fhir/CodeSystem/organization-anvisa-status-br</code> define o seguinte códigos:</p><table class="codes"><tr><td style="white-space:nowrap"><b>Código</b></td><td><b>Ecrã</b></td><td><b>Definição</b></td></tr><tr><td style="white-space:nowrap">active<a name="organization-anvisa-status-br-active"> </a></td><td>Ativa</td><td>Organização com licenças ativas junto à ANVISA</td></tr><tr><td style="white-space:nowrap">suspended<a name="organization-anvisa-status-br-suspended"> </a></td><td>Suspensa</td><td>Organização com atividades temporariamente suspensas</td></tr><tr><td style="white-space:nowrap">cancelled<a name="organization-anvisa-status-br-cancelled"> </a></td><td>Cancelada</td><td>Licenças canceladas pela ANVISA</td></tr><tr><td style="white-space:nowrap">expired<a name="organization-anvisa-status-br-expired"> </a></td><td>Vencida</td><td>Licenças vencidas e não renovadas</td></tr><tr><td style="white-space:nowrap">under-review<a name="organization-anvisa-status-br-under-review"> </a></td><td>Em Análise</td><td>Processos em análise pela ANVISA</td></tr><tr><td style="white-space:nowrap">pending-renewal<a name="organization-anvisa-status-br-pending-renewal"> </a></td><td>Renovação Pendente</td><td>Aguardando renovação de licenças</td></tr><tr><td style="white-space:nowrap">restricted<a name="organization-anvisa-status-br-restricted"> </a></td><td>Restrita</td><td>Operação com restrições impostas pela ANVISA</td></tr></table></div></text><extension url="http://hl7.org/fhir/StructureDefinition/structuredefinition-standards-status"><valueCode value="informative"><extension url="http://hl7.org/fhir/StructureDefinition/structuredefinition-conformance-derivedFrom"><valueCanonical value="http://farmaco.maxapex.net/brig/fhir/ImplementationGuide/brig.idmp.brazil"/></extension></valueCode></extension><url value="http://farmaco.maxapex.net/brig/fhir/CodeSystem/organization-anvisa-status-br"/><version value="0.0.2"/><name value="OrganizationANVISAStatusBR"/><title value="Status ANVISA da Organização - Brasil"/><status value="draft"/><experimental value="true"/><date value="2025-08-02"/><publisher value="Eugênio Neves"/><contact><name value="Eugênio Neves"/><telecom><system value="url"/><value value="https://farmaco.maxapex.net"/></telecom><telecom><system value="email"/><value value="eugenio@farmaco.io"/></telecom></contact><contact><name value="Eugênio Neves"/><telecom><system value="email"/><value value="eugenio@farmaco.io"/></telecom><telecom><system value="url"/><value value="https://farmaco.maxapex.net/brig/fhir"/></telecom></contact><description value="Sistema de códigos para status da organização junto à ANVISA"/><jurisdiction><coding><system value="urn:iso:std:iso:3166"/><code value="BR"/></coding></jurisdiction><copyright value="Copyright © 2025 Farmaco.io. Este trabalho está licenciado sob a MIT License. FHIR® é marca registrada da HL7 International, usada com permissão."/><caseSensitive value="true"/><content value="complete"/><count value="7"/><concept><code value="active"/><display value="Ativa"/><definition value="Organização com licenças ativas junto à ANVISA"/><designation><use><system value="http://terminology.hl7.org/CodeSystem/designation-usage"/><code value="display"/></use><value value="Ativa"/></designation></concept><concept><code value="suspended"/><display value="Suspensa"/><definition value="Organização com atividades temporariamente suspensas"/><designation><use><system value="http://terminology.hl7.org/CodeSystem/designation-usage"/><code value="display"/></use><value value="Suspensa"/></designation></concept><concept><code value="cancelled"/><display value="Cancelada"/><definition value="Licenças canceladas pela ANVISA"/><designation><use><system value="http://terminology.hl7.org/CodeSystem/designation-usage"/><code value="display"/></use><value value="Cancelada"/></designation></concept><concept><code value="expired"/><display value="Vencida"/><definition value="Licenças vencidas e não renovadas"/><designation><use><system value="http://terminology.hl7.org/CodeSystem/designation-usage"/><code value="display"/></use><value value="Vencida"/></designation></concept><concept><code value="under-review"/><display value="Em Análise"/><definition value="Processos em análise pela ANVISA"/><designation><use><system value="http://terminology.hl7.org/CodeSystem/designation-usage"/><code value="display"/></use><value value="Em Análise"/></designation></concept><concept><code value="pending-renewal"/><display value="Renovação Pendente"/><definition value="Aguardando renovação de licenças"/><designation><use><system value="http://terminology.hl7.org/CodeSystem/designation-usage"/><code value="display"/></use><value value="Renovação Pendente"/></designation></concept><concept><code value="restricted"/><display value="Restrita"/><definition value="Operação com restrições impostas pela ANVISA"/><designation><use><system value="http://terminology.hl7.org/CodeSystem/designation-usage"/><code value="display"/></use><value value="Restrita"/></designation></concept></CodeSystem>