<?xml version="1.0" encoding="UTF-8"?><CodeSystem xmlns="http://hl7.org/fhir"><id value="organization-contact-purpose-br"/><text><status value="generated"/><div xmlns="http://www.w3.org/1999/xhtml"><p class="res-header-id"><b>Narrativa gerada: CodeSystem organization-contact-purpose-br</b></p><a name="organization-contact-purpose-br"> </a><a name="hcorganization-contact-purpose-br"> </a><p>Este case-sensitive sistema de código <code>http://farmaco.maxapex.net/brig/fhir/CodeSystem/organization-contact-purpose-br</code> define o seguinte códigos:</p><table class="codes"><tr><td style="white-space:nowrap"><b>Código</b></td><td><b>Ecrã</b></td><td><b>Definição</b></td></tr><tr><td style="white-space:nowrap">regulatory-affairs<a name="organization-contact-purpose-br-regulatory-affairs"> </a></td><td>Assuntos Regulatórios</td><td>Responsável por questões regulatórias e relacionamento com ANVISA</td></tr><tr><td style="white-space:nowrap">technical-responsible<a name="organization-contact-purpose-br-technical-responsible"> </a></td><td>Responsável Técnico</td><td>Responsável técnico conforme exigência legal</td></tr><tr><td style="white-space:nowrap">pharmacovigilance<a name="organization-contact-purpose-br-pharmacovigilance"> </a></td><td>Farmacovigilância</td><td>Responsável por farmacovigilância e monitoramento pós-comercialização</td></tr><tr><td style="white-space:nowrap">quality-assurance<a name="organization-contact-purpose-br-quality-assurance"> </a></td><td>Garantia de Qualidade</td><td>Responsável pela garantia de qualidade</td></tr><tr><td style="white-space:nowrap">operations<a name="organization-contact-purpose-br-operations"> </a></td><td>Operações</td><td>Responsável por operações e produção</td></tr><tr><td style="white-space:nowrap">logistics<a name="organization-contact-purpose-br-logistics"> </a></td><td>Logística</td><td>Responsável por logística e distribuição</td></tr><tr><td style="white-space:nowrap">procurement<a name="organization-contact-purpose-br-procurement"> </a></td><td>Compras</td><td>Responsável por aquisições e suprimentos</td></tr><tr><td style="white-space:nowrap">sales<a name="organization-contact-purpose-br-sales"> </a></td><td>Vendas</td><td>Responsável por vendas e comercialização</td></tr><tr><td style="white-space:nowrap">legal<a name="organization-contact-purpose-br-legal"> </a></td><td>Jurídico</td><td>Responsável por questões jurídicas</td></tr><tr><td style="white-space:nowrap">finance<a name="organization-contact-purpose-br-finance"> </a></td><td>Financeiro</td><td>Responsável por questões financeiras</td></tr><tr><td style="white-space:nowrap">hr<a name="organization-contact-purpose-br-hr"> </a></td><td>Recursos Humanos</td><td>Responsável por recursos humanos</td></tr><tr><td style="white-space:nowrap">administration<a name="organization-contact-purpose-br-administration"> </a></td><td>Administração</td><td>Contato administrativo geral</td></tr><tr><td style="white-space:nowrap">clinical-research<a name="organization-contact-purpose-br-clinical-research"> </a></td><td>Pesquisa Clínica</td><td>Responsável por pesquisa clínica</td></tr><tr><td style="white-space:nowrap">medical-affairs<a name="organization-contact-purpose-br-medical-affairs"> </a></td><td>Assuntos Médicos</td><td>Responsável por assuntos médicos e científicos</td></tr><tr><td style="white-space:nowrap">biostatistics<a name="organization-contact-purpose-br-biostatistics"> </a></td><td>Bioestatística</td><td>Responsável por análises bioestatísticas</td></tr><tr><td style="white-space:nowrap">data-management<a name="organization-contact-purpose-br-data-management"> </a></td><td>Gestão de Dados</td><td>Responsável por gestão de dados clínicos</td></tr><tr><td style="white-space:nowrap">emergency<a name="organization-contact-purpose-br-emergency"> </a></td><td>Emergência</td><td>Contato de emergência 24h</td></tr><tr><td style="white-space:nowrap">safety<a name="organization-contact-purpose-br-safety"> </a></td><td>Segurança</td><td>Responsável por segurança e eventos adversos</td></tr><tr><td style="white-space:nowrap">recall<a name="organization-contact-purpose-br-recall"> </a></td><td>Recolhimento</td><td>Responsável por recall e recolhimento de produtos</td></tr><tr><td style="white-space:nowrap">media<a name="organization-contact-purpose-br-media"> </a></td><td>Mídia</td><td>Responsável por comunicação com mídia</td></tr><tr><td style="white-space:nowrap">public-relations<a name="organization-contact-purpose-br-public-relations"> </a></td><td>Relações Públicas</td><td>Responsável por relações públicas</td></tr><tr><td style="white-space:nowrap">customer-service<a name="organization-contact-purpose-br-customer-service"> </a></td><td>Atendimento ao Cliente</td><td>Atendimento ao cliente/consumidor</td></tr><tr><td style="white-space:nowrap">it-support<a name="organization-contact-purpose-br-it-support"> </a></td><td>Suporte de TI</td><td>Suporte técnico de sistemas de informação</td></tr><tr><td style="white-space:nowrap">edi<a name="organization-contact-purpose-br-edi"> </a></td><td>EDI</td><td>Responsável por intercâmbio eletrônico de dados</td></tr><tr><td style="white-space:nowrap">api-integration<a name="organization-contact-purpose-br-api-integration"> </a></td><td>Integração API</td><td>Responsável por integrações de API</td></tr></table></div></text><extension url="http://hl7.org/fhir/StructureDefinition/structuredefinition-standards-status"><valueCode value="informative"><extension url="http://hl7.org/fhir/StructureDefinition/structuredefinition-conformance-derivedFrom"><valueCanonical value="http://farmaco.maxapex.net/brig/fhir/ImplementationGuide/brig.idmp.brazil"/></extension></valueCode></extension><url value="http://farmaco.maxapex.net/brig/fhir/CodeSystem/organization-contact-purpose-br"/><version value="0.0.2"/><name value="OrganizationContactPurposeBR"/><title value="Finalidades de Contato Organizacional - Brasil"/><status value="draft"/><experimental value="true"/><date value="2025-08-02"/><publisher value="Eugênio Neves"/><contact><name value="Eugênio Neves"/><telecom><system value="url"/><value value="https://farmaco.maxapex.net"/></telecom><telecom><system value="email"/><value value="eugenio@farmaco.io"/></telecom></contact><contact><name value="Eugênio Neves"/><telecom><system value="email"/><value value="eugenio@farmaco.io"/></telecom><telecom><system value="url"/><value value="https://farmaco.maxapex.net/brig/fhir"/></telecom></contact><description value="Sistema de códigos para finalidades de contatos organizacionais no Brasil"/><jurisdiction><coding><system value="urn:iso:std:iso:3166"/><code value="BR"/></coding></jurisdiction><copyright value="Copyright © 2025 Farmaco.io. Este trabalho está licenciado sob a MIT License. FHIR® é marca registrada da HL7 International, usada com permissão."/><caseSensitive value="true"/><content value="complete"/><count value="25"/><concept><code value="regulatory-affairs"/><display value="Assuntos Regulatórios"/><definition value="Responsável por questões regulatórias e relacionamento com ANVISA"/><designation><use><system value="http://terminology.hl7.org/CodeSystem/designation-usage"/><code value="display"/></use><value value="Assuntos Regulatórios"/></designation></concept><concept><code value="technical-responsible"/><display value="Responsável Técnico"/><definition value="Responsável técnico conforme exigência legal"/><designation><use><system value="http://terminology.hl7.org/CodeSystem/designation-usage"/><code value="display"/></use><value value="Responsável Técnico"/></designation></concept><concept><code value="pharmacovigilance"/><display value="Farmacovigilância"/><definition value="Responsável por farmacovigilância e monitoramento pós-comercialização"/><designation><use><system value="http://terminology.hl7.org/CodeSystem/designation-usage"/><code value="display"/></use><value value="Farmacovigilância"/></designation></concept><concept><code value="quality-assurance"/><display value="Garantia de Qualidade"/><definition value="Responsável pela garantia de qualidade"/><designation><use><system value="http://terminology.hl7.org/CodeSystem/designation-usage"/><code value="display"/></use><value value="Garantia de Qualidade"/></designation></concept><concept><code value="operations"/><display value="Operações"/><definition value="Responsável por operações e produção"/><designation><use><system value="http://terminology.hl7.org/CodeSystem/designation-usage"/><code value="display"/></use><value value="Operações"/></designation></concept><concept><code value="logistics"/><display value="Logística"/><definition value="Responsável por logística e distribuição"/><designation><use><system value="http://terminology.hl7.org/CodeSystem/designation-usage"/><code value="display"/></use><value value="Logística"/></designation></concept><concept><code value="procurement"/><display value="Compras"/><definition value="Responsável por aquisições e suprimentos"/><designation><use><system value="http://terminology.hl7.org/CodeSystem/designation-usage"/><code value="display"/></use><value value="Compras"/></designation></concept><concept><code value="sales"/><display value="Vendas"/><definition value="Responsável por vendas e comercialização"/><designation><use><system value="http://terminology.hl7.org/CodeSystem/designation-usage"/><code value="display"/></use><value value="Vendas"/></designation></concept><concept><code value="legal"/><display value="Jurídico"/><definition value="Responsável por questões jurídicas"/><designation><use><system value="http://terminology.hl7.org/CodeSystem/designation-usage"/><code value="display"/></use><value value="Jurídico"/></designation></concept><concept><code value="finance"/><display value="Financeiro"/><definition value="Responsável por questões financeiras"/><designation><use><system value="http://terminology.hl7.org/CodeSystem/designation-usage"/><code value="display"/></use><value value="Financeiro"/></designation></concept><concept><code value="hr"/><display value="Recursos Humanos"/><definition value="Responsável por recursos humanos"/><designation><use><system value="http://terminology.hl7.org/CodeSystem/designation-usage"/><code value="display"/></use><value value="Recursos Humanos"/></designation></concept><concept><code value="administration"/><display value="Administração"/><definition value="Contato administrativo geral"/><designation><use><system value="http://terminology.hl7.org/CodeSystem/designation-usage"/><code value="display"/></use><value value="Administração"/></designation></concept><concept><code value="clinical-research"/><display value="Pesquisa Clínica"/><definition value="Responsável por pesquisa clínica"/><designation><use><system value="http://terminology.hl7.org/CodeSystem/designation-usage"/><code value="display"/></use><value value="Pesquisa Clínica"/></designation></concept><concept><code value="medical-affairs"/><display value="Assuntos Médicos"/><definition value="Responsável por assuntos médicos e científicos"/><designation><use><system value="http://terminology.hl7.org/CodeSystem/designation-usage"/><code value="display"/></use><value value="Assuntos Médicos"/></designation></concept><concept><code value="biostatistics"/><display value="Bioestatística"/><definition value="Responsável por análises bioestatísticas"/><designation><use><system value="http://terminology.hl7.org/CodeSystem/designation-usage"/><code value="display"/></use><value value="Bioestatística"/></designation></concept><concept><code value="data-management"/><display value="Gestão de Dados"/><definition value="Responsável por gestão de dados clínicos"/><designation><use><system value="http://terminology.hl7.org/CodeSystem/designation-usage"/><code value="display"/></use><value value="Gestão de Dados"/></designation></concept><concept><code value="emergency"/><display value="Emergência"/><definition value="Contato de emergência 24h"/><designation><use><system value="http://terminology.hl7.org/CodeSystem/designation-usage"/><code value="display"/></use><value value="Emergência"/></designation></concept><concept><code value="safety"/><display value="Segurança"/><definition value="Responsável por segurança e eventos adversos"/><designation><use><system value="http://terminology.hl7.org/CodeSystem/designation-usage"/><code value="display"/></use><value value="Segurança"/></designation></concept><concept><code value="recall"/><display value="Recolhimento"/><definition value="Responsável por recall e recolhimento de produtos"/><designation><use><system value="http://terminology.hl7.org/CodeSystem/designation-usage"/><code value="display"/></use><value value="Recolhimento"/></designation></concept><concept><code value="media"/><display value="Mídia"/><definition value="Responsável por comunicação com mídia"/><designation><use><system value="http://terminology.hl7.org/CodeSystem/designation-usage"/><code value="display"/></use><value value="Mídia"/></designation></concept><concept><code value="public-relations"/><display value="Relações Públicas"/><definition value="Responsável por relações públicas"/><designation><use><system value="http://terminology.hl7.org/CodeSystem/designation-usage"/><code value="display"/></use><value value="Relações Públicas"/></designation></concept><concept><code value="customer-service"/><display value="Atendimento ao Cliente"/><definition value="Atendimento ao cliente/consumidor"/><designation><use><system value="http://terminology.hl7.org/CodeSystem/designation-usage"/><code value="display"/></use><value value="Atendimento ao Cliente"/></designation></concept><concept><code value="it-support"/><display value="Suporte de TI"/><definition value="Suporte técnico de sistemas de informação"/><designation><use><system value="http://terminology.hl7.org/CodeSystem/designation-usage"/><code value="display"/></use><value value="Suporte de TI"/></designation></concept><concept><code value="edi"/><display value="EDI"/><definition value="Responsável por intercâmbio eletrônico de dados"/><designation><use><system value="http://terminology.hl7.org/CodeSystem/designation-usage"/><code value="display"/></use><value value="EDI"/></designation></concept><concept><code value="api-integration"/><display value="Integração API"/><definition value="Responsável por integrações de API"/><designation><use><system value="http://terminology.hl7.org/CodeSystem/designation-usage"/><code value="display"/></use><value value="Integração API"/></designation></concept></CodeSystem>