<?xml version="1.0" encoding="UTF-8"?><CodeSystem xmlns="http://hl7.org/fhir"><id value="presentation-unit-br"/><text><status value="generated"/><div xmlns="http://www.w3.org/1999/xhtml"><p class="res-header-id"><b>Narrativa gerada: CodeSystem presentation-unit-br</b></p><a name="presentation-unit-br"> </a><a name="hcpresentation-unit-br"> </a><p>Este case-sensitive sistema de código <code>http://farmaco.maxapex.net/brig/fhir/CodeSystem/presentation-unit-br</code> define o seguinte códigos:</p><table class="codes"><tr><td style="white-space:nowrap"><b>Código</b></td><td><b>Ecrã</b></td><td><b>Definição</b></td></tr><tr><td style="white-space:nowrap">comprimido<a name="presentation-unit-br-comprimido"> </a></td><td>comprimido</td><td>Por comprimido</td></tr><tr><td style="white-space:nowrap">dragea<a name="presentation-unit-br-dragea"> </a></td><td>drágea</td><td>Por drágea</td></tr><tr><td style="white-space:nowrap">capsula<a name="presentation-unit-br-capsula"> </a></td><td>cápsula</td><td>Por cápsula</td></tr><tr><td style="white-space:nowrap">capsula-dura<a name="presentation-unit-br-capsula-dura"> </a></td><td>cápsula dura</td><td>Por cápsula dura</td></tr><tr><td style="white-space:nowrap">capsula-mole<a name="presentation-unit-br-capsula-mole"> </a></td><td>cápsula mole</td><td>Por cápsula mole</td></tr><tr><td style="white-space:nowrap">supositorio<a name="presentation-unit-br-supositorio"> </a></td><td>supositório</td><td>Por supositório</td></tr><tr><td style="white-space:nowrap">ovulo<a name="presentation-unit-br-ovulo"> </a></td><td>óvulo</td><td>Por óvulo</td></tr><tr><td style="white-space:nowrap">adesivo<a name="presentation-unit-br-adesivo"> </a></td><td>adesivo</td><td>Por adesivo transdérmico</td></tr><tr><td style="white-space:nowrap">dose<a name="presentation-unit-br-dose"> </a></td><td>dose</td><td>Por dose</td></tr><tr><td style="white-space:nowrap">aplicacao<a name="presentation-unit-br-aplicacao"> </a></td><td>aplicação</td><td>Por aplicação</td></tr><tr><td style="white-space:nowrap">ml-dose<a name="presentation-unit-br-ml-dose"> </a></td><td>mL por dose</td><td>Mililitros por dose</td></tr><tr><td style="white-space:nowrap">frasco<a name="presentation-unit-br-frasco"> </a></td><td>frasco</td><td>Por frasco</td></tr><tr><td style="white-space:nowrap">ampola<a name="presentation-unit-br-ampola"> </a></td><td>ampola</td><td>Por ampola</td></tr><tr><td style="white-space:nowrap">seringa<a name="presentation-unit-br-seringa"> </a></td><td>seringa</td><td>Por seringa</td></tr><tr><td style="white-space:nowrap">bisnaga<a name="presentation-unit-br-bisnaga"> </a></td><td>bisnaga</td><td>Por bisnaga</td></tr></table></div></text><extension url="http://hl7.org/fhir/StructureDefinition/structuredefinition-standards-status"><valueCode value="informative"><extension url="http://hl7.org/fhir/StructureDefinition/structuredefinition-conformance-derivedFrom"><valueCanonical value="http://farmaco.maxapex.net/brig/fhir/ImplementationGuide/brig.idmp.brazil"/></extension></valueCode></extension><url value="http://farmaco.maxapex.net/brig/fhir/CodeSystem/presentation-unit-br"/><version value="0.0.2"/><name value="PresentationUnitBR"/><title value="Unidades de Apresentação - Brasil"/><status value="draft"/><experimental value="true"/><date value="2025-08-02"/><publisher value="Eugênio Neves"/><contact><name value="Eugênio Neves"/><telecom><system value="url"/><value value="https://farmaco.maxapex.net"/></telecom><telecom><system value="email"/><value value="eugenio@farmaco.io"/></telecom></contact><contact><name value="Eugênio Neves"/><telecom><system value="email"/><value value="eugenio@farmaco.io"/></telecom><telecom><system value="url"/><value value="https://farmaco.maxapex.net/brig/fhir"/></telecom></contact><description value="Sistema de códigos para unidades de apresentação de produtos farmacêuticos"/><jurisdiction><coding><system value="urn:iso:std:iso:3166"/><code value="BR"/></coding></jurisdiction><copyright value="Copyright © 2025 Farmaco.io. Este trabalho está licenciado sob a MIT License. FHIR® é marca registrada da HL7 International, usada com permissão."/><caseSensitive value="true"/><content value="complete"/><count value="15"/><concept><code value="comprimido"/><display value="comprimido"/><definition value="Por comprimido"/><designation><use><system value="http://terminology.hl7.org/CodeSystem/designation-usage"/><code value="display"/></use><value value="comprimido"/></designation></concept><concept><code value="dragea"/><display value="drágea"/><definition value="Por drágea"/><designation><use><system value="http://terminology.hl7.org/CodeSystem/designation-usage"/><code value="display"/></use><value value="drágea"/></designation></concept><concept><code value="capsula"/><display value="cápsula"/><definition value="Por cápsula"/><designation><use><system value="http://terminology.hl7.org/CodeSystem/designation-usage"/><code value="display"/></use><value value="cápsula"/></designation></concept><concept><code value="capsula-dura"/><display value="cápsula dura"/><definition value="Por cápsula dura"/><designation><use><system value="http://terminology.hl7.org/CodeSystem/designation-usage"/><code value="display"/></use><value value="cápsula dura"/></designation></concept><concept><code value="capsula-mole"/><display value="cápsula mole"/><definition value="Por cápsula mole"/><designation><use><system value="http://terminology.hl7.org/CodeSystem/designation-usage"/><code value="display"/></use><value value="cápsula mole"/></designation></concept><concept><code value="supositorio"/><display value="supositório"/><definition value="Por supositório"/><designation><use><system value="http://terminology.hl7.org/CodeSystem/designation-usage"/><code value="display"/></use><value value="supositório"/></designation></concept><concept><code value="ovulo"/><display value="óvulo"/><definition value="Por óvulo"/><designation><use><system value="http://terminology.hl7.org/CodeSystem/designation-usage"/><code value="display"/></use><value value="óvulo"/></designation></concept><concept><code value="adesivo"/><display value="adesivo"/><definition value="Por adesivo transdérmico"/><designation><use><system value="http://terminology.hl7.org/CodeSystem/designation-usage"/><code value="display"/></use><value value="adesivo"/></designation></concept><concept><code value="dose"/><display value="dose"/><definition value="Por dose"/><designation><use><system value="http://terminology.hl7.org/CodeSystem/designation-usage"/><code value="display"/></use><value value="dose"/></designation></concept><concept><code value="aplicacao"/><display value="aplicação"/><definition value="Por aplicação"/><designation><use><system value="http://terminology.hl7.org/CodeSystem/designation-usage"/><code value="display"/></use><value value="aplicação"/></designation></concept><concept><code value="ml-dose"/><display value="mL por dose"/><definition value="Mililitros por dose"/><designation><use><system value="http://terminology.hl7.org/CodeSystem/designation-usage"/><code value="display"/></use><value value="mL por dose"/></designation></concept><concept><code value="frasco"/><display value="frasco"/><definition value="Por frasco"/><designation><use><system value="http://terminology.hl7.org/CodeSystem/designation-usage"/><code value="display"/></use><value value="frasco"/></designation></concept><concept><code value="ampola"/><display value="ampola"/><definition value="Por ampola"/><designation><use><system value="http://terminology.hl7.org/CodeSystem/designation-usage"/><code value="display"/></use><value value="ampola"/></designation></concept><concept><code value="seringa"/><display value="seringa"/><definition value="Por seringa"/><designation><use><system value="http://terminology.hl7.org/CodeSystem/designation-usage"/><code value="display"/></use><value value="seringa"/></designation></concept><concept><code value="bisnaga"/><display value="bisnaga"/><definition value="Por bisnaga"/><designation><use><system value="http://terminology.hl7.org/CodeSystem/designation-usage"/><code value="display"/></use><value value="bisnaga"/></designation></concept></CodeSystem>