<?xml version="1.0" encoding="UTF-8"?><CodeSystem xmlns="http://hl7.org/fhir"><id value="clinical-use-type-br"/><language value="pt-BR"/><text><status value="generated"/><div xmlns="http://www.w3.org/1999/xhtml" xml:lang="pt-BR" lang="pt-BR"><p class="res-header-id"><b>Narrativa gerada: CodeSystem clinical-use-type-br</b></p><a name="clinical-use-type-br"> </a><a name="hcclinical-use-type-br"> </a><div style="display: inline-block; background-color: #d9e0e7; padding: 6px; margin: 4px; border: 1px solid #8da1b4; border-radius: 5px; line-height: 60%"><p style="margin-bottom: 0px">Língua: pt-BR</p></div><p><b>Propriedades</b></p><p><b>Este sistema de códigos define as seguintes propriedades para os seus conceitos</b></p><table class="grid"><tr><td><b>Nome</b></td><td><b>Código</b></td><td><b>Tipo</b></td><td><b>Descrição</b></td></tr><tr><td>status</td><td>status</td><td>code</td><td>Status do conceito</td></tr><tr><td>priority</td><td>priority</td><td>string</td><td>Prioridade clínica</td></tr></table><p><b>Conceitos</b></p><p>Este case-sensitive sistema de código <code>http://farmaco.maxapex.net/brig/fhir/CodeSystem/clinical-use-type-br</code> define o seguinte códigos:</p><table class="codes"><tr><td style="white-space:nowrap"><b>Código</b></td><td><b>Ecrã</b></td><td><b>Definição</b></td><td><b>status</b></td><td><b>priority</b></td><td><b>English (English, en)</b></td></tr><tr><td style="white-space:nowrap">indication<a name="clinical-use-type-br-indication"> </a></td><td>Indicação terapêutica</td><td>Condição médica ou situação clínica para a qual o medicamento é indicado</td><td>active</td><td>crítica</td><td>Therapeutic indication</td></tr><tr><td style="white-space:nowrap">contraindication<a name="clinical-use-type-br-contraindication"> </a></td><td>Contraindicação</td><td>Condição ou situação que desaconselha ou proíbe o uso do medicamento</td><td>active</td><td>crítica</td><td>Contraindication</td></tr><tr><td style="white-space:nowrap">interaction<a name="clinical-use-type-br-interaction"> </a></td><td>Interação medicamentosa</td><td>Interação entre medicamentos, alimentos ou outros produtos que pode alterar eficácia ou segurança</td><td>active</td><td>alta</td><td>Drug interaction</td></tr><tr><td style="white-space:nowrap">undesirable-effect<a name="clinical-use-type-br-undesirable-effect"> </a></td><td>Efeito indesejável</td><td>Reação adversa ou efeito colateral associado ao uso do medicamento</td><td>active</td><td>alta</td><td>Undesirable effect</td></tr><tr><td style="white-space:nowrap">warning<a name="clinical-use-type-br-warning"> </a></td><td>Advertência especial</td><td>Precaução ou advertência especial para uso seguro do medicamento</td><td>active</td><td>alta</td><td>Special warning</td></tr><tr><td style="white-space:nowrap">dosage<a name="clinical-use-type-br-dosage"> </a></td><td>Posologia</td><td>Esquema posológico recomendado incluindo dose, frequência e duração</td><td>active</td><td>média</td><td>Dosage regimen</td></tr><tr><td style="white-space:nowrap">dce-sus<a name="clinical-use-type-br-dce-sus"> </a></td><td>Critério DCE-SUS</td><td>Critério de elegibilidade para Componente Especializado da Assistência Farmacêutica</td><td>active</td><td>crítica</td><td>DCE-SUS criteria</td></tr><tr><td style="white-space:nowrap">rename<a name="clinical-use-type-br-rename"> </a></td><td>Critério RENAME</td><td>Critério de inclusão na Relação Nacional de Medicamentos Essenciais</td><td>active</td><td>média</td><td>RENAME criteria</td></tr></table></div></text><extension url="http://hl7.org/fhir/StructureDefinition/structuredefinition-standards-status"><valueCode value="informative"><extension url="http://hl7.org/fhir/StructureDefinition/structuredefinition-conformance-derivedFrom"><valueCanonical value="http://farmaco.maxapex.net/brig/fhir/ImplementationGuide/brig.idmp.brazil"/></extension></valueCode></extension><url value="http://farmaco.maxapex.net/brig/fhir/CodeSystem/clinical-use-type-br"/><version value="0.0.2"/><name value="ClinicalUseTypeBR"/><title value="Tipos de Uso Clínico - Brasil"/><status value="draft"/><experimental value="true"/><date value="2025-09-07"/><publisher value="Eugênio Neves"/><contact><name value="Eugênio Neves"/><telecom><system value="url"/><value value="https://farmaco.maxapex.net"/></telecom><telecom><system value="email"/><value value="eugenio@farmaco.io"/></telecom></contact><contact><name value="Eugênio Neves"/><telecom><system value="email"/><value value="eugenio@farmaco.io"/></telecom><telecom><system value="url"/><value value="https://farmaco.maxapex.net/brig/fhir"/></telecom></contact><description value="Tipos de definição de uso clínico adaptados para o contexto brasileiro incluindo indicações terapêuticas, contraindicações, interações medicamentosas e critérios DCE-SUS."/><jurisdiction><coding><system value="urn:iso:std:iso:3166"/><code value="BR"/></coding></jurisdiction><copyright value="Copyright © 2025 Farmaco.io. Este trabalho está licenciado sob a MIT License. FHIR® é marca registrada da HL7 International, usada com permissão."/><caseSensitive value="true"/><compositional value="false"/><versionNeeded value="false"/><content value="complete"/><count value="8"/><property><code value="status"/><description value="Status do conceito"/><type value="code"/></property><property><code value="priority"/><description value="Prioridade clínica"/><type value="string"/></property><concept><code value="indication"/><display value="Indicação terapêutica"/><definition value="Condição médica ou situação clínica para a qual o medicamento é indicado"/><designation><language value="pt-BR"/><value value="Indicação terapêutica"/></designation><designation><language value="en"/><value value="Therapeutic indication"/></designation><property><code value="status"/><valueCode value="active"/></property><property><code value="priority"/><valueString value="crítica"/></property></concept><concept><code value="contraindication"/><display value="Contraindicação"/><definition value="Condição ou situação que desaconselha ou proíbe o uso do medicamento"/><designation><language value="pt-BR"/><value value="Contraindicação"/></designation><designation><language value="en"/><value value="Contraindication"/></designation><property><code value="status"/><valueCode value="active"/></property><property><code value="priority"/><valueString value="crítica"/></property></concept><concept><code value="interaction"/><display value="Interação medicamentosa"/><definition value="Interação entre medicamentos, alimentos ou outros produtos que pode alterar eficácia ou segurança"/><designation><language value="pt-BR"/><value value="Interação medicamentosa"/></designation><designation><language value="en"/><value value="Drug interaction"/></designation><property><code value="status"/><valueCode value="active"/></property><property><code value="priority"/><valueString value="alta"/></property></concept><concept><code value="undesirable-effect"/><display value="Efeito indesejável"/><definition value="Reação adversa ou efeito colateral associado ao uso do medicamento"/><designation><language value="pt-BR"/><value value="Efeito indesejável"/></designation><designation><language value="en"/><value value="Undesirable effect"/></designation><property><code value="status"/><valueCode value="active"/></property><property><code value="priority"/><valueString value="alta"/></property></concept><concept><code value="warning"/><display value="Advertência especial"/><definition value="Precaução ou advertência especial para uso seguro do medicamento"/><designation><language value="pt-BR"/><value value="Advertência especial"/></designation><designation><language value="en"/><value value="Special warning"/></designation><property><code value="status"/><valueCode value="active"/></property><property><code value="priority"/><valueString value="alta"/></property></concept><concept><code value="dosage"/><display value="Posologia"/><definition value="Esquema posológico recomendado incluindo dose, frequência e duração"/><designation><language value="pt-BR"/><value value="Posologia"/></designation><designation><language value="en"/><value value="Dosage regimen"/></designation><property><code value="status"/><valueCode value="active"/></property><property><code value="priority"/><valueString value="média"/></property></concept><concept><code value="dce-sus"/><display value="Critério DCE-SUS"/><definition value="Critério de elegibilidade para Componente Especializado da Assistência Farmacêutica"/><designation><language value="pt-BR"/><value value="Critério DCE-SUS"/></designation><designation><language value="en"/><value value="DCE-SUS criteria"/></designation><property><code value="status"/><valueCode value="active"/></property><property><code value="priority"/><valueString value="crítica"/></property></concept><concept><code value="rename"/><display value="Critério RENAME"/><definition value="Critério de inclusão na Relação Nacional de Medicamentos Essenciais"/><designation><language value="pt-BR"/><value value="Critério RENAME"/></designation><designation><language value="en"/><value value="RENAME criteria"/></designation><property><code value="status"/><valueCode value="active"/></property><property><code value="priority"/><valueString value="média"/></property></concept></CodeSystem>