<?xml version="1.0" encoding="UTF-8"?><CodeSystem xmlns="http://hl7.org/fhir"><id value="regulated-authorization-status-br"/><text><status value="generated"/><div xmlns="http://www.w3.org/1999/xhtml"><p class="res-header-id"><b>Narrativa gerada: CodeSystem regulated-authorization-status-br</b></p><a name="regulated-authorization-status-br"> </a><a name="hcregulated-authorization-status-br"> </a><p>Este case-sensitive sistema de código <code>http://farmaco.maxapex.net/brig/fhir/CodeSystem/regulated-authorization-status-br</code> define o seguinte códigos:</p><table class="codes"><tr><td style="white-space:nowrap"><b>Código</b></td><td><b>Ecrã</b></td><td><b>Definição</b></td></tr><tr><td style="white-space:nowrap">active<a name="regulated-authorization-status-br-active"> </a></td><td>Ativo</td><td>Autorização regulatória ativa e válida</td></tr><tr><td style="white-space:nowrap">suspended<a name="regulated-authorization-status-br-suspended"> </a></td><td>Suspenso</td><td>Autorização temporariamente suspensa pela ANVISA</td></tr><tr><td style="white-space:nowrap">cancelled<a name="regulated-authorization-status-br-cancelled"> </a></td><td>Cancelado</td><td>Autorização cancelada definitivamente</td></tr><tr><td style="white-space:nowrap">discontinued<a name="regulated-authorization-status-br-discontinued"> </a></td><td>Descontinuado</td><td>Produto descontinuado pelo detentor</td></tr><tr><td style="white-space:nowrap">expired<a name="regulated-authorization-status-br-expired"> </a></td><td>Expirado</td><td>Autorização expirada por fim de validade</td></tr><tr><td style="white-space:nowrap">pending<a name="regulated-authorization-status-br-pending"> </a></td><td>Pendente</td><td>Processo de autorização em análise</td></tr><tr><td style="white-space:nowrap">under-review<a name="regulated-authorization-status-br-under-review"> </a></td><td>Em Revisão</td><td>Autorização sob revisão regulatória</td></tr><tr><td style="white-space:nowrap">renewal-required<a name="regulated-authorization-status-br-renewal-required"> </a></td><td>Renovação Necessária</td><td>Autorização próxima do vencimento, renovação necessária</td></tr><tr><td style="white-space:nowrap">revoked<a name="regulated-authorization-status-br-revoked"> </a></td><td>Revogado</td><td>Autorização revogada por decisão regulatória</td></tr><tr><td style="white-space:nowrap">withdrawn<a name="regulated-authorization-status-br-withdrawn"> </a></td><td>Retirado</td><td>Produto retirado do mercado por solicitação do detentor</td></tr></table></div></text><extension url="http://hl7.org/fhir/StructureDefinition/structuredefinition-standards-status"><valueCode value="informative"><extension url="http://hl7.org/fhir/StructureDefinition/structuredefinition-conformance-derivedFrom"><valueCanonical value="http://farmaco.maxapex.net/brig/fhir/ImplementationGuide/brig.idmp.brazil"/></extension></valueCode></extension><url value="http://farmaco.maxapex.net/brig/fhir/CodeSystem/regulated-authorization-status-br"/><version value="0.0.2"/><name value="RegulatedAuthorizationStatusBR"/><title value="Status de Autorização Regulatória ANVISA"/><status value="draft"/><experimental value="true"/><date value="2025-09-07"/><publisher value="Eugênio Neves"/><contact><name value="Eugênio Neves"/><telecom><system value="url"/><value value="https://farmaco.maxapex.net"/></telecom><telecom><system value="email"/><value value="eugenio@farmaco.io"/></telecom></contact><contact><name value="Eugênio Neves"/><telecom><system value="email"/><value value="eugenio@farmaco.io"/></telecom><telecom><system value="url"/><value value="https://farmaco.maxapex.net/brig/fhir"/></telecom></contact><description value="Status de autorizações regulatórias conforme processos ANVISA para medicamentos"/><jurisdiction><coding><system value="urn:iso:std:iso:3166"/><code value="BR"/></coding></jurisdiction><copyright value="Copyright © 2025 Farmaco.io. Este trabalho está licenciado sob a MIT License. FHIR® é marca registrada da HL7 International, usada com permissão."/><caseSensitive value="true"/><content value="complete"/><count value="10"/><concept><code value="active"/><display value="Ativo"/><definition value="Autorização regulatória ativa e válida"/><designation><use><system value="http://terminology.hl7.org/CodeSystem/designation-usage"/><code value="display"/></use><value value="Ativo"/></designation></concept><concept><code value="suspended"/><display value="Suspenso"/><definition value="Autorização temporariamente suspensa pela ANVISA"/><designation><use><system value="http://terminology.hl7.org/CodeSystem/designation-usage"/><code value="display"/></use><value value="Suspenso"/></designation></concept><concept><code value="cancelled"/><display value="Cancelado"/><definition value="Autorização cancelada definitivamente"/><designation><use><system value="http://terminology.hl7.org/CodeSystem/designation-usage"/><code value="display"/></use><value value="Cancelado"/></designation></concept><concept><code value="discontinued"/><display value="Descontinuado"/><definition value="Produto descontinuado pelo detentor"/><designation><use><system value="http://terminology.hl7.org/CodeSystem/designation-usage"/><code value="display"/></use><value value="Descontinuado"/></designation></concept><concept><code value="expired"/><display value="Expirado"/><definition value="Autorização expirada por fim de validade"/><designation><use><system value="http://terminology.hl7.org/CodeSystem/designation-usage"/><code value="display"/></use><value value="Expirado"/></designation></concept><concept><code value="pending"/><display value="Pendente"/><definition value="Processo de autorização em análise"/><designation><use><system value="http://terminology.hl7.org/CodeSystem/designation-usage"/><code value="display"/></use><value value="Pendente"/></designation></concept><concept><code value="under-review"/><display value="Em Revisão"/><definition value="Autorização sob revisão regulatória"/><designation><use><system value="http://terminology.hl7.org/CodeSystem/designation-usage"/><code value="display"/></use><value value="Em Revisão"/></designation></concept><concept><code value="renewal-required"/><display value="Renovação Necessária"/><definition value="Autorização próxima do vencimento, renovação necessária"/><designation><use><system value="http://terminology.hl7.org/CodeSystem/designation-usage"/><code value="display"/></use><value value="Renovação Necessária"/></designation></concept><concept><code value="revoked"/><display value="Revogado"/><definition value="Autorização revogada por decisão regulatória"/><designation><use><system value="http://terminology.hl7.org/CodeSystem/designation-usage"/><code value="display"/></use><value value="Revogado"/></designation></concept><concept><code value="withdrawn"/><display value="Retirado"/><definition value="Produto retirado do mercado por solicitação do detentor"/><designation><use><system value="http://terminology.hl7.org/CodeSystem/designation-usage"/><code value="display"/></use><value value="Retirado"/></designation></concept></CodeSystem>