<?xml version="1.0" encoding="UTF-8"?><CodeSystem xmlns="http://hl7.org/fhir"><id value="organization-operational-category-br"/><text><status value="generated"/><div xmlns="http://www.w3.org/1999/xhtml"><p class="res-header-id"><b>Narrativa gerada: CodeSystem organization-operational-category-br</b></p><a name="organization-operational-category-br"> </a><a name="hcorganization-operational-category-br"> </a><p>Este case-sensitive sistema de código <code>http://farmaco.maxapex.net/brig/fhir/CodeSystem/organization-operational-category-br</code> define o seguinte códigos:</p><table class="codes"><tr><td style="white-space:nowrap"><b>Código</b></td><td><b>Ecrã</b></td><td><b>Definição</b></td></tr><tr><td style="white-space:nowrap">pharmaceutical-manufacturing<a name="organization-operational-category-br-pharmaceutical-manufacturing"> </a></td><td>Fabricação Farmacêutica</td><td>Fabricação de medicamentos e produtos farmacêuticos</td></tr><tr><td style="white-space:nowrap">api-manufacturing<a name="organization-operational-category-br-api-manufacturing"> </a></td><td>Fabricação de IFA</td><td>Fabricação de Insumos Farmacêuticos Ativos</td></tr><tr><td style="white-space:nowrap">device-manufacturing<a name="organization-operational-category-br-device-manufacturing"> </a></td><td>Fabricação de Dispositivos</td><td>Fabricação de dispositivos médicos e correlatos</td></tr><tr><td style="white-space:nowrap">cosmetic-manufacturing<a name="organization-operational-category-br-cosmetic-manufacturing"> </a></td><td>Fabricação de Cosméticos</td><td>Fabricação de produtos cosméticos</td></tr><tr><td style="white-space:nowrap">wholesale-distribution<a name="organization-operational-category-br-wholesale-distribution"> </a></td><td>Distribuição Atacadista</td><td>Distribuição atacadista de produtos regulados</td></tr><tr><td style="white-space:nowrap">retail-pharmacy<a name="organization-operational-category-br-retail-pharmacy"> </a></td><td>Farmácia de Varejo</td><td>Farmácia ou drogaria de varejo</td></tr><tr><td style="white-space:nowrap">hospital-pharmacy<a name="organization-operational-category-br-hospital-pharmacy"> </a></td><td>Farmácia Hospitalar</td><td>Farmácia de estabelecimento hospitalar</td></tr><tr><td style="white-space:nowrap">import-operations<a name="organization-operational-category-br-import-operations"> </a></td><td>Operações de Importação</td><td>Importação de produtos regulados</td></tr><tr><td style="white-space:nowrap">export-operations<a name="organization-operational-category-br-export-operations"> </a></td><td>Operações de Exportação</td><td>Exportação de produtos regulados</td></tr><tr><td style="white-space:nowrap">clinical-research<a name="organization-operational-category-br-clinical-research"> </a></td><td>Pesquisa Clínica</td><td>Condução de pesquisas clínicas</td></tr><tr><td style="white-space:nowrap">preclinical-research<a name="organization-operational-category-br-preclinical-research"> </a></td><td>Pesquisa Pré-clínica</td><td>Pesquisa pré-clínica e desenvolvimento</td></tr><tr><td style="white-space:nowrap">analytical-laboratory<a name="organization-operational-category-br-analytical-laboratory"> </a></td><td>Laboratório Analítico</td><td>Laboratório de análises e controle de qualidade</td></tr><tr><td style="white-space:nowrap">regulatory-consulting<a name="organization-operational-category-br-regulatory-consulting"> </a></td><td>Consultoria Regulatória</td><td>Serviços de consultoria regulatória</td></tr><tr><td style="white-space:nowrap">quality-assurance<a name="organization-operational-category-br-quality-assurance"> </a></td><td>Garantia de Qualidade</td><td>Serviços de garantia e controle de qualidade</td></tr><tr><td style="white-space:nowrap">logistics-services<a name="organization-operational-category-br-logistics-services"> </a></td><td>Serviços Logísticos</td><td>Serviços de logística e transporte especializado</td></tr></table></div></text><extension url="http://hl7.org/fhir/StructureDefinition/structuredefinition-standards-status"><valueCode value="informative"><extension url="http://hl7.org/fhir/StructureDefinition/structuredefinition-conformance-derivedFrom"><valueCanonical value="http://farmaco.maxapex.net/brig/fhir/ImplementationGuide/brig.idmp.brazil"/></extension></valueCode></extension><url value="http://farmaco.maxapex.net/brig/fhir/CodeSystem/organization-operational-category-br"/><version value="0.0.2"/><name value="OrganizationOperationalCategoryBR"/><title value="Categorias Operacionais de Organização - Brasil"/><status value="draft"/><experimental value="true"/><date value="2025-08-02"/><publisher value="Eugênio Neves"/><contact><name value="Eugênio Neves"/><telecom><system value="url"/><value value="https://farmaco.maxapex.net"/></telecom><telecom><system value="email"/><value value="eugenio@farmaco.io"/></telecom></contact><contact><name value="Eugênio Neves"/><telecom><system value="email"/><value value="eugenio@farmaco.io"/></telecom><telecom><system value="url"/><value value="https://farmaco.maxapex.net/brig/fhir"/></telecom></contact><description value="Sistema de códigos para categorias operacionais de organizações"/><jurisdiction><coding><system value="urn:iso:std:iso:3166"/><code value="BR"/></coding></jurisdiction><copyright value="Copyright © 2025 Farmaco.io. Este trabalho está licenciado sob a MIT License. FHIR® é marca registrada da HL7 International, usada com permissão."/><caseSensitive value="true"/><content value="complete"/><count value="15"/><concept><code value="pharmaceutical-manufacturing"/><display value="Fabricação Farmacêutica"/><definition value="Fabricação de medicamentos e produtos farmacêuticos"/><designation><use><system value="http://terminology.hl7.org/CodeSystem/designation-usage"/><code value="display"/></use><value value="Fabricação Farmacêutica"/></designation></concept><concept><code value="api-manufacturing"/><display value="Fabricação de IFA"/><definition value="Fabricação de Insumos Farmacêuticos Ativos"/><designation><use><system value="http://terminology.hl7.org/CodeSystem/designation-usage"/><code value="display"/></use><value value="Fabricação de IFA"/></designation></concept><concept><code value="device-manufacturing"/><display value="Fabricação de Dispositivos"/><definition value="Fabricação de dispositivos médicos e correlatos"/><designation><use><system value="http://terminology.hl7.org/CodeSystem/designation-usage"/><code value="display"/></use><value value="Fabricação de Dispositivos"/></designation></concept><concept><code value="cosmetic-manufacturing"/><display value="Fabricação de Cosméticos"/><definition value="Fabricação de produtos cosméticos"/><designation><use><system value="http://terminology.hl7.org/CodeSystem/designation-usage"/><code value="display"/></use><value value="Fabricação de Cosméticos"/></designation></concept><concept><code value="wholesale-distribution"/><display value="Distribuição Atacadista"/><definition value="Distribuição atacadista de produtos regulados"/><designation><use><system value="http://terminology.hl7.org/CodeSystem/designation-usage"/><code value="display"/></use><value value="Distribuição Atacadista"/></designation></concept><concept><code value="retail-pharmacy"/><display value="Farmácia de Varejo"/><definition value="Farmácia ou drogaria de varejo"/><designation><use><system value="http://terminology.hl7.org/CodeSystem/designation-usage"/><code value="display"/></use><value value="Farmácia de Varejo"/></designation></concept><concept><code value="hospital-pharmacy"/><display value="Farmácia Hospitalar"/><definition value="Farmácia de estabelecimento hospitalar"/><designation><use><system value="http://terminology.hl7.org/CodeSystem/designation-usage"/><code value="display"/></use><value value="Farmácia Hospitalar"/></designation></concept><concept><code value="import-operations"/><display value="Operações de Importação"/><definition value="Importação de produtos regulados"/><designation><use><system value="http://terminology.hl7.org/CodeSystem/designation-usage"/><code value="display"/></use><value value="Operações de Importação"/></designation></concept><concept><code value="export-operations"/><display value="Operações de Exportação"/><definition value="Exportação de produtos regulados"/><designation><use><system value="http://terminology.hl7.org/CodeSystem/designation-usage"/><code value="display"/></use><value value="Operações de Exportação"/></designation></concept><concept><code value="clinical-research"/><display value="Pesquisa Clínica"/><definition value="Condução de pesquisas clínicas"/><designation><use><system value="http://terminology.hl7.org/CodeSystem/designation-usage"/><code value="display"/></use><value value="Pesquisa Clínica"/></designation></concept><concept><code value="preclinical-research"/><display value="Pesquisa Pré-clínica"/><definition value="Pesquisa pré-clínica e desenvolvimento"/><designation><use><system value="http://terminology.hl7.org/CodeSystem/designation-usage"/><code value="display"/></use><value value="Pesquisa Pré-clínica"/></designation></concept><concept><code value="analytical-laboratory"/><display value="Laboratório Analítico"/><definition value="Laboratório de análises e controle de qualidade"/><designation><use><system value="http://terminology.hl7.org/CodeSystem/designation-usage"/><code value="display"/></use><value value="Laboratório Analítico"/></designation></concept><concept><code value="regulatory-consulting"/><display value="Consultoria Regulatória"/><definition value="Serviços de consultoria regulatória"/><designation><use><system value="http://terminology.hl7.org/CodeSystem/designation-usage"/><code value="display"/></use><value value="Consultoria Regulatória"/></designation></concept><concept><code value="quality-assurance"/><display value="Garantia de Qualidade"/><definition value="Serviços de garantia e controle de qualidade"/><designation><use><system value="http://terminology.hl7.org/CodeSystem/designation-usage"/><code value="display"/></use><value value="Garantia de Qualidade"/></designation></concept><concept><code value="logistics-services"/><display value="Serviços Logísticos"/><definition value="Serviços de logística e transporte especializado"/><designation><use><system value="http://terminology.hl7.org/CodeSystem/designation-usage"/><code value="display"/></use><value value="Serviços Logísticos"/></designation></concept></CodeSystem>