<?xml version="1.0" encoding="UTF-8"?><CodeSystem xmlns="http://hl7.org/fhir"><id value="administrable-property-br"/><text><status value="generated"/><div xmlns="http://www.w3.org/1999/xhtml"><p class="res-header-id"><b>Narrativa gerada: CodeSystem administrable-property-br</b></p><a name="administrable-property-br"> </a><a name="hcadministrable-property-br"> </a><p>Este case-sensitive sistema de código <code>http://farmaco.maxapex.net/brig/fhir/CodeSystem/administrable-property-br</code> define o seguinte códigos:</p><table class="codes"><tr><td style="white-space:nowrap"><b>Código</b></td><td><b>Ecrã</b></td><td><b>Definição</b></td></tr><tr><td style="white-space:nowrap">reconstitution<a name="administrable-property-br-reconstitution"> </a></td><td>Reconstituição</td><td>Propriedades relacionadas à reconstituição do produto</td></tr><tr><td style="white-space:nowrap">dilution<a name="administrable-property-br-dilution"> </a></td><td>Diluição</td><td>Propriedades relacionadas à diluição do produto</td></tr><tr><td style="white-space:nowrap">ph<a name="administrable-property-br-ph"> </a></td><td>pH</td><td>Valor de pH da solução final</td></tr><tr><td style="white-space:nowrap">osmolaridade<a name="administrable-property-br-osmolaridade"> </a></td><td>Osmolaridade</td><td>Osmolaridade da solução final</td></tr><tr><td style="white-space:nowrap">concentracao-final<a name="administrable-property-br-concentracao-final"> </a></td><td>Concentração Final</td><td>Concentração do produto na forma administrável final</td></tr></table></div></text><extension url="http://hl7.org/fhir/StructureDefinition/structuredefinition-standards-status"><valueCode value="informative"><extension url="http://hl7.org/fhir/StructureDefinition/structuredefinition-conformance-derivedFrom"><valueCanonical value="http://farmaco.maxapex.net/brig/fhir/ImplementationGuide/brig.idmp.brazil"/></extension></valueCode></extension><url value="http://farmaco.maxapex.net/brig/fhir/CodeSystem/administrable-property-br"/><version value="0.0.2"/><name value="AdministrablePropertyBR"/><title value="Propriedades Administráveis - Brasil"/><status value="draft"/><experimental value="true"/><date value="2025-08-02"/><publisher value="Eugênio Neves"/><contact><name value="Eugênio Neves"/><telecom><system value="url"/><value value="https://farmaco.maxapex.net"/></telecom><telecom><system value="email"/><value value="eugenio@farmaco.io"/></telecom></contact><contact><name value="Eugênio Neves"/><telecom><system value="email"/><value value="eugenio@farmaco.io"/></telecom><telecom><system value="url"/><value value="https://farmaco.maxapex.net/brig/fhir"/></telecom></contact><description value="Sistema de códigos para propriedades de produtos administráveis"/><jurisdiction><coding><system value="urn:iso:std:iso:3166"/><code value="BR"/></coding></jurisdiction><copyright value="Copyright © 2025 Farmaco.io. Este trabalho está licenciado sob a MIT License. FHIR® é marca registrada da HL7 International, usada com permissão."/><caseSensitive value="true"/><content value="complete"/><count value="5"/><concept><code value="reconstitution"/><display value="Reconstituição"/><definition value="Propriedades relacionadas à reconstituição do produto"/><designation><use><system value="http://terminology.hl7.org/CodeSystem/designation-usage"/><code value="display"/></use><value value="Reconstituição"/></designation></concept><concept><code value="dilution"/><display value="Diluição"/><definition value="Propriedades relacionadas à diluição do produto"/><designation><use><system value="http://terminology.hl7.org/CodeSystem/designation-usage"/><code value="display"/></use><value value="Diluição"/></designation></concept><concept><code value="ph"/><display value="pH"/><definition value="Valor de pH da solução final"/><designation><use><system value="http://terminology.hl7.org/CodeSystem/designation-usage"/><code value="display"/></use><value value="pH"/></designation></concept><concept><code value="osmolaridade"/><display value="Osmolaridade"/><definition value="Osmolaridade da solução final"/><designation><use><system value="http://terminology.hl7.org/CodeSystem/designation-usage"/><code value="display"/></use><value value="Osmolaridade"/></designation></concept><concept><code value="concentracao-final"/><display value="Concentração Final"/><definition value="Concentração do produto na forma administrável final"/><designation><use><system value="http://terminology.hl7.org/CodeSystem/designation-usage"/><code value="display"/></use><value value="Concentração Final"/></designation></concept></CodeSystem>