<?xml version="1.0" encoding="UTF-8"?><CodeSystem xmlns="http://hl7.org/fhir"><id value="pcid-br"/><text><status value="generated"/><div xmlns="http://www.w3.org/1999/xhtml"><p class="res-header-id"><b>Narrativa gerada: CodeSystem pcid-br</b></p><a name="pcid-br"> </a><a name="hcpcid-br"> </a><p>Este case-sensitive sistema de código <code>http://farmaco.maxapex.net/brig/fhir/CodeSystem/pcid-br</code> define o seguinte códigos:</p><table class="codes"><tr><td style="white-space:nowrap"><b>Código</b></td><td><b>Ecrã</b></td><td><b>Definição</b></td></tr><tr><td style="white-space:nowrap">BR-ANVISA-001234-P001<a name="pcid-br-BR-ANVISA-001234-P001"> </a></td><td>PCID Exemplo 1</td><td>Exemplo de PCID brasileiro para demonstração</td></tr><tr><td style="white-space:nowrap">BR-NEO-567890-P001<a name="pcid-br-BR-NEO-567890-P001"> </a></td><td>PCID Exemplo 2</td><td>Exemplo de PCID brasileiro para demonstração</td></tr></table></div></text><extension url="http://hl7.org/fhir/StructureDefinition/structuredefinition-standards-status"><valueCode value="informative"><extension url="http://hl7.org/fhir/StructureDefinition/structuredefinition-conformance-derivedFrom"><valueCanonical value="http://farmaco.maxapex.net/brig/fhir/ImplementationGuide/brig.idmp.brazil"/></extension></valueCode></extension><url value="http://farmaco.maxapex.net/brig/fhir/CodeSystem/pcid-br"/><version value="0.0.2"/><name value="PCIDBrazil"/><title value="PCID - Identificador de Produto Embalado - Brasil"/><status value="draft"/><experimental value="true"/><date value="2025-08-02"/><publisher value="Eugênio Neves"/><contact><name value="Eugênio Neves"/><telecom><system value="url"/><value value="https://farmaco.maxapex.net"/></telecom><telecom><system value="email"/><value value="eugenio@farmaco.io"/></telecom></contact><contact><name value="Eugênio Neves"/><telecom><system value="email"/><value value="eugenio@farmaco.io"/></telecom><telecom><system value="url"/><value value="https://farmaco.maxapex.net/brig/fhir"/></telecom></contact><description value="Sistema de códigos para identificadores de produtos embalados conforme ISO 11615"/><jurisdiction><coding><system value="urn:iso:std:iso:3166"/><code value="BR"/></coding></jurisdiction><purpose value="Implementação brasileira do PCID conforme ISO 11615 - Packaged product identification"/><copyright value="Copyright © 2025 Farmaco.io. Este trabalho está licenciado sob a MIT License. FHIR® é marca registrada da HL7 International, usada com permissão."/><caseSensitive value="true"/><content value="complete"/><count value="2"/><concept><code value="BR-ANVISA-001234-P001"/><display value="PCID Exemplo 1"/><definition value="Exemplo de PCID brasileiro para demonstração"/><designation><use><system value="http://terminology.hl7.org/CodeSystem/designation-usage"/><code value="display"/></use><value value="PCID Exemplo 1"/></designation></concept><concept><code value="BR-NEO-567890-P001"/><display value="PCID Exemplo 2"/><definition value="Exemplo de PCID brasileiro para demonstração"/><designation><use><system value="http://terminology.hl7.org/CodeSystem/designation-usage"/><code value="display"/></use><value value="PCID Exemplo 2"/></designation></concept></CodeSystem>