<?xml version="1.0" encoding="UTF-8"?><CodeSystem xmlns="http://hl7.org/fhir"><id value="product-name-type-br"/><text><status value="generated"/><div xmlns="http://www.w3.org/1999/xhtml"><p class="res-header-id"><b>Narrativa gerada: CodeSystem product-name-type-br</b></p><a name="product-name-type-br"> </a><a name="hcproduct-name-type-br"> </a><p>Este case-sensitive sistema de código <code>http://farmaco.maxapex.net/brig/fhir/CodeSystem/product-name-type-br</code> define o seguinte códigos:</p><table class="codes"><tr><td style="white-space:nowrap"><b>Código</b></td><td><b>Ecrã</b></td><td><b>Definição</b></td></tr><tr><td style="white-space:nowrap">commercial<a name="product-name-type-br-commercial"> </a></td><td>Nome Comercial</td><td>Nome de fantasia do produto registrado para comercialização</td></tr><tr><td style="white-space:nowrap">scientific<a name="product-name-type-br-scientific"> </a></td><td>Nome Científico</td><td>Denominação Comum Brasileira (DCB) ou nome científico do princípio ativo</td></tr><tr><td style="white-space:nowrap">brand<a name="product-name-type-br-brand"> </a></td><td>Marca</td><td>Nome da marca sob a qual o produto é comercializado</td></tr><tr><td style="white-space:nowrap">generic<a name="product-name-type-br-generic"> </a></td><td>Nome Genérico</td><td>Denominação do medicamento genérico conforme DCB</td></tr><tr><td style="white-space:nowrap">popular<a name="product-name-type-br-popular"> </a></td><td>Nome Popular</td><td>Nome pelo qual o produto é popularmente conhecido</td></tr><tr><td style="white-space:nowrap">international<a name="product-name-type-br-international"> </a></td><td>Nome Internacional</td><td>Denominação Comum Internacional (DCI) do princípio ativo</td></tr></table></div></text><extension url="http://hl7.org/fhir/StructureDefinition/structuredefinition-standards-status"><valueCode value="informative"><extension url="http://hl7.org/fhir/StructureDefinition/structuredefinition-conformance-derivedFrom"><valueCanonical value="http://farmaco.maxapex.net/brig/fhir/ImplementationGuide/brig.idmp.brazil"/></extension></valueCode></extension><url value="http://farmaco.maxapex.net/brig/fhir/CodeSystem/product-name-type-br"/><version value="0.0.2"/><name value="ProductNameTypeBR"/><title value="Tipos de Nome de Produto - Brasil"/><status value="draft"/><experimental value="true"/><date value="2025-08-02"/><publisher value="Eugênio Neves"/><contact><name value="Eugênio Neves"/><telecom><system value="url"/><value value="https://farmaco.maxapex.net"/></telecom><telecom><system value="email"/><value value="eugenio@farmaco.io"/></telecom></contact><contact><name value="Eugênio Neves"/><telecom><system value="email"/><value value="eugenio@farmaco.io"/></telecom><telecom><system value="url"/><value value="https://farmaco.maxapex.net/brig/fhir"/></telecom></contact><description value="Sistema de códigos para tipos de nomes de produtos medicinais"/><jurisdiction><coding><system value="urn:iso:std:iso:3166"/><code value="BR"/></coding></jurisdiction><copyright value="Copyright © 2025 Farmaco.io. Este trabalho está licenciado sob a MIT License. FHIR® é marca registrada da HL7 International, usada com permissão."/><caseSensitive value="true"/><content value="complete"/><count value="6"/><concept><code value="commercial"/><display value="Nome Comercial"/><definition value="Nome de fantasia do produto registrado para comercialização"/><designation><use><system value="http://terminology.hl7.org/CodeSystem/designation-usage"/><code value="display"/></use><value value="Nome Comercial"/></designation></concept><concept><code value="scientific"/><display value="Nome Científico"/><definition value="Denominação Comum Brasileira (DCB) ou nome científico do princípio ativo"/><designation><use><system value="http://terminology.hl7.org/CodeSystem/designation-usage"/><code value="display"/></use><value value="Nome Científico"/></designation></concept><concept><code value="brand"/><display value="Marca"/><definition value="Nome da marca sob a qual o produto é comercializado"/><designation><use><system value="http://terminology.hl7.org/CodeSystem/designation-usage"/><code value="display"/></use><value value="Marca"/></designation></concept><concept><code value="generic"/><display value="Nome Genérico"/><definition value="Denominação do medicamento genérico conforme DCB"/><designation><use><system value="http://terminology.hl7.org/CodeSystem/designation-usage"/><code value="display"/></use><value value="Nome Genérico"/></designation></concept><concept><code value="popular"/><display value="Nome Popular"/><definition value="Nome pelo qual o produto é popularmente conhecido"/><designation><use><system value="http://terminology.hl7.org/CodeSystem/designation-usage"/><code value="display"/></use><value value="Nome Popular"/></designation></concept><concept><code value="international"/><display value="Nome Internacional"/><definition value="Denominação Comum Internacional (DCI) do princípio ativo"/><designation><use><system value="http://terminology.hl7.org/CodeSystem/designation-usage"/><code value="display"/></use><value value="Nome Internacional"/></designation></concept></CodeSystem>