<?xml version="1.0" encoding="UTF-8"?><CodeSystem xmlns="http://hl7.org/fhir"><id value="packaging-material-br"/><text><status value="generated"/><div xmlns="http://www.w3.org/1999/xhtml"><p class="res-header-id"><b>Narrativa gerada: CodeSystem packaging-material-br</b></p><a name="packaging-material-br"> </a><a name="hcpackaging-material-br"> </a><p>Este case-sensitive sistema de código <code>http://farmaco.maxapex.net/brig/fhir/CodeSystem/packaging-material-br</code> define o seguinte códigos:</p><table class="codes"><tr><td style="white-space:nowrap"><b>Código</b></td><td><b>Ecrã</b></td><td><b>Definição</b></td></tr><tr><td style="white-space:nowrap">vidro<a name="packaging-material-br-vidro"> </a></td><td>Vidro</td><td>Embalagem de vidro</td></tr><tr><td style="white-space:nowrap">plastico<a name="packaging-material-br-plastico"> </a></td><td>Plástico</td><td>Embalagem plástica</td></tr><tr><td style="white-space:nowrap">aluminio<a name="packaging-material-br-aluminio"> </a></td><td>Alumínio</td><td>Embalagem de alumínio</td></tr><tr><td style="white-space:nowrap">papel<a name="packaging-material-br-papel"> </a></td><td>Papel</td><td>Embalagem de papel/papelão</td></tr><tr><td style="white-space:nowrap">pvc<a name="packaging-material-br-pvc"> </a></td><td>PVC</td><td>Cloreto de polivinila</td></tr><tr><td style="white-space:nowrap">pe<a name="packaging-material-br-pe"> </a></td><td>Polietileno</td><td>Polietileno</td></tr><tr><td style="white-space:nowrap">pp<a name="packaging-material-br-pp"> </a></td><td>Polipropileno</td><td>Polipropileno</td></tr><tr><td style="white-space:nowrap">pet<a name="packaging-material-br-pet"> </a></td><td>PET</td><td>Politereftalato de etileno</td></tr><tr><td style="white-space:nowrap">pvdc<a name="packaging-material-br-pvdc"> </a></td><td>PVDC</td><td>Cloreto de polivinilideno</td></tr><tr><td style="white-space:nowrap">borracha<a name="packaging-material-br-borracha"> </a></td><td>Borracha</td><td>Material de borracha/elastômero</td></tr><tr><td style="white-space:nowrap">metal<a name="packaging-material-br-metal"> </a></td><td>Metal</td><td>Material metálico geral</td></tr><tr><td style="white-space:nowrap">lamina-aluminio<a name="packaging-material-br-lamina-aluminio"> </a></td><td>Lâmina de Alumínio</td><td>Lâmina/folha de alumínio</td></tr></table></div></text><extension url="http://hl7.org/fhir/StructureDefinition/structuredefinition-standards-status"><valueCode value="informative"><extension url="http://hl7.org/fhir/StructureDefinition/structuredefinition-conformance-derivedFrom"><valueCanonical value="http://farmaco.maxapex.net/brig/fhir/ImplementationGuide/brig.idmp.brazil"/></extension></valueCode></extension><url value="http://farmaco.maxapex.net/brig/fhir/CodeSystem/packaging-material-br"/><version value="0.0.2"/><name value="PackagingMaterialBR"/><title value="Materiais de Embalagem - Brasil"/><status value="draft"/><experimental value="true"/><date value="2025-08-02"/><publisher value="Eugênio Neves"/><contact><name value="Eugênio Neves"/><telecom><system value="url"/><value value="https://farmaco.maxapex.net"/></telecom><telecom><system value="email"/><value value="eugenio@farmaco.io"/></telecom></contact><contact><name value="Eugênio Neves"/><telecom><system value="email"/><value value="eugenio@farmaco.io"/></telecom><telecom><system value="url"/><value value="https://farmaco.maxapex.net/brig/fhir"/></telecom></contact><description value="Sistema de códigos para materiais de embalagem no Brasil"/><jurisdiction><coding><system value="urn:iso:std:iso:3166"/><code value="BR"/></coding></jurisdiction><copyright value="Copyright © 2025 Farmaco.io. Este trabalho está licenciado sob a MIT License. FHIR® é marca registrada da HL7 International, usada com permissão."/><caseSensitive value="true"/><content value="complete"/><count value="12"/><concept><code value="vidro"/><display value="Vidro"/><definition value="Embalagem de vidro"/><designation><use><system value="http://terminology.hl7.org/CodeSystem/designation-usage"/><code value="display"/></use><value value="Vidro"/></designation></concept><concept><code value="plastico"/><display value="Plástico"/><definition value="Embalagem plástica"/><designation><use><system value="http://terminology.hl7.org/CodeSystem/designation-usage"/><code value="display"/></use><value value="Plástico"/></designation></concept><concept><code value="aluminio"/><display value="Alumínio"/><definition value="Embalagem de alumínio"/><designation><use><system value="http://terminology.hl7.org/CodeSystem/designation-usage"/><code value="display"/></use><value value="Alumínio"/></designation></concept><concept><code value="papel"/><display value="Papel"/><definition value="Embalagem de papel/papelão"/><designation><use><system value="http://terminology.hl7.org/CodeSystem/designation-usage"/><code value="display"/></use><value value="Papel"/></designation></concept><concept><code value="pvc"/><display value="PVC"/><definition value="Cloreto de polivinila"/><designation><use><system value="http://terminology.hl7.org/CodeSystem/designation-usage"/><code value="display"/></use><value value="PVC"/></designation></concept><concept><code value="pe"/><display value="Polietileno"/><definition value="Polietileno"/><designation><use><system value="http://terminology.hl7.org/CodeSystem/designation-usage"/><code value="display"/></use><value value="Polietileno"/></designation></concept><concept><code value="pp"/><display value="Polipropileno"/><definition value="Polipropileno"/><designation><use><system value="http://terminology.hl7.org/CodeSystem/designation-usage"/><code value="display"/></use><value value="Polipropileno"/></designation></concept><concept><code value="pet"/><display value="PET"/><definition value="Politereftalato de etileno"/><designation><use><system value="http://terminology.hl7.org/CodeSystem/designation-usage"/><code value="display"/></use><value value="PET"/></designation></concept><concept><code value="pvdc"/><display value="PVDC"/><definition value="Cloreto de polivinilideno"/><designation><use><system value="http://terminology.hl7.org/CodeSystem/designation-usage"/><code value="display"/></use><value value="PVDC"/></designation></concept><concept><code value="borracha"/><display value="Borracha"/><definition value="Material de borracha/elastômero"/><designation><use><system value="http://terminology.hl7.org/CodeSystem/designation-usage"/><code value="display"/></use><value value="Borracha"/></designation></concept><concept><code value="metal"/><display value="Metal"/><definition value="Material metálico geral"/><designation><use><system value="http://terminology.hl7.org/CodeSystem/designation-usage"/><code value="display"/></use><value value="Metal"/></designation></concept><concept><code value="lamina-aluminio"/><display value="Lâmina de Alumínio"/><definition value="Lâmina/folha de alumínio"/><designation><use><system value="http://terminology.hl7.org/CodeSystem/designation-usage"/><code value="display"/></use><value value="Lâmina de Alumínio"/></designation></concept></CodeSystem>