<?xml version="1.0" encoding="UTF-8"?><CodeSystem xmlns="http://hl7.org/fhir"><id value="mpid-defining-elements"/><text><status value="generated"/><div xmlns="http://www.w3.org/1999/xhtml"><p class="res-header-id"><b>Narrativa gerada: CodeSystem mpid-defining-elements</b></p><a name="mpid-defining-elements"> </a><a name="hcmpid-defining-elements"> </a><p>Este case-sensitive sistema de código <code>http://farmaco.maxapex.net/brig/fhir/CodeSystem/mpid-defining-elements</code> define o seguinte códigos:</p><table class="codes"><tr><td style="white-space:nowrap"><b>Código</b></td><td><b>Ecrã</b></td><td><b>Definição</b></td></tr><tr><td style="white-space:nowrap">therapeutic-indication<a name="mpid-defining-elements-therapeutic-indication"> </a></td><td>Indicação Terapêutica</td><td>Mudança em indicação terapêutica requer novo MPID</td></tr><tr><td style="white-space:nowrap">legal-status<a name="mpid-defining-elements-legal-status"> </a></td><td>Status Legal</td><td>Mudança em status legal requer novo MPID</td></tr><tr><td style="white-space:nowrap">associated-device<a name="mpid-defining-elements-associated-device"> </a></td><td>Dispositivo Associado</td><td>Mudança em dispositivo associado pode requer novo MPID</td></tr><tr><td style="white-space:nowrap">active-substance<a name="mpid-defining-elements-active-substance"> </a></td><td>Substância Ativa</td><td>Mudança em substância ativa requer novo MPID</td></tr><tr><td style="white-space:nowrap">strength<a name="mpid-defining-elements-strength"> </a></td><td>Concentração</td><td>Mudança em concentração requer novo MPID</td></tr><tr><td style="white-space:nowrap">pharmaceutical-form<a name="mpid-defining-elements-pharmaceutical-form"> </a></td><td>Forma Farmacêutica</td><td>Mudança em forma farmacêutica requer novo MPID</td></tr><tr><td style="white-space:nowrap">route-administration<a name="mpid-defining-elements-route-administration"> </a></td><td>Via de Administração</td><td>Mudança em via de administração requer novo MPID</td></tr></table></div></text><extension url="http://hl7.org/fhir/StructureDefinition/structuredefinition-standards-status"><valueCode value="informative"><extension url="http://hl7.org/fhir/StructureDefinition/structuredefinition-conformance-derivedFrom"><valueCanonical value="http://farmaco.maxapex.net/brig/fhir/ImplementationGuide/brig.idmp.brazil"/></extension></valueCode></extension><url value="http://farmaco.maxapex.net/brig/fhir/CodeSystem/mpid-defining-elements"/><version value="0.0.2"/><name value="MPIDDefiningElements"/><title value="Elementos Definidores de MPID"/><status value="draft"/><experimental value="true"/><date value="2025-08-02"/><publisher value="Eugênio Neves"/><contact><name value="Eugênio Neves"/><telecom><system value="url"/><value value="https://farmaco.maxapex.net"/></telecom><telecom><system value="email"/><value value="eugenio@farmaco.io"/></telecom></contact><contact><name value="Eugênio Neves"/><telecom><system value="email"/><value value="eugenio@farmaco.io"/></telecom><telecom><system value="url"/><value value="https://farmaco.maxapex.net/brig/fhir"/></telecom></contact><description value="Códigos para elementos que definem quando criar novo MPID"/><jurisdiction><coding><system value="urn:iso:std:iso:3166"/><code value="BR"/></coding></jurisdiction><copyright value="Copyright © 2025 Farmaco.io. Este trabalho está licenciado sob a MIT License. FHIR® é marca registrada da HL7 International, usada com permissão."/><caseSensitive value="true"/><content value="complete"/><count value="7"/><concept><code value="therapeutic-indication"/><display value="Indicação Terapêutica"/><definition value="Mudança em indicação terapêutica requer novo MPID"/><designation><use><system value="http://terminology.hl7.org/CodeSystem/designation-usage"/><code value="display"/></use><value value="Indicação Terapêutica"/></designation></concept><concept><code value="legal-status"/><display value="Status Legal"/><definition value="Mudança em status legal requer novo MPID"/><designation><use><system value="http://terminology.hl7.org/CodeSystem/designation-usage"/><code value="display"/></use><value value="Status Legal"/></designation></concept><concept><code value="associated-device"/><display value="Dispositivo Associado"/><definition value="Mudança em dispositivo associado pode requer novo MPID"/><designation><use><system value="http://terminology.hl7.org/CodeSystem/designation-usage"/><code value="display"/></use><value value="Dispositivo Associado"/></designation></concept><concept><code value="active-substance"/><display value="Substância Ativa"/><definition value="Mudança em substância ativa requer novo MPID"/><designation><use><system value="http://terminology.hl7.org/CodeSystem/designation-usage"/><code value="display"/></use><value value="Substância Ativa"/></designation></concept><concept><code value="strength"/><display value="Concentração"/><definition value="Mudança em concentração requer novo MPID"/><designation><use><system value="http://terminology.hl7.org/CodeSystem/designation-usage"/><code value="display"/></use><value value="Concentração"/></designation></concept><concept><code value="pharmaceutical-form"/><display value="Forma Farmacêutica"/><definition value="Mudança em forma farmacêutica requer novo MPID"/><designation><use><system value="http://terminology.hl7.org/CodeSystem/designation-usage"/><code value="display"/></use><value value="Forma Farmacêutica"/></designation></concept><concept><code value="route-administration"/><display value="Via de Administração"/><definition value="Mudança em via de administração requer novo MPID"/><designation><use><system value="http://terminology.hl7.org/CodeSystem/designation-usage"/><code value="display"/></use><value value="Via de Administração"/></designation></concept></CodeSystem>