<?xml version="1.0" encoding="UTF-8"?><CodeSystem xmlns="http://hl7.org/fhir"><id value="clinical-use-category-br"/><language value="pt-BR"/><text><status value="generated"/><div xmlns="http://www.w3.org/1999/xhtml" xml:lang="pt-BR" lang="pt-BR"><p class="res-header-id"><b>Narrativa gerada: CodeSystem clinical-use-category-br</b></p><a name="clinical-use-category-br"> </a><a name="hcclinical-use-category-br"> </a><div style="display: inline-block; background-color: #d9e0e7; padding: 6px; margin: 4px; border: 1px solid #8da1b4; border-radius: 5px; line-height: 60%"><p style="margin-bottom: 0px">Língua: pt-BR</p></div><p>Este case-sensitive sistema de código <code>http://farmaco.maxapex.net/brig/fhir/CodeSystem/clinical-use-category-br</code> define o seguinte códigos:</p><table class="codes"><tr><td style="white-space:nowrap"><b>Código</b></td><td><b>Ecrã</b></td><td><b>Definição</b></td></tr><tr><td style="white-space:nowrap">ceaf<a name="clinical-use-category-br-ceaf"> </a></td><td>Componente Especializado da Assistência Farmacêutica</td><td>Medicamento incluído no CEAF para doenças raras e de alto custo</td></tr><tr><td style="white-space:nowrap">cbaf<a name="clinical-use-category-br-cbaf"> </a></td><td>Componente Básico da Assistência Farmacêutica</td><td>Medicamento do componente básico da assistência farmacêutica</td></tr><tr><td style="white-space:nowrap">rename<a name="clinical-use-category-br-rename"> </a></td><td>Relação Nacional de Medicamentos Essenciais</td><td>Medicamento incluído na RENAME</td></tr><tr><td style="white-space:nowrap">pediatric<a name="clinical-use-category-br-pediatric"> </a></td><td>Uso pediátrico</td><td>Indicação específica para população pediátrica</td></tr><tr><td style="white-space:nowrap">geriatric<a name="clinical-use-category-br-geriatric"> </a></td><td>Uso geriátrico</td><td>Indicação específica para população geriátrica</td></tr><tr><td style="white-space:nowrap">pregnancy<a name="clinical-use-category-br-pregnancy"> </a></td><td>Gestação</td><td>Considerações especiais para gestantes</td></tr><tr><td style="white-space:nowrap">lactation<a name="clinical-use-category-br-lactation"> </a></td><td>Lactação</td><td>Considerações especiais para lactantes</td></tr><tr><td style="white-space:nowrap">hospital<a name="clinical-use-category-br-hospital"> </a></td><td>Uso hospitalar</td><td>Medicamento de uso exclusivamente hospitalar</td></tr><tr><td style="white-space:nowrap">controlled<a name="clinical-use-category-br-controlled"> </a></td><td>Controle especial</td><td>Medicamento sujeito a controle especial</td></tr><tr><td style="white-space:nowrap">biological<a name="clinical-use-category-br-biological"> </a></td><td>Medicamento biológico</td><td>Produto biológico com considerações especiais</td></tr><tr><td style="white-space:nowrap">herbal<a name="clinical-use-category-br-herbal"> </a></td><td>Medicamento fitoterápico</td><td>Produto fitoterápico registrado</td></tr><tr><td style="white-space:nowrap">otc<a name="clinical-use-category-br-otc"> </a></td><td>Medicamento isento de prescrição</td><td>Medicamento de venda livre (OTC)</td></tr></table></div></text><extension url="http://hl7.org/fhir/StructureDefinition/structuredefinition-standards-status"><valueCode value="informative"><extension url="http://hl7.org/fhir/StructureDefinition/structuredefinition-conformance-derivedFrom"><valueCanonical value="http://farmaco.maxapex.net/brig/fhir/ImplementationGuide/brig.idmp.brazil"/></extension></valueCode></extension><url value="http://farmaco.maxapex.net/brig/fhir/CodeSystem/clinical-use-category-br"/><version value="0.0.2"/><name value="ClinicalUseCategoryBR"/><title value="Categorias de Uso Clínico - Brasil"/><status value="draft"/><experimental value="true"/><date value="2025-09-07"/><publisher value="Eugênio Neves"/><contact><name value="Eugênio Neves"/><telecom><system value="url"/><value value="https://farmaco.maxapex.net"/></telecom><telecom><system value="email"/><value value="eugenio@farmaco.io"/></telecom></contact><contact><name value="Eugênio Neves"/><telecom><system value="email"/><value value="eugenio@farmaco.io"/></telecom><telecom><system value="url"/><value value="https://farmaco.maxapex.net/brig/fhir"/></telecom></contact><description value="Categorias específicas brasileiras para classificação de uso clínico."/><jurisdiction><coding><system value="urn:iso:std:iso:3166"/><code value="BR"/></coding></jurisdiction><copyright value="Copyright © 2025 Farmaco.io. Este trabalho está licenciado sob a MIT License. FHIR® é marca registrada da HL7 International, usada com permissão."/><caseSensitive value="true"/><compositional value="false"/><versionNeeded value="false"/><content value="complete"/><count value="12"/><concept><code value="ceaf"/><display value="Componente Especializado da Assistência Farmacêutica"/><definition value="Medicamento incluído no CEAF para doenças raras e de alto custo"/><designation><language value="pt-BR"/><value value="CEAF"/></designation><designation><language value="pt-BR"/><use><system value="http://terminology.hl7.org/CodeSystem/designation-usage"/><code value="display"/></use><value value="Componente Especializado da Assistência Farmacêutica"/></designation></concept><concept><code value="cbaf"/><display value="Componente Básico da Assistência Farmacêutica"/><definition value="Medicamento do componente básico da assistência farmacêutica"/><designation><language value="pt-BR"/><value value="CBAF"/></designation><designation><language value="pt-BR"/><use><system value="http://terminology.hl7.org/CodeSystem/designation-usage"/><code value="display"/></use><value value="Componente Básico da Assistência Farmacêutica"/></designation></concept><concept><code value="rename"/><display value="Relação Nacional de Medicamentos Essenciais"/><definition value="Medicamento incluído na RENAME"/><designation><language value="pt-BR"/><value value="RENAME"/></designation><designation><language value="pt-BR"/><use><system value="http://terminology.hl7.org/CodeSystem/designation-usage"/><code value="display"/></use><value value="Relação Nacional de Medicamentos Essenciais"/></designation></concept><concept><code value="pediatric"/><display value="Uso pediátrico"/><definition value="Indicação específica para população pediátrica"/><designation><language value="pt-BR"/><value value="Pediátrico"/></designation><designation><language value="pt-BR"/><use><system value="http://terminology.hl7.org/CodeSystem/designation-usage"/><code value="display"/></use><value value="Uso pediátrico"/></designation></concept><concept><code value="geriatric"/><display value="Uso geriátrico"/><definition value="Indicação específica para população geriátrica"/><designation><language value="pt-BR"/><value value="Geriátrico"/></designation><designation><language value="pt-BR"/><use><system value="http://terminology.hl7.org/CodeSystem/designation-usage"/><code value="display"/></use><value value="Uso geriátrico"/></designation></concept><concept><code value="pregnancy"/><display value="Gestação"/><definition value="Considerações especiais para gestantes"/><designation><language value="pt-BR"/><value value="Gestação"/></designation><designation><language value="pt-BR"/><use><system value="http://terminology.hl7.org/CodeSystem/designation-usage"/><code value="display"/></use><value value="Gestação"/></designation></concept><concept><code value="lactation"/><display value="Lactação"/><definition value="Considerações especiais para lactantes"/><designation><language value="pt-BR"/><value value="Lactação"/></designation><designation><language value="pt-BR"/><use><system value="http://terminology.hl7.org/CodeSystem/designation-usage"/><code value="display"/></use><value value="Lactação"/></designation></concept><concept><code value="hospital"/><display value="Uso hospitalar"/><definition value="Medicamento de uso exclusivamente hospitalar"/><designation><language value="pt-BR"/><value value="Hospitalar"/></designation><designation><language value="pt-BR"/><use><system value="http://terminology.hl7.org/CodeSystem/designation-usage"/><code value="display"/></use><value value="Uso hospitalar"/></designation></concept><concept><code value="controlled"/><display value="Controle especial"/><definition value="Medicamento sujeito a controle especial"/><designation><language value="pt-BR"/><value value="Controle especial"/></designation><designation><language value="pt-BR"/><use><system value="http://terminology.hl7.org/CodeSystem/designation-usage"/><code value="display"/></use><value value="Controle especial"/></designation></concept><concept><code value="biological"/><display value="Medicamento biológico"/><definition value="Produto biológico com considerações especiais"/><designation><language value="pt-BR"/><value value="Biológico"/></designation><designation><language value="pt-BR"/><use><system value="http://terminology.hl7.org/CodeSystem/designation-usage"/><code value="display"/></use><value value="Medicamento biológico"/></designation></concept><concept><code value="herbal"/><display value="Medicamento fitoterápico"/><definition value="Produto fitoterápico registrado"/><designation><language value="pt-BR"/><value value="Fitoterápico"/></designation><designation><language value="pt-BR"/><use><system value="http://terminology.hl7.org/CodeSystem/designation-usage"/><code value="display"/></use><value value="Medicamento fitoterápico"/></designation></concept><concept><code value="otc"/><display value="Medicamento isento de prescrição"/><definition value="Medicamento de venda livre (OTC)"/><designation><language value="pt-BR"/><value value="Isento de prescrição"/></designation><designation><language value="pt-BR"/><use><system value="http://terminology.hl7.org/CodeSystem/designation-usage"/><code value="display"/></use><value value="Medicamento isento de prescrição"/></designation></concept></CodeSystem>