<?xml version="1.0" encoding="UTF-8"?><CodeSystem xmlns="http://hl7.org/fhir"><id value="manufactured-item-br"/><text><status value="generated"/><div xmlns="http://www.w3.org/1999/xhtml"><p class="res-header-id"><b>Narrativa gerada: CodeSystem manufactured-item-br</b></p><a name="manufactured-item-br"> </a><a name="hcmanufactured-item-br"> </a><p>Este case-sensitive sistema de código <code>http://farmaco.maxapex.net/brig/fhir/CodeSystem/manufactured-item-br</code> define o seguinte códigos:</p><table class="codes"><tr><td style="white-space:nowrap"><b>Código</b></td><td><b>Ecrã</b></td><td><b>Definição</b></td></tr><tr><td style="white-space:nowrap">dipirona-comp-500mg<a name="manufactured-item-br-dipirona-comp-500mg"> </a></td><td>Dipirona Sódica 500mg comprimido</td><td>Comprimido de dipirona sódica 500mg</td></tr><tr><td style="white-space:nowrap">midazolam-amp-5mg-3ml<a name="manufactured-item-br-midazolam-amp-5mg-3ml"> </a></td><td>Midazolam 5mg/mL ampola 3mL</td><td>Ampola de midazolam 5mg/mL com 3mL</td></tr></table></div></text><extension url="http://hl7.org/fhir/StructureDefinition/structuredefinition-standards-status"><valueCode value="informative"><extension url="http://hl7.org/fhir/StructureDefinition/structuredefinition-conformance-derivedFrom"><valueCanonical value="http://farmaco.maxapex.net/brig/fhir/ImplementationGuide/brig.idmp.brazil"/></extension></valueCode></extension><url value="http://farmaco.maxapex.net/brig/fhir/CodeSystem/manufactured-item-br"/><version value="0.0.2"/><name value="ManufacturedItemBR"/><title value="Itens Fabricados - Brasil"/><status value="draft"/><experimental value="true"/><date value="2025-08-02"/><publisher value="Eugênio Neves"/><contact><name value="Eugênio Neves"/><telecom><system value="url"/><value value="https://farmaco.maxapex.net"/></telecom><telecom><system value="email"/><value value="eugenio@farmaco.io"/></telecom></contact><contact><name value="Eugênio Neves"/><telecom><system value="email"/><value value="eugenio@farmaco.io"/></telecom><telecom><system value="url"/><value value="https://farmaco.maxapex.net/brig/fhir"/></telecom></contact><description value="Códigos para itens farmacêuticos fabricados"/><jurisdiction><coding><system value="urn:iso:std:iso:3166"/><code value="BR"/></coding></jurisdiction><copyright value="Copyright © 2025 Farmaco.io. Este trabalho está licenciado sob a MIT License. FHIR® é marca registrada da HL7 International, usada com permissão."/><caseSensitive value="true"/><content value="complete"/><count value="2"/><concept><code value="dipirona-comp-500mg"/><display value="Dipirona Sódica 500mg comprimido"/><definition value="Comprimido de dipirona sódica 500mg"/></concept><concept><code value="midazolam-amp-5mg-3ml"/><display value="Midazolam 5mg/mL ampola 3mL"/><definition value="Ampola de midazolam 5mg/mL com 3mL"/></concept></CodeSystem>