<?xml version="1.0" encoding="UTF-8"?><ValueSet xmlns="http://hl7.org/fhir"><id value="interaction-type-br"/><language value="pt-BR"/><text><status value="generated"/><div xmlns="http://www.w3.org/1999/xhtml" xml:lang="pt-BR" lang="pt-BR"><p class="res-header-id"><b>Narrativa gerada: ValueSet interaction-type-br</b></p><a name="interaction-type-br"> </a><a name="hcinteraction-type-br"> </a><div style="display: inline-block; background-color: #d9e0e7; padding: 6px; margin: 4px; border: 1px solid #8da1b4; border-radius: 5px; line-height: 60%"><p style="margin-bottom: 0px">Língua: pt-BR</p></div><ul><li>Include estes códigos, tal como definidos em <a href="http://www.snomed.org/"><code>http://snomed.info/sct</code></a><table class="none"><tr><td style="white-space:nowrap"><b>Código</b></td><td><b>Ecrã</b></td></tr><tr><td><a href="http://snomed.info/id/182817000">182817000</a></td><td>Drug interaction with ethanol (disorder)</td></tr><tr><td><a href="http://snomed.info/id/432102000">432102000</a></td><td>Administration of substance (procedure)</td></tr></table></li></ul></div></text><extension url="http://hl7.org/fhir/StructureDefinition/structuredefinition-standards-status"><valueCode value="informative"><extension url="http://hl7.org/fhir/StructureDefinition/structuredefinition-conformance-derivedFrom"><valueCanonical value="http://farmaco.maxapex.net/brig/fhir/ImplementationGuide/brig.idmp.brazil"/></extension></valueCode></extension><url value="http://farmaco.maxapex.net/brig/fhir/ValueSet/interaction-type-br"/><version value="0.0.2"/><name value="InteractionTypeBRValueSet"/><title value="Tipos de Interação - Brasil"/><status value="draft"/><experimental value="true"/><date value="2025-09-07"/><publisher value="Eugênio Neves"/><contact><name value="Eugênio Neves"/><telecom><system value="url"/><value value="https://farmaco.maxapex.net"/></telecom><telecom><system value="email"/><value value="eugenio@farmaco.io"/></telecom></contact><contact><name value="Eugênio Neves"/><telecom><system value="email"/><value value="eugenio@farmaco.io"/></telecom><telecom><system value="url"/><value value="https://farmaco.maxapex.net/brig/fhir"/></telecom></contact><description value="ValueSet dos tipos de interação medicamentosa para o contexto brasileiro."/><jurisdiction><coding><system value="urn:iso:std:iso:3166"/><code value="BR"/></coding></jurisdiction><immutable value="false"/><copyright value="Copyright © 2025 Farmaco.io. Este trabalho está licenciado sob a MIT License. FHIR® é marca registrada da HL7 International, usada com permissão."/><compose><include><system value="http://snomed.info/sct"/><concept><code value="182817000"/><display value="Drug interaction with ethanol (disorder)"/></concept><concept><code value="432102000"/><display value="Administration of substance (procedure)"/></concept></include></compose></ValueSet>