<?xml version="1.0" encoding="UTF-8"?><ValueSet xmlns="http://hl7.org/fhir"><id value="dcb-brasileiras"/><text><status value="generated"/><div xmlns="http://www.w3.org/1999/xhtml"><p class="res-header-id"><b>Narrativa gerada: ValueSet dcb-brasileiras</b></p><a name="dcb-brasileiras"> </a><a name="hcdcb-brasileiras"> </a><ul><li>Include todos os códigos definidos em <a href="CodeSystem-dcb-brasileiras.html"><code>http://farmaco.maxapex.net/brig/fhir/CodeSystem/dcb-brasileiras</code></a></li></ul></div></text><extension url="http://hl7.org/fhir/StructureDefinition/structuredefinition-standards-status"><valueCode value="informative"><extension url="http://hl7.org/fhir/StructureDefinition/structuredefinition-conformance-derivedFrom"><valueCanonical value="http://farmaco.maxapex.net/brig/fhir/ImplementationGuide/brig.idmp.brazil"/></extension></valueCode></extension><url value="http://farmaco.maxapex.net/brig/fhir/ValueSet/dcb-brasileiras"/><version value="0.0.2"/><name value="DCBBrasileiras"/><title value="Denominações Comuns Brasileiras (DCB)"/><status value="draft"/><experimental value="true"/><date value="2025-08-04"/><publisher value="Eugênio Neves"/><contact><name value="Eugênio Neves"/><telecom><system value="url"/><value value="https://farmaco.maxapex.net"/></telecom><telecom><system value="email"/><value value="eugenio@farmaco.io"/></telecom></contact><contact><name value="Eugênio Neves"/><telecom><system value="email"/><value value="eugenio@farmaco.io"/></telecom><telecom><system value="url"/><value value="https://farmaco.maxapex.net/brig/fhir"/></telecom></contact><description value="Denominações Comuns Brasileiras padronizadas pela ANVISA para substâncias ativas"/><jurisdiction><coding><system value="urn:iso:std:iso:3166"/><code value="BR"/></coding></jurisdiction><copyright value="ANVISA - Agência Nacional de Vigilância Sanitária"/><compose><include><system value="http://farmaco.maxapex.net/brig/fhir/CodeSystem/dcb-brasileiras"/></include></compose></ValueSet>