<?xml version="1.0" encoding="UTF-8"?><ValueSet xmlns="http://hl7.org/fhir"><id value="pcid-requiring-changes"/><text><status value="extensions"/><div xmlns="http://www.w3.org/1999/xhtml"><p class="res-header-id"><b>Narrativa gerada: ValueSet pcid-requiring-changes</b></p><a name="pcid-requiring-changes"> </a><a name="hcpcid-requiring-changes"> </a><ul><li>Include estes códigos, tal como definidos em <a href="CodeSystem-identifier-change-reason.html"><code>http://farmaco.maxapex.net/brig/fhir/CodeSystem/identifier-change-reason</code></a><table class="none"><tr><td style="white-space:nowrap"><b>Código</b></td><td><b>Ecrã</b></td><td><b>Definição</b></td></tr><tr><td><a href="CodeSystem-identifier-change-reason.html#identifier-change-reason-package-change">package-change</a></td><td style="color: #cccccc">Mudança de Embalagem</td><td>Alteração significativa na embalagem primária ou secundária</td></tr><tr><td><a href="CodeSystem-identifier-change-reason.html#identifier-change-reason-container-change">container-change</a></td><td style="color: #cccccc">Mudança de Container</td><td>Alteração do tipo ou material do container primário</td></tr><tr><td><a href="CodeSystem-identifier-change-reason.html#identifier-change-reason-quantity-change">quantity-change</a></td><td style="color: #cccccc">Mudança de Quantidade</td><td>Alteração da quantidade de unidades por embalagem</td></tr><tr><td><a href="CodeSystem-identifier-change-reason.html#identifier-change-reason-component-change">component-change</a></td><td style="color: #cccccc">Mudança de Componente</td><td>Adição, remoção ou modificação de componentes da embalagem</td></tr></table></li></ul></div></text><extension url="http://hl7.org/fhir/StructureDefinition/structuredefinition-standards-status"><valueCode value="informative"><extension url="http://hl7.org/fhir/StructureDefinition/structuredefinition-conformance-derivedFrom"><valueCanonical value="http://farmaco.maxapex.net/brig/fhir/ImplementationGuide/brig.idmp.brazil"/></extension></valueCode></extension><url value="http://farmaco.maxapex.net/brig/fhir/ValueSet/pcid-requiring-changes"/><version value="0.0.2"/><name value="PCIDRequiringChanges"/><title value="Mudanças que Requerem Novo PCID"/><status value="draft"/><experimental value="true"/><date value="2025-08-04"/><publisher value="Eugênio Neves"/><contact><name value="Eugênio Neves"/><telecom><system value="url"/><value value="https://farmaco.maxapex.net"/></telecom><telecom><system value="email"/><value value="eugenio@farmaco.io"/></telecom></contact><contact><name value="Eugênio Neves"/><telecom><system value="email"/><value value="eugenio@farmaco.io"/></telecom><telecom><system value="url"/><value value="https://farmaco.maxapex.net/brig/fhir"/></telecom></contact><description value="Tipos de mudanças que requerem geração de novo PCID"/><jurisdiction><coding><system value="urn:iso:std:iso:3166"/><code value="BR"/></coding></jurisdiction><copyright value="Copyright © 2025 Farmaco.io. Este trabalho está licenciado sob a MIT License. FHIR® é marca registrada da HL7 International, usada com permissão."/><compose><include><system value="http://farmaco.maxapex.net/brig/fhir/CodeSystem/identifier-change-reason"/><concept><code value="package-change"/></concept><concept><code value="container-change"/></concept><concept><code value="quantity-change"/></concept><concept><code value="component-change"/></concept></include></compose></ValueSet>