<?xml version="1.0" encoding="UTF-8"?><ValueSet xmlns="http://hl7.org/fhir"><id value="contraindication-condition-br"/><language value="pt-BR"/><text><status value="generated"/><div xmlns="http://www.w3.org/1999/xhtml" xml:lang="pt-BR" lang="pt-BR"><p class="res-header-id"><b>Narrativa gerada: ValueSet contraindication-condition-br</b></p><a name="contraindication-condition-br"> </a><a name="hccontraindication-condition-br"> </a><div style="display: inline-block; background-color: #d9e0e7; padding: 6px; margin: 4px; border: 1px solid #8da1b4; border-radius: 5px; line-height: 60%"><p style="margin-bottom: 0px">Língua: pt-BR</p></div><p>Este conjunto de valores inclui códigos baseados nas seguintes regras:</p><ul><li>Incluir estes códigos, tal como definidos em <a href="http://www.snomed.org/"><code>http://snomed.info/sct</code></a><table class="none"><tr><td style="white-space:nowrap"><b>Código</b></td><td><b>Ecrã</b></td></tr><tr><td><a href="http://snomed.info/id/418038007">418038007</a></td><td>Propensity to adverse reactions to substance (finding)</td></tr><tr><td><a href="http://snomed.info/id/419511003">419511003</a></td><td>Propensity to adverse reactions to drug (finding)</td></tr><tr><td><a href="http://snomed.info/id/282100009">282100009</a></td><td>Adverse reaction caused by substance (disorder)</td></tr></table></li><li>Incluir estes códigos, tal como definidos em <a href="http://terminology.hl7.org/5.0.0/CodeSystem-icd10.html"><code>http://hl7.org/fhir/sid/icd-10</code></a><table class="none"><tr><td style="white-space:nowrap"><b>Código</b></td><td><b>Ecrã</b></td></tr><tr><td>K25.9</td><td>Úlcera gástrica não especificada</td></tr><tr><td>K26.9</td><td>Úlcera duodenal não especificada</td></tr><tr><td>N18.6</td><td>Doença renal crônica estágio terminal</td></tr><tr><td>K72.90</td><td>Insuficiência hepática</td></tr><tr><td>I50.9</td><td>Insuficiência cardíaca</td></tr><tr><td>O20.9</td><td>Hemorragia no início da gravidez</td></tr><tr><td>Z87.891</td><td>História pessoal de alergia a medicamento</td></tr></table></li></ul></div></text><extension url="http://hl7.org/fhir/StructureDefinition/structuredefinition-standards-status"><valueCode value="informative"><extension url="http://hl7.org/fhir/StructureDefinition/structuredefinition-conformance-derivedFrom"><valueCanonical value="http://farmaco.maxapex.net/brig/fhir/ImplementationGuide/brig.idmp.brazil"/></extension></valueCode></extension><url value="http://farmaco.maxapex.net/brig/fhir/ValueSet/contraindication-condition-br"/><version value="0.0.2"/><name value="ContraindicationConditionBRValueSet"/><title value="Condições de Contraindicação - Brasil"/><status value="draft"/><experimental value="true"/><date value="2025-09-07"/><publisher value="Eugênio Neves"/><contact><name value="Eugênio Neves"/><telecom><system value="url"/><value value="https://farmaco.maxapex.net"/></telecom><telecom><system value="email"/><value value="eugenio@farmaco.io"/></telecom></contact><contact><name value="Eugênio Neves"/><telecom><system value="email"/><value value="eugenio@farmaco.io"/></telecom><telecom><system value="url"/><value value="https://farmaco.maxapex.net/brig/fhir"/></telecom></contact><description value="ValueSet de condições médicas que constituem contraindicações no contexto brasileiro."/><jurisdiction><coding><system value="urn:iso:std:iso:3166"/><code value="BR"/></coding></jurisdiction><immutable value="false"/><copyright value="Copyright © 2025 Farmaco.io. Este trabalho está licenciado sob a MIT License. FHIR® é marca registrada da HL7 International, usada com permissão."/><compose><include><system value="http://snomed.info/sct"/><concept><code value="418038007"/><display value="Propensity to adverse reactions to substance (finding)"/></concept><concept><code value="419511003"/><display value="Propensity to adverse reactions to drug (finding)"/></concept><concept><code value="282100009"/><display value="Adverse reaction caused by substance (disorder)"/></concept></include><include><system value="http://hl7.org/fhir/sid/icd-10"/><concept><code value="K25.9"/><display value="Úlcera gástrica não especificada"/></concept><concept><code value="K26.9"/><display value="Úlcera duodenal não especificada"/></concept><concept><code value="N18.6"/><display value="Doença renal crônica estágio terminal"/></concept><concept><code value="K72.90"/><display value="Insuficiência hepática"/></concept><concept><code value="I50.9"/><display value="Insuficiência cardíaca"/></concept><concept><code value="O20.9"/><display value="Hemorragia no início da gravidez"/></concept><concept><code value="Z87.891"/><display value="História pessoal de alergia a medicamento"/></concept></include></compose></ValueSet>