<?xml version="1.0" encoding="UTF-8"?><ValueSet xmlns="http://hl7.org/fhir"><id value="mpid-requiring-changes"/><text><status value="extensions"/><div xmlns="http://www.w3.org/1999/xhtml"><p class="res-header-id"><b>Narrativa gerada: ValueSet mpid-requiring-changes</b></p><a name="mpid-requiring-changes"> </a><a name="hcmpid-requiring-changes"> </a><ul><li>Include estes códigos, tal como definidos em <a href="CodeSystem-identifier-change-reason.html"><code>http://farmaco.maxapex.net/brig/fhir/CodeSystem/identifier-change-reason</code></a><table class="none"><tr><td style="white-space:nowrap"><b>Código</b></td><td><b>Ecrã</b></td><td><b>Definição</b></td></tr><tr><td><a href="CodeSystem-identifier-change-reason.html#identifier-change-reason-mah-transfer">mah-transfer</a></td><td style="color: #cccccc">Transferência de Titular</td><td>Mudança do titular da autorização de marketing</td></tr><tr><td><a href="CodeSystem-identifier-change-reason.html#identifier-change-reason-legal-status-change">legal-status-change</a></td><td style="color: #cccccc">Mudança de Status Legal</td><td>Alteração do status legal de fornecimento (prescrição, OTC, controlado)</td></tr><tr><td><a href="CodeSystem-identifier-change-reason.html#identifier-change-reason-indication-change">indication-change</a></td><td style="color: #cccccc">Mudança de Indicação Terapêutica</td><td>Adição, remoção ou modificação significativa de indicações terapêuticas</td></tr><tr><td><a href="CodeSystem-identifier-change-reason.html#identifier-change-reason-strength-change">strength-change</a></td><td style="color: #cccccc">Mudança de Concentração</td><td>Alteração na concentração ou força da substância ativa</td></tr><tr><td><a href="CodeSystem-identifier-change-reason.html#identifier-change-reason-form-change">form-change</a></td><td style="color: #cccccc">Mudança de Forma Farmacêutica</td><td>Alteração da forma farmacêutica do produto</td></tr><tr><td><a href="CodeSystem-identifier-change-reason.html#identifier-change-reason-route-change">route-change</a></td><td style="color: #cccccc">Mudança de Via de Administração</td><td>Adição, remoção ou modificação das vias de administração</td></tr><tr><td><a href="CodeSystem-identifier-change-reason.html#identifier-change-reason-substance-change">substance-change</a></td><td style="color: #cccccc">Mudança de Substância Ativa</td><td>Alteração, adição ou remoção de substância ativa</td></tr></table></li></ul></div></text><extension url="http://hl7.org/fhir/StructureDefinition/structuredefinition-standards-status"><valueCode value="informative"><extension url="http://hl7.org/fhir/StructureDefinition/structuredefinition-conformance-derivedFrom"><valueCanonical value="http://farmaco.maxapex.net/brig/fhir/ImplementationGuide/brig.idmp.brazil"/></extension></valueCode></extension><url value="http://farmaco.maxapex.net/brig/fhir/ValueSet/mpid-requiring-changes"/><version value="0.0.2"/><name value="MPIDRequiringChanges"/><title value="Mudanças que Requerem Novo MPID"/><status value="draft"/><experimental value="true"/><date value="2025-08-04"/><publisher value="Eugênio Neves"/><contact><name value="Eugênio Neves"/><telecom><system value="url"/><value value="https://farmaco.maxapex.net"/></telecom><telecom><system value="email"/><value value="eugenio@farmaco.io"/></telecom></contact><contact><name value="Eugênio Neves"/><telecom><system value="email"/><value value="eugenio@farmaco.io"/></telecom><telecom><system value="url"/><value value="https://farmaco.maxapex.net/brig/fhir"/></telecom></contact><description value="Tipos de mudanças que requerem geração de novo MPID"/><jurisdiction><coding><system value="urn:iso:std:iso:3166"/><code value="BR"/></coding></jurisdiction><copyright value="Copyright © 2025 Farmaco.io. Este trabalho está licenciado sob a MIT License. FHIR® é marca registrada da HL7 International, usada com permissão."/><compose><include><system value="http://farmaco.maxapex.net/brig/fhir/CodeSystem/identifier-change-reason"/><concept><code value="mah-transfer"/></concept><concept><code value="legal-status-change"/></concept><concept><code value="indication-change"/></concept><concept><code value="strength-change"/></concept><concept><code value="form-change"/></concept><concept><code value="route-change"/></concept><concept><code value="substance-change"/></concept></include></compose></ValueSet>