<?xml version="1.0" encoding="UTF-8"?><ValueSet xmlns="http://hl7.org/fhir"><id value="clinical-use-type-br"/><language value="pt-BR"/><text><status value="extensions"/><div xmlns="http://www.w3.org/1999/xhtml" xml:lang="pt-BR" lang="pt-BR"><p class="res-header-id"><b>Narrativa gerada: ValueSet clinical-use-type-br</b></p><a name="clinical-use-type-br"> </a><a name="hcclinical-use-type-br"> </a><div style="display: inline-block; background-color: #d9e0e7; padding: 6px; margin: 4px; border: 1px solid #8da1b4; border-radius: 5px; line-height: 60%"><p style="margin-bottom: 0px">Língua: pt-BR</p></div><ul><li>Include estes códigos, tal como definidos em <a href="CodeSystem-clinical-use-type-br.html"><code>http://farmaco.maxapex.net/brig/fhir/CodeSystem/clinical-use-type-br</code></a><table class="none"><tr><td style="white-space:nowrap"><b>Código</b></td><td><b>Ecrã</b></td><td><b>Definição</b></td></tr><tr><td><a href="CodeSystem-clinical-use-type-br.html#clinical-use-type-br-indication">indication</a></td><td>Indicação terapêutica</td><td>Condição médica ou situação clínica para a qual o medicamento é indicado</td></tr><tr><td><a href="CodeSystem-clinical-use-type-br.html#clinical-use-type-br-contraindication">contraindication</a></td><td>Contraindicação</td><td>Condição ou situação que desaconselha ou proíbe o uso do medicamento</td></tr><tr><td><a href="CodeSystem-clinical-use-type-br.html#clinical-use-type-br-interaction">interaction</a></td><td>Interação medicamentosa</td><td>Interação entre medicamentos, alimentos ou outros produtos que pode alterar eficácia ou segurança</td></tr><tr><td><a href="CodeSystem-clinical-use-type-br.html#clinical-use-type-br-undesirable-effect">undesirable-effect</a></td><td>Efeito indesejável</td><td>Reação adversa ou efeito colateral associado ao uso do medicamento</td></tr><tr><td><a href="CodeSystem-clinical-use-type-br.html#clinical-use-type-br-warning">warning</a></td><td>Advertência especial</td><td>Precaução ou advertência especial para uso seguro do medicamento</td></tr><tr><td><a href="CodeSystem-clinical-use-type-br.html#clinical-use-type-br-dosage">dosage</a></td><td>Posologia</td><td>Esquema posológico recomendado incluindo dose, frequência e duração</td></tr><tr><td><a href="CodeSystem-clinical-use-type-br.html#clinical-use-type-br-dce-sus">dce-sus</a></td><td>Critério DCE-SUS</td><td>Critério de elegibilidade para Componente Especializado da Assistência Farmacêutica</td></tr><tr><td><a href="CodeSystem-clinical-use-type-br.html#clinical-use-type-br-rename">rename</a></td><td>Critério RENAME</td><td>Critério de inclusão na Relação Nacional de Medicamentos Essenciais</td></tr></table></li></ul></div></text><extension url="http://hl7.org/fhir/StructureDefinition/structuredefinition-standards-status"><valueCode value="informative"><extension url="http://hl7.org/fhir/StructureDefinition/structuredefinition-conformance-derivedFrom"><valueCanonical value="http://farmaco.maxapex.net/brig/fhir/ImplementationGuide/brig.idmp.brazil"/></extension></valueCode></extension><url value="http://farmaco.maxapex.net/brig/fhir/ValueSet/clinical-use-type-br"/><version value="0.0.2"/><name value="ClinicalUseTypeBRValueSet"/><title value="Tipos de Uso Clínico - Brasil"/><status value="draft"/><experimental value="true"/><date value="2025-09-07"/><publisher value="Eugênio Neves"/><contact><name value="Eugênio Neves"/><telecom><system value="url"/><value value="https://farmaco.maxapex.net"/></telecom><telecom><system value="email"/><value value="eugenio@farmaco.io"/></telecom></contact><contact><name value="Eugênio Neves"/><telecom><system value="email"/><value value="eugenio@farmaco.io"/></telecom><telecom><system value="url"/><value value="https://farmaco.maxapex.net/brig/fhir"/></telecom></contact><description value="ValueSet dos tipos de definição de uso clínico para o contexto brasileiro."/><jurisdiction><coding><system value="urn:iso:std:iso:3166"/><code value="BR"/></coding></jurisdiction><immutable value="false"/><copyright value="Copyright © 2025 Farmaco.io. Este trabalho está licenciado sob a MIT License. FHIR® é marca registrada da HL7 International, usada com permissão."/><compose><include><system value="http://farmaco.maxapex.net/brig/fhir/CodeSystem/clinical-use-type-br"/><concept><code value="indication"/><display value="Indicação terapêutica"/></concept><concept><code value="contraindication"/><display value="Contraindicação"/></concept><concept><code value="interaction"/><display value="Interação medicamentosa"/></concept><concept><code value="undesirable-effect"/><display value="Efeito indesejável"/></concept><concept><code value="warning"/><display value="Advertência especial"/></concept><concept><code value="dosage"/><display value="Posologia"/></concept><concept><code value="dce-sus"/><display value="Critério DCE-SUS"/></concept><concept><code value="rename"/><display value="Critério RENAME"/></concept></include></compose></ValueSet>