<?xml version="1.0" encoding="UTF-8"?><ValueSet xmlns="http://hl7.org/fhir"><id value="comorbidity-br"/><language value="pt-BR"/><text><status value="generated"/><div xmlns="http://www.w3.org/1999/xhtml" xml:lang="pt-BR" lang="pt-BR"><p class="res-header-id"><b>Narrativa gerada: ValueSet comorbidity-br</b></p><a name="comorbidity-br"> </a><a name="hccomorbidity-br"> </a><div style="display: inline-block; background-color: #d9e0e7; padding: 6px; margin: 4px; border: 1px solid #8da1b4; border-radius: 5px; line-height: 60%"><p style="margin-bottom: 0px">Língua: pt-BR</p></div><ul><li>Include estes códigos, tal como definidos em <a href="http://terminology.hl7.org/5.0.0/CodeSystem-icd10.html"><code>http://hl7.org/fhir/sid/icd-10</code></a><table class="none"><tr><td style="white-space:nowrap"><b>Código</b></td><td><b>Ecrã</b></td></tr><tr><td>I10</td><td>Hipertensão essencial</td></tr><tr><td>E11.9</td><td>Diabetes mellitus tipo 2</td></tr><tr><td>N18.6</td><td>Doença renal crônica estágio terminal</td></tr><tr><td>K72.90</td><td>Insuficiência hepática</td></tr><tr><td>I50.9</td><td>Insuficiência cardíaca</td></tr></table></li></ul></div></text><extension url="http://hl7.org/fhir/StructureDefinition/structuredefinition-standards-status"><valueCode value="informative"><extension url="http://hl7.org/fhir/StructureDefinition/structuredefinition-conformance-derivedFrom"><valueCanonical value="http://farmaco.maxapex.net/brig/fhir/ImplementationGuide/brig.idmp.brazil"/></extension></valueCode></extension><url value="http://farmaco.maxapex.net/brig/fhir/ValueSet/comorbidity-br"/><version value="0.0.2"/><name value="ComorbidityBRValueSet"/><title value="Comorbidades - Brasil"/><status value="draft"/><experimental value="true"/><date value="2025-09-07"/><publisher value="Eugênio Neves"/><contact><name value="Eugênio Neves"/><telecom><system value="url"/><value value="https://farmaco.maxapex.net"/></telecom><telecom><system value="email"/><value value="eugenio@farmaco.io"/></telecom></contact><contact><name value="Eugênio Neves"/><telecom><system value="email"/><value value="eugenio@farmaco.io"/></telecom><telecom><system value="url"/><value value="https://farmaco.maxapex.net/brig/fhir"/></telecom></contact><description value="ValueSet de comorbidades relevantes para indicações e contraindicações no contexto brasileiro."/><jurisdiction><coding><system value="urn:iso:std:iso:3166"/><code value="BR"/></coding></jurisdiction><immutable value="false"/><copyright value="Copyright © 2025 Farmaco.io. Este trabalho está licenciado sob a MIT License. FHIR® é marca registrada da HL7 International, usada com permissão."/><compose><include><system value="http://hl7.org/fhir/sid/icd-10"/><concept><code value="I10"/><display value="Hipertensão essencial"/></concept><concept><code value="E11.9"/><display value="Diabetes mellitus tipo 2"/></concept><concept><code value="N18.6"/><display value="Doença renal crônica estágio terminal"/></concept><concept><code value="K72.90"/><display value="Insuficiência hepática"/></concept><concept><code value="I50.9"/><display value="Insuficiência cardíaca"/></concept></include></compose></ValueSet>