<?xml version="1.0" encoding="UTF-8"?><ValueSet xmlns="http://hl7.org/fhir"><id value="substance-code-br"/><text><status value="generated"/><div xmlns="http://www.w3.org/1999/xhtml"><p class="res-header-id"><b>Narrativa gerada: ValueSet substance-code-br</b></p><a name="substance-code-br"> </a><a name="hcsubstance-code-br"> </a><p>Este conjunto de valores inclui códigos baseados nas seguintes regras:</p><ul><li>Incluir todos os códigos definidos em <a href="http://www.whocc.no/atc"><code>http://www.whocc.no/atc</code></a></li><li>Incluir códigos de<a href="http://www.snomed.org/"><code>http://snomed.info/sct</code></a> onde concept  é um 105590001 (Substance)</li><li>Incluir todos os códigos definidos em <a href="CodeSystem-anvisa-substance-code.html"><code>http://farmaco.maxapex.net/brig/fhir/CodeSystem/anvisa-substance-code</code></a></li></ul></div></text><extension url="http://hl7.org/fhir/StructureDefinition/structuredefinition-standards-status"><valueCode value="informative"><extension url="http://hl7.org/fhir/StructureDefinition/structuredefinition-conformance-derivedFrom"><valueCanonical value="http://farmaco.maxapex.net/brig/fhir/ImplementationGuide/brig.idmp.brazil"/></extension></valueCode></extension><url value="http://farmaco.maxapex.net/brig/fhir/ValueSet/substance-code-br"/><version value="0.0.2"/><name value="SubstanceCodeBR"/><title value="Códigos de Substância - Brasil"/><status value="draft"/><experimental value="true"/><date value="2025-08-02"/><publisher value="Eugênio Neves"/><contact><name value="Eugênio Neves"/><telecom><system value="url"/><value value="https://farmaco.maxapex.net"/></telecom><telecom><system value="email"/><value value="eugenio@farmaco.io"/></telecom></contact><contact><name value="Eugênio Neves"/><telecom><system value="email"/><value value="eugenio@farmaco.io"/></telecom><telecom><system value="url"/><value value="https://farmaco.maxapex.net/brig/fhir"/></telecom></contact><description value="Códigos padronizados para substâncias no contexto brasileiro"/><jurisdiction><coding><system value="urn:iso:std:iso:3166"/><code value="BR"/></coding></jurisdiction><copyright value="Copyright © 2025 Farmaco.io. Este trabalho está licenciado sob a MIT License. FHIR® é marca registrada da HL7 International, usada com permissão."/><compose><include><system value="http://www.whocc.no/atc"/></include><include><system value="http://snomed.info/sct"/><filter><property value="concept"/><op value="is-a"/><value value="105590001"/></filter></include><include><system value="http://farmaco.maxapex.net/brig/fhir/CodeSystem/anvisa-substance-code"/></include></compose></ValueSet>