<?xml version="1.0" encoding="UTF-8"?><ValueSet xmlns="http://hl7.org/fhir"><id value="administrable-dose-form-br"/><text><status value="generated"/><div xmlns="http://www.w3.org/1999/xhtml"><p class="res-header-id"><b>Narrativa gerada: ValueSet administrable-dose-form-br</b></p><a name="administrable-dose-form-br"> </a><a name="hcadministrable-dose-form-br"> </a><ul><li>Include todos os códigos definidos em <a href="CodeSystem-administrable-dose-form-br.html"><code>http://farmaco.maxapex.net/brig/fhir/CodeSystem/administrable-dose-form-br</code></a></li></ul></div></text><extension url="http://hl7.org/fhir/StructureDefinition/structuredefinition-standards-status"><valueCode value="informative"><extension url="http://hl7.org/fhir/StructureDefinition/structuredefinition-conformance-derivedFrom"><valueCanonical value="http://farmaco.maxapex.net/brig/fhir/ImplementationGuide/brig.idmp.brazil"/></extension></valueCode></extension><url value="http://farmaco.maxapex.net/brig/fhir/ValueSet/administrable-dose-form-br"/><version value="0.0.2"/><name value="AdministrableDoseFormBR"/><title value="Formas Farmacêuticas Administráveis - Brasil"/><status value="draft"/><experimental value="true"/><date value="2025-08-02"/><publisher value="Eugênio Neves"/><contact><name value="Eugênio Neves"/><telecom><system value="url"/><value value="https://farmaco.maxapex.net"/></telecom><telecom><system value="email"/><value value="eugenio@farmaco.io"/></telecom></contact><contact><name value="Eugênio Neves"/><telecom><system value="email"/><value value="eugenio@farmaco.io"/></telecom><telecom><system value="url"/><value value="https://farmaco.maxapex.net/brig/fhir"/></telecom></contact><description value="Formas farmacêuticas na apresentação final, prontas para administração ao paciente"/><jurisdiction><coding><system value="urn:iso:std:iso:3166"/><code value="BR"/></coding></jurisdiction><copyright value="Copyright © 2025 Farmaco.io. Este trabalho está licenciado sob a MIT License. FHIR® é marca registrada da HL7 International, usada com permissão."/><compose><include><system value="http://farmaco.maxapex.net/brig/fhir/CodeSystem/administrable-dose-form-br"/></include></compose></ValueSet>