<?xml version="1.0" encoding="UTF-8"?>

<Organization xmlns="http://hl7.org/fhir">
  <id value="manufacturer-example"/>
  <text>
    <status value="generated"/><div xmlns="http://www.w3.org/1999/xhtml"><p class="res-header-id"><b>Narrativa gerada: Organization manufacturer-example</b></p><a name="manufacturer-example"> </a><a name="hcmanufacturer-example"> </a><p><b>identifier</b>: <code>https://anvisa.gov.br/cnpj</code>/00.000.000/0001-00</p><p><b>active</b>: true</p><p><b>type</b>: <span title="Códigos:{http://terminology.hl7.org/CodeSystem/organization-type prov}">Healthcare Provider</span></p><p><b>name</b>: Laboratório Exemplo S.A.</p></div>
  </text>
  <identifier>
    <system value="https://anvisa.gov.br/cnpj"/>
    <value value="00.000.000/0001-00"/>
  </identifier>
  <active value="true"/>
  <type>
    <coding>
      <system value="http://terminology.hl7.org/CodeSystem/organization-type"/>
      <code value="prov"/>
      <display value="Healthcare Provider"/>
    </coding>
  </type>
  <name value="Laboratório Exemplo S.A."/>
</Organization>