<?xml version="1.0" encoding="UTF-8"?>

<Organization xmlns="http://hl7.org/fhir">
  <id value="org-simple-example"/>
  <meta>
    <profile value="http://farmaco.maxapex.net/brig/fhir/StructureDefinition/Organization-anvisa-simple"/>
  </meta>
  <text>
    <status value="generated"/><div xmlns="http://www.w3.org/1999/xhtml"><p class="res-header-id"><b>Narrativa gerada: Organization org-simple-example</b></p><a name="org-simple-example"> </a><a name="hcorg-simple-example"> </a><div style="display: inline-block; background-color: #d9e0e7; padding: 6px; margin: 4px; border: 1px solid #8da1b4; border-radius: 5px; line-height: 60%"><p style="margin-bottom: 0px"/><p style="margin-bottom: 0px">Perfil: <a href="StructureDefinition-Organization-anvisa-simple.html">Organização ANVISA - Brasil (Simplificado)</a></p></div><p><b>identifier</b>: <code>https://saude.gov.br/fhir/sid/cnpj</code>/11.222.333/0001-44, <code>http://anvisa.gov.br/afe</code>/AFE111222333</p><p><b>active</b>: true</p><p><b>type</b>: <span title="Códigos:{http://terminology.hl7.org/CodeSystem/organization-type prov}">Healthcare Provider</span></p><p><b>name</b>: Organização Simples Ltda</p></div>
  </text>
  <identifier>
    <system value="https://saude.gov.br/fhir/sid/cnpj"/>
    <value value="11.222.333/0001-44"/>
  </identifier>
  <identifier>
    <system value="http://anvisa.gov.br/afe"/>
    <value value="AFE111222333"/>
  </identifier>
  <active value="true"/>
  <type>
    <coding>
      <system value="http://terminology.hl7.org/CodeSystem/organization-type"/>
      <code value="prov"/>
    </coding>
  </type>
  <name value="Organização Simples Ltda"/>
</Organization>