<?xml version="1.0" encoding="UTF-8"?>

<Organization xmlns="http://hl7.org/fhir">
  <id value="organization-anvisa-example"/>
  <text>
    <status value="generated"/><div xmlns="http://www.w3.org/1999/xhtml"><p class="res-header-id"><b>Narrativa gerada: Organization organization-anvisa-example</b></p><a name="organization-anvisa-example"> </a><a name="hcorganization-anvisa-example"> </a><p><b>identifier</b>: <code>https://anvisa.gov.br/cnpj</code>/03.798.064/0001-10</p><p><b>active</b>: true</p><p><b>type</b>: <span title="Códigos:{http://terminology.hl7.org/CodeSystem/organization-type govt}">Government</span></p><p><b>name</b>: Agência Nacional de Vigilância Sanitária - ANVISA</p></div>
  </text>
  <identifier>
    <system value="https://anvisa.gov.br/cnpj"/>
    <value value="03.798.064/0001-10"/>
  </identifier>
  <active value="true"/>
  <type>
    <coding>
      <system value="http://terminology.hl7.org/CodeSystem/organization-type"/>
      <code value="govt"/>
      <display value="Government"/>
    </coding>
  </type>
  <name value="Agência Nacional de Vigilância Sanitária - ANVISA"/>
</Organization>