<?xml version="1.0" encoding="UTF-8"?>

<PackagedProductDefinition xmlns="http://hl7.org/fhir">
  <id value="midazolam-5mg-package"/>
  <meta>
    <lastUpdated value="2025-08-02T10:00:00Z"/>
    <profile value="http://farmaco.maxapex.net/brig/fhir/StructureDefinition/PackagedProductDefinition-br"/>
  </meta>
  <text>
    <status value="generated"/><div xmlns="http://www.w3.org/1999/xhtml"><h2>Midazolam Cristália 5mg/mL - Embalagem</h2><p><strong>EAN/GTIN:</strong> 7891234567891</p><p><strong>Código ANVISA:</strong> PKG-MID-5MG-10AMP</p><p><strong>Conteúdo:</strong> 10 ampolas de 3mL (5mg/mL)</p><p><strong>Embalagem:</strong> Caixa de papelão com ampolas de vidro âmbar</p><p><strong>Armazenamento:</strong> Conservar sob refrigeração, proteger da luz</p><p><strong>Status:</strong> Medicamento controlado - Prescrição médica obrigatória</p><p><strong>Fabricante:</strong> Cristália Brasil</p><p><strong>Produto base:</strong> Midazolam 5mg/mL injetável</p><p><strong>Classificação:</strong> Medicamento hospitalar de uso controlado</p></div>
  </text>
  <identifier>
    <system value="http://farmaco.maxapex.net/brig/fhir/CodeSystem/pcid-br"/>
    <value value="BR-CRISTALIA-567890-P001"/>
  </identifier>
  <identifier>
    <system value="http://hl7.org/fhir/sid/gs1"/>
    <value value="7891234567891"/>
  </identifier>
  <identifier>
    <system value="http://anvisa.gov.br/produtos/embalagem"/>
    <value value="PKG-MID-5MG-10AMP"/>
  </identifier>
  <name value="Midazolam Cristália 5mg/mL - Caixa 10 ampolas 3mL"/>
  <type>
    <coding>
      <system value="http://farmaco.maxapex.net/brig/fhir/CodeSystem/packaged-product-type-br"/>
      <code value="medicamento-hospitalar"/>
    </coding>
  </type>
  <packageFor>
    <reference value="MedicinalProductDefinitionBR/midazolam-5mg-injection"/>
  </packageFor>
  <legalStatusOfSupply>
    <code>
      <coding>
        <system value="http://farmaco.maxapex.net/brig/fhir/CodeSystem/legal-status-supply-br"/>
        <code value="receita-azul"/>
      </coding>
    </code>
  </legalStatusOfSupply>
  <marketingStatus>
    <country>
      <coding>
        <system value="urn:iso:std:iso:3166"/>
        <code value="BR"/>
      </coding>
    </country>
    <status>
      <coding>
        <system value="http://farmaco.maxapex.net/brig/fhir/CodeSystem/marketing-status-br"/>
        <code value="active"/>
      </coding>
    </status>
    <dateRange>
      <start value="2019-08-10"/>
    </dateRange>
  </marketingStatus>
  <manufacturer>
    <reference value="OrganizationANVISASimple/cristalia-brasil"/>
  </manufacturer>
  <packaging>
    <type>
      <coding>
        <system value="http://farmaco.maxapex.net/brig/fhir/CodeSystem/packaging-type-br"/>
        <code value="caixa"/>
      </coding>
    </type>
    <quantity value="1"/>
    <material>
      <coding>
        <system value="http://farmaco.maxapex.net/brig/fhir/CodeSystem/packaging-material-br"/>
        <code value="papel"/>
      </coding>
    </material>
    <material>
      <coding>
        <system value="http://farmaco.maxapex.net/brig/fhir/CodeSystem/packaging-material-br"/>
        <code value="vidro"/>
      </coding>
    </material>
    <containedItem>
      <item>
        <concept>
          <coding>
            <system value="http://farmaco.maxapex.net/brig/fhir/CodeSystem/manufactured-item-br"/>
            <code value="midazolam-amp-5mg-3ml"/>
            <display value="Midazolam 5mg/mL ampola 3mL"/>
          </coding>
        </concept>
      </item>
      <amount>
        <value value="10"/>
        <unit value="ampola"/>
        <system value="http://unitsofmeasure.org"/>
        <code value="1"/>
      </amount>
    </containedItem>
  </packaging>
  <characteristic>
    <type>
      <coding>
        <system value="http://farmaco.maxapex.net/brig/fhir/CodeSystem/package-characteristic-br"/>
        <code value="armazenamento"/>
        <display value="Condições de armazenamento"/>
      </coding>
    </type>
    <valueCodeableConcept>
      <coding>
        <system value="http://farmaco.maxapex.net/brig/fhir/CodeSystem/storage-condition-br"/>
        <code value="refrigeracao"/>
        <display value="Refrigeração (2-8°C)"/>
      </coding>
    </valueCodeableConcept>
  </characteristic>
  <characteristic>
    <type>
      <coding>
        <system value="http://farmaco.maxapex.net/brig/fhir/CodeSystem/package-characteristic-br"/>
        <code value="protecao-luz"/>
        <display value="Proteção contra luz"/>
      </coding>
    </type>
    <valueCodeableConcept>
      <coding>
        <system value="http://farmaco.maxapex.net/brig/fhir/CodeSystem/protection-br"/>
        <code value="proteger-luz"/>
        <display value="Proteger da luz"/>
      </coding>
    </valueCodeableConcept>
  </characteristic>
</PackagedProductDefinition>