<?xml version="1.0" encoding="UTF-8"?>

<PackagedProductDefinition xmlns="http://hl7.org/fhir">
  <id value="paracetamol-package-example"/>
  <text>
    <status value="generated"/><div xmlns="http://www.w3.org/1999/xhtml"><p class="res-header-id"><b>Narrativa gerada: PackagedProductDefinition paracetamol-package-example</b></p><a name="paracetamol-package-example"> </a><a name="hcparacetamol-package-example"> </a><p><b>identifier</b>: <code>http://farmaco.maxapex.net/brig/fhir/CodeSystem/package-id-br</code>/BRIG-PKG-PAR-750</p><p><b>name</b>: Paracetamol 750mg - Caixa com 20 comprimidos</p><p><b>type</b>: <span title="Códigos:{http://hl7.org/fhir/packaging-type Box}">Box</span></p><p><b>packageFor</b>: <a href="MedicinalProductDefinition-paracetamol-750mg-example.html">MedicinalProductDefinition: identifier = http://farmaco.maxapex.net/brig/fhir/CodeSystem/mpid-br#BRIG-MPID-PAR-750,http://anvisa.gov.br/medicamentos/registro#100000000002; type = Medicamento; domain = Human use; status = Active; combinedPharmaceuticalDoseForm = Tablet; route = Oral; legalStatusOfSupply = Venda Livre; classification = paracetamol</a></p><p><b>status</b>: <span title="Códigos:{http://hl7.org/fhir/publication-status active}">Active</span></p><h3>Packagings</h3><table class="grid"><tr><td style="display: none">-</td><td><b>Type</b></td><td><b>Quantity</b></td></tr><tr><td style="display: none">*</td><td><span title="Códigos:{http://hl7.org/fhir/packaging-type Blister}">Blister</span></td><td>20</td></tr></table></div>
  </text>
  <identifier>
    <system value="http://farmaco.maxapex.net/brig/fhir/CodeSystem/package-id-br"/>
    <value value="BRIG-PKG-PAR-750"/>
  </identifier>
  <name value="Paracetamol 750mg - Caixa com 20 comprimidos"/>
  <type>
    <coding>
      <system value="http://hl7.org/fhir/packaging-type"/>
      <code value="Box"/>
    </coding>
  </type>
  <packageFor>
    <reference value="MedicinalProductDefinition/paracetamol-750mg-example"/>
  </packageFor>
  <status>
    <coding>
      <system value="http://hl7.org/fhir/publication-status"/>
      <code value="active"/>
    </coding>
  </status>
  <packaging>
    <type>
      <coding>
        <system value="http://hl7.org/fhir/packaging-type"/>
        <code value="Blister"/>
      </coding>
    </type>
    <quantity value="20"/>
  </packaging>
</PackagedProductDefinition>