<?xml version="1.0" encoding="UTF-8"?>

<RegulatedAuthorization xmlns="http://hl7.org/fhir">
  <id value="regulated-authorization-renewal-example"/>
  <meta>
    <profile value="http://farmaco.maxapex.net/brig/fhir/StructureDefinition/RegulatedAuthorization-br"/>
  </meta>
  <text>
    <status value="generated"/><div xmlns="http://www.w3.org/1999/xhtml"><p class="res-header-id"><b>Narrativa gerada: RegulatedAuthorization regulated-authorization-renewal-example</b></p><a name="regulated-authorization-renewal-example"> </a><a name="hcregulated-authorization-renewal-example"> </a><div style="display: inline-block; background-color: #d9e0e7; padding: 6px; margin: 4px; border: 1px solid #8da1b4; border-radius: 5px; line-height: 60%"><p style="margin-bottom: 0px"/><p style="margin-bottom: 0px">Perfil: <a href="StructureDefinition-RegulatedAuthorization-br.html">Autorização Regulatória - Brasil</a></p></div><p><b>identifier</b>: <code>http://anvisa.gov.br/medicamentos/registro</code>/1.5678.9012.345-6 (utilização: official, ), <code>http://anvisa.gov.br/processos</code>/25351.987654/2024-82 (utilização: secondary, ), <code>http://anvisa.gov.br/afe</code>/1.23456.7</p><p><b>subject</b>: <a href="MedicinalProductDefinition-paracetamol-750mg-example.html">Paracetamol 750mg Comprimidos</a></p><p><b>type</b>: <span title="Códigos:{http://farmaco.maxapex.net/brig/fhir/CodeSystem/regulated-authorization-type-br renewal}">Renovação</span></p><p><b>region</b>: <span title="Códigos:{urn:iso:std:iso:3166 BR}">Brazil</span></p><p><b>status</b>: <span title="Códigos:{http://farmaco.maxapex.net/brig/fhir/CodeSystem/regulated-authorization-status-br active}">Ativo</span></p><p><b>statusDate</b>: 2024-09-01</p><p><b>validityPeriod</b>: 2024-09-01 --&gt; 2034-09-01</p><p><b>basis</b>: <span title="Códigos:{http://farmaco.maxapex.net/brig/fhir/CodeSystem/legal-basis-anvisa-br rdc-317-2019}">RDC 317/2019</span></p><p><b>holder</b>: <a href="Organization-organization-ems-example.html">EMS S/A</a></p><p><b>regulator</b>: <a href="Organization-organization-anvisa-example.html">Agência Nacional de Vigilância Sanitária - ANVISA</a></p></div>
  </text>
  <identifier>
    <use value="official"/>
    <system value="http://anvisa.gov.br/medicamentos/registro"/>
    <value value="1.5678.9012.345-6"/>
  </identifier>
  <identifier>
    <use value="secondary"/>
    <system value="http://anvisa.gov.br/processos"/>
    <value value="25351.987654/2024-82"/>
  </identifier>
  <identifier>
    <system value="http://anvisa.gov.br/afe"/>
    <value value="1.23456.7"/>
  </identifier>
  <subject>
    <reference value="MedicinalProductDefinition/paracetamol-750mg-example"/>
    <display value="Paracetamol 750mg Comprimidos"/>
  </subject>
  <type>
    <coding>
      <system value="http://farmaco.maxapex.net/brig/fhir/CodeSystem/regulated-authorization-type-br"/>
      <code value="renewal"/>
      <display value="Renovação"/>
    </coding>
  </type>
  <region>
    <coding>
      <system value="urn:iso:std:iso:3166"/>
      <code value="BR"/>
    </coding>
  </region>
  <status>
    <coding>
      <system value="http://farmaco.maxapex.net/brig/fhir/CodeSystem/regulated-authorization-status-br"/>
      <code value="active"/>
      <display value="Ativo"/>
    </coding>
  </status>
  <statusDate value="2024-09-01"/>
  <validityPeriod>
    <start value="2024-09-01"/>
    <end value="2034-09-01"/>
  </validityPeriod>
  <basis>
    <coding>
      <system value="http://farmaco.maxapex.net/brig/fhir/CodeSystem/legal-basis-anvisa-br"/>
      <code value="rdc-317-2019"/>
      <display value="RDC 317/2019"/>
    </coding>
  </basis>
  <holder>
    <reference value="Organization/organization-ems-example"/>
    <display value="EMS S/A"/>
  </holder>
  <regulator>
    <reference value="Organization/organization-anvisa-example"/>
    <display value="Agência Nacional de Vigilância Sanitária - ANVISA"/>
  </regulator>
</RegulatedAuthorization>