{
  "resourceType" : "CodeSystem",
  "id" : "packaged-product-type-br",
  "text" : {
    "status" : "generated",
    "div" : "<div xmlns=\"http://www.w3.org/1999/xhtml\"><p class=\"res-header-id\"><b>Narrativa gerada: CodeSystem packaged-product-type-br</b></p><a name=\"packaged-product-type-br\"> </a><a name=\"hcpackaged-product-type-br\"> </a><p>Este case-sensitive sistema de código <code>http://farmaco.maxapex.net/brig/fhir/CodeSystem/packaged-product-type-br</code> define o seguinte códigos:</p><table class=\"codes\"><tr><td style=\"white-space:nowrap\"><b>Código</b></td><td><b>Ecrã</b></td><td><b>Definição</b></td></tr><tr><td style=\"white-space:nowrap\">medicamento<a name=\"packaged-product-type-br-medicamento\"> </a></td><td>Medicamento Embalado</td><td>Produto medicinal em embalagem comercial para dispensação</td></tr><tr><td style=\"white-space:nowrap\">medicamento-hospitalar<a name=\"packaged-product-type-br-medicamento-hospitalar\"> </a></td><td>Medicamento Hospitalar</td><td>Produto medicinal em embalagem para uso hospitalar</td></tr><tr><td style=\"white-space:nowrap\">medicamento-controlado<a name=\"packaged-product-type-br-medicamento-controlado\"> </a></td><td>Medicamento Controlado</td><td>Produto medicinal controlado em embalagem específica com requisitos especiais</td></tr><tr><td style=\"white-space:nowrap\">medicamento-generico<a name=\"packaged-product-type-br-medicamento-generico\"> </a></td><td>Medicamento Genérico</td><td>Medicamento genérico em embalagem comercial</td></tr><tr><td style=\"white-space:nowrap\">medicamento-similar<a name=\"packaged-product-type-br-medicamento-similar\"> </a></td><td>Medicamento Similar</td><td>Medicamento similar em embalagem comercial</td></tr><tr><td style=\"white-space:nowrap\">medicamento-referencia<a name=\"packaged-product-type-br-medicamento-referencia\"> </a></td><td>Medicamento de Referência</td><td>Medicamento de referência (inovador) em embalagem comercial</td></tr><tr><td style=\"white-space:nowrap\">fitoterapico<a name=\"packaged-product-type-br-fitoterapico\"> </a></td><td>Fitoterápico</td><td>Produto fitoterápico em embalagem comercial</td></tr><tr><td style=\"white-space:nowrap\">homeopatico<a name=\"packaged-product-type-br-homeopatico\"> </a></td><td>Homeopático</td><td>Produto homeopático em embalagem comercial</td></tr><tr><td style=\"white-space:nowrap\">cosmetico<a name=\"packaged-product-type-br-cosmetico\"> </a></td><td>Cosmético</td><td>Produto cosmético em embalagem comercial</td></tr><tr><td style=\"white-space:nowrap\">saneante<a name=\"packaged-product-type-br-saneante\"> </a></td><td>Saneante</td><td>Produto saneante em embalagem comercial</td></tr></table></div>"
  },
  "extension" : [{
    "url" : "http://hl7.org/fhir/StructureDefinition/structuredefinition-standards-status",
    "valueCode" : "informative",
    "_valueCode" : {
      "extension" : [{
        "url" : "http://hl7.org/fhir/StructureDefinition/structuredefinition-conformance-derivedFrom",
        "valueCanonical" : "http://farmaco.maxapex.net/brig/fhir/ImplementationGuide/brig.idmp.brazil"
      }]
    }
  }],
  "url" : "http://farmaco.maxapex.net/brig/fhir/CodeSystem/packaged-product-type-br",
  "version" : "0.0.2",
  "name" : "PackagedProductTypeBR",
  "title" : "Tipos de Produto Embalado - Brasil",
  "status" : "draft",
  "experimental" : true,
  "date" : "2025-08-02",
  "publisher" : "Eugênio Neves",
  "contact" : [{
    "name" : "Eugênio Neves",
    "telecom" : [{
      "system" : "url",
      "value" : "https://farmaco.maxapex.net"
    },
    {
      "system" : "email",
      "value" : "eugenio@farmaco.io"
    }]
  },
  {
    "name" : "Eugênio Neves",
    "telecom" : [{
      "system" : "email",
      "value" : "eugenio@farmaco.io"
    },
    {
      "system" : "url",
      "value" : "https://farmaco.maxapex.net/brig/fhir"
    }]
  }],
  "description" : "Sistema de códigos para tipos de produtos embalados no Brasil",
  "jurisdiction" : [{
    "coding" : [{
      "system" : "urn:iso:std:iso:3166",
      "code" : "BR"
    }]
  }],
  "copyright" : "Copyright © 2025 Farmaco.io. Este trabalho está licenciado sob a MIT License. FHIR® é marca registrada da HL7 International, usada com permissão.",
  "caseSensitive" : true,
  "content" : "complete",
  "count" : 10,
  "concept" : [{
    "code" : "medicamento",
    "display" : "Medicamento Embalado",
    "definition" : "Produto medicinal em embalagem comercial para dispensação"
  },
  {
    "code" : "medicamento-hospitalar",
    "display" : "Medicamento Hospitalar",
    "definition" : "Produto medicinal em embalagem para uso hospitalar"
  },
  {
    "code" : "medicamento-controlado",
    "display" : "Medicamento Controlado",
    "definition" : "Produto medicinal controlado em embalagem específica com requisitos especiais"
  },
  {
    "code" : "medicamento-generico",
    "display" : "Medicamento Genérico",
    "definition" : "Medicamento genérico em embalagem comercial"
  },
  {
    "code" : "medicamento-similar",
    "display" : "Medicamento Similar",
    "definition" : "Medicamento similar em embalagem comercial"
  },
  {
    "code" : "medicamento-referencia",
    "display" : "Medicamento de Referência",
    "definition" : "Medicamento de referência (inovador) em embalagem comercial"
  },
  {
    "code" : "fitoterapico",
    "display" : "Fitoterápico",
    "definition" : "Produto fitoterápico em embalagem comercial"
  },
  {
    "code" : "homeopatico",
    "display" : "Homeopático",
    "definition" : "Produto homeopático em embalagem comercial"
  },
  {
    "code" : "cosmetico",
    "display" : "Cosmético",
    "definition" : "Produto cosmético em embalagem comercial"
  },
  {
    "code" : "saneante",
    "display" : "Saneante",
    "definition" : "Produto saneante em embalagem comercial"
  }]
}