{
  "resourceType" : "CodeSystem",
  "id" : "pcid-br",
  "text" : {
    "status" : "generated",
    "div" : "<div xmlns=\"http://www.w3.org/1999/xhtml\"><p class=\"res-header-id\"><b>Narrativa gerada: CodeSystem pcid-br</b></p><a name=\"pcid-br\"> </a><a name=\"hcpcid-br\"> </a><p>Este case-sensitive sistema de código <code>http://farmaco.maxapex.net/brig/fhir/CodeSystem/pcid-br</code> define o seguinte códigos:</p><table class=\"codes\"><tr><td style=\"white-space:nowrap\"><b>Código</b></td><td><b>Ecrã</b></td><td><b>Definição</b></td></tr><tr><td style=\"white-space:nowrap\">BR-ANVISA-001234-P001<a name=\"pcid-br-BR-ANVISA-001234-P001\"> </a></td><td>PCID Exemplo 1</td><td>Exemplo de PCID brasileiro para demonstração</td></tr><tr><td style=\"white-space:nowrap\">BR-NEO-567890-P001<a name=\"pcid-br-BR-NEO-567890-P001\"> </a></td><td>PCID Exemplo 2</td><td>Exemplo de PCID brasileiro para demonstração</td></tr></table></div>"
  },
  "extension" : [{
    "url" : "http://hl7.org/fhir/StructureDefinition/structuredefinition-standards-status",
    "valueCode" : "informative",
    "_valueCode" : {
      "extension" : [{
        "url" : "http://hl7.org/fhir/StructureDefinition/structuredefinition-conformance-derivedFrom",
        "valueCanonical" : "http://farmaco.maxapex.net/brig/fhir/ImplementationGuide/brig.idmp.brazil"
      }]
    }
  }],
  "url" : "http://farmaco.maxapex.net/brig/fhir/CodeSystem/pcid-br",
  "version" : "0.0.2",
  "name" : "PCIDBrazil",
  "title" : "PCID - Identificador de Produto Embalado - Brasil",
  "status" : "draft",
  "experimental" : true,
  "date" : "2025-08-02",
  "publisher" : "Eugênio Neves",
  "contact" : [{
    "name" : "Eugênio Neves",
    "telecom" : [{
      "system" : "url",
      "value" : "https://farmaco.maxapex.net"
    },
    {
      "system" : "email",
      "value" : "eugenio@farmaco.io"
    }]
  },
  {
    "name" : "Eugênio Neves",
    "telecom" : [{
      "system" : "email",
      "value" : "eugenio@farmaco.io"
    },
    {
      "system" : "url",
      "value" : "https://farmaco.maxapex.net/brig/fhir"
    }]
  }],
  "description" : "Sistema de códigos para identificadores de produtos embalados conforme ISO 11615",
  "jurisdiction" : [{
    "coding" : [{
      "system" : "urn:iso:std:iso:3166",
      "code" : "BR"
    }]
  }],
  "purpose" : "Implementação brasileira do PCID conforme ISO 11615 - Packaged product identification",
  "copyright" : "Copyright © 2025 Farmaco.io. Este trabalho está licenciado sob a MIT License. FHIR® é marca registrada da HL7 International, usada com permissão.",
  "caseSensitive" : true,
  "content" : "complete",
  "count" : 2,
  "concept" : [{
    "code" : "BR-ANVISA-001234-P001",
    "display" : "PCID Exemplo 1",
    "definition" : "Exemplo de PCID brasileiro para demonstração"
  },
  {
    "code" : "BR-NEO-567890-P001",
    "display" : "PCID Exemplo 2",
    "definition" : "Exemplo de PCID brasileiro para demonstração"
  }]
}