{
  "resourceType" : "CodeSystem",
  "id" : "administrable-dose-form-br",
  "text" : {
    "status" : "generated",
    "div" : "<div xmlns=\"http://www.w3.org/1999/xhtml\"><p class=\"res-header-id\"><b>Narrativa gerada: CodeSystem administrable-dose-form-br</b></p><a name=\"administrable-dose-form-br\"> </a><a name=\"hcadministrable-dose-form-br\"> </a><p>Este case-sensitive sistema de código <code>http://farmaco.maxapex.net/brig/fhir/CodeSystem/administrable-dose-form-br</code> define o seguinte códigos:</p><table class=\"codes\"><tr><td style=\"white-space:nowrap\"><b>Código</b></td><td><b>Ecrã</b></td><td><b>Definição</b></td></tr><tr><td style=\"white-space:nowrap\">solucao-oral<a name=\"administrable-dose-form-br-solucao-oral\"> </a></td><td>Solução Oral</td><td>Solução líquida pronta para administração oral</td></tr><tr><td style=\"white-space:nowrap\">suspensao-oral<a name=\"administrable-dose-form-br-suspensao-oral\"> </a></td><td>Suspensão Oral</td><td>Suspensão líquida pronta para administração oral (após reconstituição se necessário)</td></tr><tr><td style=\"white-space:nowrap\">solucao-injetavel<a name=\"administrable-dose-form-br-solucao-injetavel\"> </a></td><td>Solução Injetável</td><td>Solução estéril pronta para administração parenteral (após reconstituição se necessário)</td></tr><tr><td style=\"white-space:nowrap\">suspensao-injetavel<a name=\"administrable-dose-form-br-suspensao-injetavel\"> </a></td><td>Suspensão Injetável</td><td>Suspensão estéril pronta para administração parenteral (após reconstituição se necessário)</td></tr><tr><td style=\"white-space:nowrap\">emulsao-injetavel<a name=\"administrable-dose-form-br-emulsao-injetavel\"> </a></td><td>Emulsão Injetável</td><td>Emulsão estéril pronta para administração parenteral</td></tr><tr><td style=\"white-space:nowrap\">comprimido-oral<a name=\"administrable-dose-form-br-comprimido-oral\"> </a></td><td>Comprimido para Uso Oral</td><td>Comprimido pronto para administração oral</td></tr><tr><td style=\"white-space:nowrap\">capsula-oral<a name=\"administrable-dose-form-br-capsula-oral\"> </a></td><td>Cápsula para Uso Oral</td><td>Cápsula pronta para administração oral</td></tr><tr><td style=\"white-space:nowrap\">comprimido-sublingual<a name=\"administrable-dose-form-br-comprimido-sublingual\"> </a></td><td>Comprimido Sublingual</td><td>Comprimido pronto para administração sublingual</td></tr><tr><td style=\"white-space:nowrap\">comprimido-bucal<a name=\"administrable-dose-form-br-comprimido-bucal\"> </a></td><td>Comprimido Bucal</td><td>Comprimido pronto para administração bucal</td></tr><tr><td style=\"white-space:nowrap\">creme-topico<a name=\"administrable-dose-form-br-creme-topico\"> </a></td><td>Creme Tópico</td><td>Creme pronto para aplicação tópica</td></tr><tr><td style=\"white-space:nowrap\">pomada-topica<a name=\"administrable-dose-form-br-pomada-topica\"> </a></td><td>Pomada Tópica</td><td>Pomada pronta para aplicação tópica</td></tr><tr><td style=\"white-space:nowrap\">gel-topico<a name=\"administrable-dose-form-br-gel-topico\"> </a></td><td>Gel Tópico</td><td>Gel pronto para aplicação tópica</td></tr><tr><td style=\"white-space:nowrap\">locao-topica<a name=\"administrable-dose-form-br-locao-topica\"> </a></td><td>Loção Tópica</td><td>Loção pronta para aplicação tópica</td></tr><tr><td style=\"white-space:nowrap\">aerossol-inalacao<a name=\"administrable-dose-form-br-aerossol-inalacao\"> </a></td><td>Aerossol para Inalação</td><td>Aerossol pronto para inalação</td></tr><tr><td style=\"white-space:nowrap\">solucao-inalacao<a name=\"administrable-dose-form-br-solucao-inalacao\"> </a></td><td>Solução para Inalação</td><td>Solução pronta para inalação (após diluição se necessário)</td></tr><tr><td style=\"white-space:nowrap\">supositorio-retal<a name=\"administrable-dose-form-br-supositorio-retal\"> </a></td><td>Supositório Retal</td><td>Supositório pronto para inserção retal</td></tr><tr><td style=\"white-space:nowrap\">ovulo-vaginal<a name=\"administrable-dose-form-br-ovulo-vaginal\"> </a></td><td>Óvulo Vaginal</td><td>Óvulo pronto para inserção vaginal</td></tr></table></div>"
  },
  "extension" : [{
    "url" : "http://hl7.org/fhir/StructureDefinition/structuredefinition-standards-status",
    "valueCode" : "informative",
    "_valueCode" : {
      "extension" : [{
        "url" : "http://hl7.org/fhir/StructureDefinition/structuredefinition-conformance-derivedFrom",
        "valueCanonical" : "http://farmaco.maxapex.net/brig/fhir/ImplementationGuide/brig.idmp.brazil"
      }]
    }
  }],
  "url" : "http://farmaco.maxapex.net/brig/fhir/CodeSystem/administrable-dose-form-br",
  "version" : "0.0.2",
  "name" : "AdministrableDoseFormBR",
  "title" : "Formas Farmacêuticas Administráveis - Brasil",
  "status" : "draft",
  "experimental" : true,
  "date" : "2025-08-02",
  "publisher" : "Eugênio Neves",
  "contact" : [{
    "name" : "Eugênio Neves",
    "telecom" : [{
      "system" : "url",
      "value" : "https://farmaco.maxapex.net"
    },
    {
      "system" : "email",
      "value" : "eugenio@farmaco.io"
    }]
  },
  {
    "name" : "Eugênio Neves",
    "telecom" : [{
      "system" : "email",
      "value" : "eugenio@farmaco.io"
    },
    {
      "system" : "url",
      "value" : "https://farmaco.maxapex.net/brig/fhir"
    }]
  }],
  "description" : "Sistema de códigos para formas farmacêuticas na apresentação final administrável",
  "jurisdiction" : [{
    "coding" : [{
      "system" : "urn:iso:std:iso:3166",
      "code" : "BR"
    }]
  }],
  "copyright" : "Copyright © 2025 Farmaco.io. Este trabalho está licenciado sob a MIT License. FHIR® é marca registrada da HL7 International, usada com permissão.",
  "caseSensitive" : true,
  "content" : "complete",
  "count" : 17,
  "concept" : [{
    "code" : "solucao-oral",
    "display" : "Solução Oral",
    "definition" : "Solução líquida pronta para administração oral"
  },
  {
    "code" : "suspensao-oral",
    "display" : "Suspensão Oral",
    "definition" : "Suspensão líquida pronta para administração oral (após reconstituição se necessário)"
  },
  {
    "code" : "solucao-injetavel",
    "display" : "Solução Injetável",
    "definition" : "Solução estéril pronta para administração parenteral (após reconstituição se necessário)"
  },
  {
    "code" : "suspensao-injetavel",
    "display" : "Suspensão Injetável",
    "definition" : "Suspensão estéril pronta para administração parenteral (após reconstituição se necessário)"
  },
  {
    "code" : "emulsao-injetavel",
    "display" : "Emulsão Injetável",
    "definition" : "Emulsão estéril pronta para administração parenteral"
  },
  {
    "code" : "comprimido-oral",
    "display" : "Comprimido para Uso Oral",
    "definition" : "Comprimido pronto para administração oral"
  },
  {
    "code" : "capsula-oral",
    "display" : "Cápsula para Uso Oral",
    "definition" : "Cápsula pronta para administração oral"
  },
  {
    "code" : "comprimido-sublingual",
    "display" : "Comprimido Sublingual",
    "definition" : "Comprimido pronto para administração sublingual"
  },
  {
    "code" : "comprimido-bucal",
    "display" : "Comprimido Bucal",
    "definition" : "Comprimido pronto para administração bucal"
  },
  {
    "code" : "creme-topico",
    "display" : "Creme Tópico",
    "definition" : "Creme pronto para aplicação tópica"
  },
  {
    "code" : "pomada-topica",
    "display" : "Pomada Tópica",
    "definition" : "Pomada pronta para aplicação tópica"
  },
  {
    "code" : "gel-topico",
    "display" : "Gel Tópico",
    "definition" : "Gel pronto para aplicação tópica"
  },
  {
    "code" : "locao-topica",
    "display" : "Loção Tópica",
    "definition" : "Loção pronta para aplicação tópica"
  },
  {
    "code" : "aerossol-inalacao",
    "display" : "Aerossol para Inalação",
    "definition" : "Aerossol pronto para inalação"
  },
  {
    "code" : "solucao-inalacao",
    "display" : "Solução para Inalação",
    "definition" : "Solução pronta para inalação (após diluição se necessário)"
  },
  {
    "code" : "supositorio-retal",
    "display" : "Supositório Retal",
    "definition" : "Supositório pronto para inserção retal"
  },
  {
    "code" : "ovulo-vaginal",
    "display" : "Óvulo Vaginal",
    "definition" : "Óvulo pronto para inserção vaginal"
  }]
}