{
  "resourceType" : "CodeSystem",
  "id" : "administrable-property-br",
  "text" : {
    "status" : "generated",
    "div" : "<div xmlns=\"http://www.w3.org/1999/xhtml\"><p class=\"res-header-id\"><b>Narrativa gerada: CodeSystem administrable-property-br</b></p><a name=\"administrable-property-br\"> </a><a name=\"hcadministrable-property-br\"> </a><p>Este case-sensitive sistema de código <code>http://farmaco.maxapex.net/brig/fhir/CodeSystem/administrable-property-br</code> define o seguinte códigos:</p><table class=\"codes\"><tr><td style=\"white-space:nowrap\"><b>Código</b></td><td><b>Ecrã</b></td><td><b>Definição</b></td></tr><tr><td style=\"white-space:nowrap\">reconstitution<a name=\"administrable-property-br-reconstitution\"> </a></td><td>Reconstituição</td><td>Propriedades relacionadas à reconstituição do produto</td></tr><tr><td style=\"white-space:nowrap\">dilution<a name=\"administrable-property-br-dilution\"> </a></td><td>Diluição</td><td>Propriedades relacionadas à diluição do produto</td></tr><tr><td style=\"white-space:nowrap\">ph<a name=\"administrable-property-br-ph\"> </a></td><td>pH</td><td>Valor de pH da solução final</td></tr><tr><td style=\"white-space:nowrap\">osmolaridade<a name=\"administrable-property-br-osmolaridade\"> </a></td><td>Osmolaridade</td><td>Osmolaridade da solução final</td></tr><tr><td style=\"white-space:nowrap\">concentracao-final<a name=\"administrable-property-br-concentracao-final\"> </a></td><td>Concentração Final</td><td>Concentração do produto na forma administrável final</td></tr></table></div>"
  },
  "extension" : [{
    "url" : "http://hl7.org/fhir/StructureDefinition/structuredefinition-standards-status",
    "valueCode" : "informative",
    "_valueCode" : {
      "extension" : [{
        "url" : "http://hl7.org/fhir/StructureDefinition/structuredefinition-conformance-derivedFrom",
        "valueCanonical" : "http://farmaco.maxapex.net/brig/fhir/ImplementationGuide/brig.idmp.brazil"
      }]
    }
  }],
  "url" : "http://farmaco.maxapex.net/brig/fhir/CodeSystem/administrable-property-br",
  "version" : "0.0.2",
  "name" : "AdministrablePropertyBR",
  "title" : "Propriedades Administráveis - Brasil",
  "status" : "draft",
  "experimental" : true,
  "date" : "2025-08-02",
  "publisher" : "Eugênio Neves",
  "contact" : [{
    "name" : "Eugênio Neves",
    "telecom" : [{
      "system" : "url",
      "value" : "https://farmaco.maxapex.net"
    },
    {
      "system" : "email",
      "value" : "eugenio@farmaco.io"
    }]
  },
  {
    "name" : "Eugênio Neves",
    "telecom" : [{
      "system" : "email",
      "value" : "eugenio@farmaco.io"
    },
    {
      "system" : "url",
      "value" : "https://farmaco.maxapex.net/brig/fhir"
    }]
  }],
  "description" : "Sistema de códigos para propriedades de produtos administráveis",
  "jurisdiction" : [{
    "coding" : [{
      "system" : "urn:iso:std:iso:3166",
      "code" : "BR"
    }]
  }],
  "copyright" : "Copyright © 2025 Farmaco.io. Este trabalho está licenciado sob a MIT License. FHIR® é marca registrada da HL7 International, usada com permissão.",
  "caseSensitive" : true,
  "content" : "complete",
  "count" : 5,
  "concept" : [{
    "code" : "reconstitution",
    "display" : "Reconstituição",
    "definition" : "Propriedades relacionadas à reconstituição do produto"
  },
  {
    "code" : "dilution",
    "display" : "Diluição",
    "definition" : "Propriedades relacionadas à diluição do produto"
  },
  {
    "code" : "ph",
    "display" : "pH",
    "definition" : "Valor de pH da solução final"
  },
  {
    "code" : "osmolaridade",
    "display" : "Osmolaridade",
    "definition" : "Osmolaridade da solução final"
  },
  {
    "code" : "concentracao-final",
    "display" : "Concentração Final",
    "definition" : "Concentração do produto na forma administrável final"
  }]
}