<?xml version="1.0" encoding="UTF-8"?>

<CodeSystem xmlns="http://hl7.org/fhir">
  <id value="clinical-use-id-br"/>
  <language value="pt-BR"/>
  <text>
    <status value="generated"/><div xml:lang="pt-BR" xmlns="http://www.w3.org/1999/xhtml" lang="pt-BR"><p class="res-header-id"><b>Narrativa gerada: CodeSystem clinical-use-id-br</b></p><a name="clinical-use-id-br"> </a><a name="hcclinical-use-id-br"> </a><div style="display: inline-block; background-color: #d9e0e7; padding: 6px; margin: 4px; border: 1px solid #8da1b4; border-radius: 5px; line-height: 60%"><p style="margin-bottom: 0px">Língua: pt-BR</p></div><p>Este case-sensitive sistema de código <code>http://farmaco.maxapex.net/brig/fhir/CodeSystem/clinical-use-id-br</code> define o seguinte códigos:</p><table class="codes"><tr><td style="white-space:nowrap"><b>Código</b></td></tr></table></div>
  </text>
  <extension url="http://hl7.org/fhir/StructureDefinition/structuredefinition-standards-status">
    <valueCode value="informative">
      <extension url="http://hl7.org/fhir/StructureDefinition/structuredefinition-conformance-derivedFrom">
        <valueCanonical value="http://farmaco.maxapex.net/brig/fhir/ImplementationGuide/brig.idmp.brazil"/>
      </extension>
    </valueCode>
  </extension>
  <url value="http://farmaco.maxapex.net/brig/fhir/CodeSystem/clinical-use-id-br"/>
  <version value="0.0.2"/>
  <name value="ClinicalUseIdBR"/>
  <title value="Identificadores de Uso Clínico - Brasil"/>
  <status value="draft"/>
  <experimental value="true"/>
  <date value="2025-09-07"/>
  <publisher value="Eugênio Neves"/>
  <contact>
    <name value="Eugênio Neves"/>
    <telecom>
      <system value="url"/>
      <value value="https://farmaco.maxapex.net"/>
    </telecom>
    <telecom>
      <system value="email"/>
      <value value="eugenio@farmaco.io"/>
    </telecom>
  </contact>
  <contact>
    <name value="Eugênio Neves"/>
    <telecom>
      <system value="email"/>
      <value value="eugenio@farmaco.io"/>
    </telecom>
    <telecom>
      <system value="url"/>
      <value value="https://farmaco.maxapex.net/brig/fhir"/>
    </telecom>
  </contact>
  <description value="Sistema de identificadores únicos para definições de uso clínico no contexto brasileiro."/>
  <jurisdiction>
    <coding>
      <system value="urn:iso:std:iso:3166"/>
      <code value="BR"/>
    </coding>
  </jurisdiction>
  <copyright value="Copyright © 2025 Farmaco.io. Este trabalho está licenciado sob a MIT License. FHIR® é marca registrada da HL7 International, usada com permissão."/>
  <caseSensitive value="true"/>
  <compositional value="false"/>
  <versionNeeded value="false"/>
  <content value="complete"/>
</CodeSystem>