<?xml version="1.0" encoding="UTF-8"?>

<Organization xmlns="http://hl7.org/fhir">
  <id value="organization-neoquimica-example"/>
  <text>
    <status value="generated"/><div xmlns="http://www.w3.org/1999/xhtml"><p class="res-header-id"><b>Narrativa gerada: Organization organization-neoquimica-example</b></p><a name="organization-neoquimica-example"> </a><a name="hcorganization-neoquimica-example"> </a><p><b>identifier</b>: <code>https://anvisa.gov.br/cnpj</code>/17.155.502/0001-67</p><p><b>active</b>: true</p><p><b>type</b>: <span title="Códigos:{http://terminology.hl7.org/CodeSystem/organization-type bus}">Non-Healthcare Business or Corporation</span></p><p><b>name</b>: Laboratório Neoquímica Ltda.</p></div>
  </text>
  <identifier>
    <system value="https://anvisa.gov.br/cnpj"/>
    <value value="17.155.502/0001-67"/>
  </identifier>
  <active value="true"/>
  <type>
    <coding>
      <system value="http://terminology.hl7.org/CodeSystem/organization-type"/>
      <code value="bus"/>
      <display value="Non-Healthcare Business or Corporation"/>
    </coding>
  </type>
  <name value="Laboratório Neoquímica Ltda."/>
</Organization>