{
  "resourceType" : "SubstanceDefinition",
  "id" : "midazolam-substance",
  "meta" : {
    "lastUpdated" : "2025-08-02T10:00:00Z",
    "profile" : ["http://farmaco.maxapex.net/brig/fhir/StructureDefinition/SubstanceDefinition-br"]
  },
  "text" : {
    "status" : "generated",
    "div" : "<div xmlns=\"http://www.w3.org/1999/xhtml\"><h2>Midazolam (Substância Controlada)</h2><p><strong>DCB:</strong> 05969</p><p><strong>CAS:</strong> 59467-70-8</p><p><strong>UNII:</strong> R60L0SM5BC</p><p><strong>Classificação:</strong> Substância Ativa, Controlada, Psicotrópica</p><p><strong>Status:</strong> Aprovada com Restrições pela ANVISA</p><p><strong>Categoria de Controle:</strong> Lista B1 (Psicotrópicos)</p><p><strong>Grau:</strong> Farmacêutico</p><p><strong>Fórmula Molecular:</strong> C18H13ClFN3</p><p><strong>Peso Molecular:</strong> 325.77 g/mol</p><p><strong>Restrições:</strong> Uso restrito a ambiente hospitalar, requer receita de controle especial</p><p><strong>Código ATC:</strong> N05CD08</p><p><strong>Descrição:</strong> Benzodiazepínico para sedação, ansiolise e amnésia</p></div>"
  },
  "identifier" : [{
    "system" : "https://anvisa.gov.br/dcb",
    "value" : "05969"
  },
  {
    "system" : "urn:oid:2.16.840.1.113883.6.61",
    "value" : "59467-70-8"
  },
  {
    "system" : "http://fdasis.nlm.nih.gov",
    "value" : "R60L0SM5BC"
  }],
  "status" : {
    "coding" : [{
      "system" : "http://farmaco.maxapex.net/brig/fhir/CodeSystem/substance-status-br",
      "code" : "active"
    }]
  },
  "classification" : [{
    "coding" : [{
      "system" : "http://farmaco.maxapex.net/brig/fhir/CodeSystem/substance-classification-br",
      "code" : "active"
    }]
  },
  {
    "coding" : [{
      "system" : "http://farmaco.maxapex.net/brig/fhir/CodeSystem/substance-classification-br",
      "code" : "controlled"
    }]
  },
  {
    "coding" : [{
      "system" : "http://farmaco.maxapex.net/brig/fhir/CodeSystem/substance-classification-br",
      "code" : "psychotropic"
    }]
  }],
  "domain" : {
    "coding" : [{
      "system" : "http://terminology.hl7.org/CodeSystem/medicinalproduct-domain",
      "code" : "Human"
    }]
  },
  "grade" : [{
    "coding" : [{
      "system" : "http://farmaco.maxapex.net/brig/fhir/CodeSystem/substance-grade-br",
      "code" : "pharmaceutical"
    }]
  }],
  "description" : "O midazolam é um medicamento benzodiazepínico de ação rápida usado para sedação, ansiolise e amnésia. É uma substância controlada no Brasil, classificada na Lista B1.",
  "property" : [{
    "type" : {
      "coding" : [{
        "system" : "http://hl7.org/fhir/substance-property-type",
        "code" : "MolecularWeight"
      }]
    },
    "valueQuantity" : {
      "value" : 325.77,
      "unit" : "grams per mole",
      "system" : "http://unitsofmeasure.org",
      "code" : "g/mol"
    }
  }],
  "structure" : {
    "representation" : [{
      "representation" : "C18H13ClFN3",
      "format" : {
        "coding" : [{
          "system" : "http://hl7.org/fhir/substance-representation-format",
          "code" : "SMILES"
        }]
      }
    }]
  },
  "name" : [{
    "name" : "Midazolam",
    "type" : {
      "coding" : [{
        "system" : "http://farmaco.maxapex.net/brig/fhir/CodeSystem/substance-name-type-br",
        "code" : "official"
      }]
    }
  },
  {
    "name" : "Midazolam",
    "type" : {
      "coding" : [{
        "system" : "http://farmaco.maxapex.net/brig/fhir/CodeSystem/substance-name-type-br",
        "code" : "common"
      }]
    }
  }]
}