{
  "resourceType" : "ValueSet",
  "id" : "comorbidity-br",
  "language" : "pt-BR",
  "text" : {
    "status" : "generated",
    "div" : "<div xml:lang=\"pt-BR\" xmlns=\"http://www.w3.org/1999/xhtml\" lang=\"pt-BR\"><p class=\"res-header-id\"><b>Narrativa gerada: ValueSet comorbidity-br</b></p><a name=\"comorbidity-br\"> </a><a name=\"hccomorbidity-br\"> </a><div style=\"display: inline-block; background-color: #d9e0e7; padding: 6px; margin: 4px; border: 1px solid #8da1b4; border-radius: 5px; line-height: 60%\"><p style=\"margin-bottom: 0px\">Língua: pt-BR</p></div><ul><li>Include estes códigos, tal como definidos em <a href=\"http://terminology.hl7.org/5.0.0/CodeSystem-icd10.html\"><code>http://hl7.org/fhir/sid/icd-10</code></a><table class=\"none\"><tr><td style=\"white-space:nowrap\"><b>Código</b></td><td><b>Ecrã</b></td></tr><tr><td>I10</td><td>Hipertensão essencial</td></tr><tr><td>E11.9</td><td>Diabetes mellitus tipo 2</td></tr><tr><td>N18.6</td><td>Doença renal crônica estágio terminal</td></tr><tr><td>K72.90</td><td>Insuficiência hepática</td></tr><tr><td>I50.9</td><td>Insuficiência cardíaca</td></tr></table></li></ul></div>"
  },
  "extension" : [{
    "url" : "http://hl7.org/fhir/StructureDefinition/structuredefinition-standards-status",
    "valueCode" : "informative",
    "_valueCode" : {
      "extension" : [{
        "url" : "http://hl7.org/fhir/StructureDefinition/structuredefinition-conformance-derivedFrom",
        "valueCanonical" : "http://farmaco.maxapex.net/brig/fhir/ImplementationGuide/brig.idmp.brazil"
      }]
    }
  }],
  "url" : "http://farmaco.maxapex.net/brig/fhir/ValueSet/comorbidity-br",
  "version" : "0.0.2",
  "name" : "ComorbidityBRValueSet",
  "title" : "Comorbidades - Brasil",
  "status" : "draft",
  "experimental" : true,
  "date" : "2025-09-07",
  "publisher" : "Eugênio Neves",
  "contact" : [{
    "name" : "Eugênio Neves",
    "telecom" : [{
      "system" : "url",
      "value" : "https://farmaco.maxapex.net"
    },
    {
      "system" : "email",
      "value" : "eugenio@farmaco.io"
    }]
  },
  {
    "name" : "Eugênio Neves",
    "telecom" : [{
      "system" : "email",
      "value" : "eugenio@farmaco.io"
    },
    {
      "system" : "url",
      "value" : "https://farmaco.maxapex.net/brig/fhir"
    }]
  }],
  "description" : "ValueSet de comorbidades relevantes para indicações e contraindicações no contexto brasileiro.",
  "jurisdiction" : [{
    "coding" : [{
      "system" : "urn:iso:std:iso:3166",
      "code" : "BR"
    }]
  }],
  "immutable" : false,
  "copyright" : "Copyright © 2025 Farmaco.io. Este trabalho está licenciado sob a MIT License. FHIR® é marca registrada da HL7 International, usada com permissão.",
  "compose" : {
    "include" : [{
      "system" : "http://hl7.org/fhir/sid/icd-10",
      "concept" : [{
        "code" : "I10",
        "display" : "Hipertensão essencial"
      },
      {
        "code" : "E11.9",
        "display" : "Diabetes mellitus tipo 2"
      },
      {
        "code" : "N18.6",
        "display" : "Doença renal crônica estágio terminal"
      },
      {
        "code" : "K72.90",
        "display" : "Insuficiência hepática"
      },
      {
        "code" : "I50.9",
        "display" : "Insuficiência cardíaca"
      }]
    }]
  }
}