<?xml version="1.0" encoding="UTF-8"?>

<ValueSet xmlns="http://hl7.org/fhir">
  <id value="mpid-values-br"/>
  <text>
    <status value="generated"/><div xmlns="http://www.w3.org/1999/xhtml"><p class="res-header-id"><b>Narrativa gerada: ValueSet mpid-values-br</b></p><a name="mpid-values-br"> </a><a name="hcmpid-values-br"> </a><ul><li>Include todos os códigos definidos em <a href="CodeSystem-mpid-br.html"><code>http://farmaco.maxapex.net/brig/fhir/CodeSystem/mpid-br</code></a></li></ul></div>
  </text>
  <extension url="http://hl7.org/fhir/StructureDefinition/structuredefinition-standards-status">
    <valueCode value="informative">
      <extension url="http://hl7.org/fhir/StructureDefinition/structuredefinition-conformance-derivedFrom">
        <valueCanonical value="http://farmaco.maxapex.net/brig/fhir/ImplementationGuide/brig.idmp.brazil"/>
      </extension>
    </valueCode>
  </extension>
  <url value="http://farmaco.maxapex.net/brig/fhir/ValueSet/mpid-values-br"/>
  <version value="0.0.2"/>
  <name value="MPIDValues"/>
  <title value="Valores MPID - Brasil"/>
  <status value="draft"/>
  <experimental value="true"/>
  <date value="2025-08-02"/>
  <publisher value="Eugênio Neves"/>
  <contact>
    <name value="Eugênio Neves"/>
    <telecom>
      <system value="url"/>
      <value value="https://farmaco.maxapex.net"/>
    </telecom>
    <telecom>
      <system value="email"/>
      <value value="eugenio@farmaco.io"/>
    </telecom>
  </contact>
  <contact>
    <name value="Eugênio Neves"/>
    <telecom>
      <system value="email"/>
      <value value="eugenio@farmaco.io"/>
    </telecom>
    <telecom>
      <system value="url"/>
      <value value="https://farmaco.maxapex.net/brig/fhir"/>
    </telecom>
  </contact>
  <description value="Valores válidos para identificadores MPID brasileiros"/>
  <jurisdiction>
    <coding>
      <system value="urn:iso:std:iso:3166"/>
      <code value="BR"/>
    </coding>
  </jurisdiction>
  <copyright value="Copyright © 2025 Farmaco.io. Este trabalho está licenciado sob a MIT License. FHIR® é marca registrada da HL7 International, usada com permissão."/>
  <compose>
    <include>
      <system value="http://farmaco.maxapex.net/brig/fhir/CodeSystem/mpid-br"/>
    </include>
  </compose>
</ValueSet>