"Id","Path","Slice Name","Alias(s)","Label","Min","Max","Must Support?","Is Modifier?","Is Summary?","Type(s)","Short","Definition","Comments","Requirements","Default Value","Meaning When Missing","Fixed Value","Pattern","Example","Minimum Value","Maximum Value","Maximum Length","Binding Strength","Binding Description","Binding Value Set","Code","Slicing Discriminator","Slicing Description","Slicing Ordered","Slicing Rules","Base Path","Base Min","Base Max","Condition(s)","Constraint(s)","Mapping: Workflow Pattern","Mapping: FiveWs Pattern Mapping","Mapping: IDMP Mapping","Mapping: RIM Mapping"
"ClinicalUseDefinition","ClinicalUseDefinition","","","",0,*,"","","","null {[]} {[]}
","A single issue - either an indication, contraindication, interaction or an undesirable effect for a medicinal product, medication, device or procedure","A single issue - either an indication, contraindication, interaction or an undesirable effect for a medicinal product, medication, device or procedure.","","","","","","","","","",,,,,"",,,,"ClinicalUseDefinition",0,*,"","cud-1:Indication, Contraindication, Interaction, UndesirableEffect and Warning cannot be used in the same instance {(ClinicalUseDefinition.indication.count() + ClinicalUseDefinition.contraindication.count() + ClinicalUseDefinition.interaction.count() + ClinicalUseDefinition.undesirableEffect.count() + ClinicalUseDefinition.warning.count())  < 2}
dom-2:If the resource is contained in another resource, it SHALL NOT contain nested Resources {contained.contained.empty()}dom-3:If the resource is contained in another resource, it SHALL be referred to from elsewhere in the resource or SHALL refer to the containing resource {contained.where((('#'+id in (%resource.descendants().reference | %resource.descendants().ofType(canonical) | %resource.descendants().ofType(uri) | %resource.descendants().ofType(url))) or descendants().where(reference = '#').exists() or descendants().where(ofType(canonical) = '#').exists() or descendants().where(ofType(canonical) = '#').exists()).not()).trace('unmatched', id).empty()}dom-4:If a resource is contained in another resource, it SHALL NOT have a meta.versionId or a meta.lastUpdated {contained.meta.versionId.empty() and contained.meta.lastUpdated.empty()}dom-5:If a resource is contained in another resource, it SHALL NOT have a security label {contained.meta.security.empty()}dom-6:A resource should have narrative for robust management {text.`div`.exists()}brig-clinical-use-1:Quando tipo é 'indication', a seção indication deve estar presente {type.coding.where(system='http://farmaco.maxapex.net/brig/fhir/CodeSystem/clinical-use-type-br' and code='indication').exists() implies indication.exists()}brig-clinical-use-2:Quando tipo é 'contraindication', a seção contraindication deve estar presente {type.coding.where(system='http://farmaco.maxapex.net/brig/fhir/CodeSystem/clinical-use-type-br' and code='contraindication').exists() implies contraindication.exists()}brig-clinical-use-3:Quando tipo é 'interaction', pelo menos um interactant deve estar presente {type.coding.where(system='http://farmaco.maxapex.net/brig/fhir/CodeSystem/clinical-use-type-br' and code='interaction').exists() implies interaction.interactant.exists()}","Definition","clinical.general","Contraindication, Therapeutic Indication, Interactions, Undesirable Effects","Entity, Role, or Act"
"ClinicalUseDefinition.id","ClinicalUseDefinition.id","","","",0,1,"","","Y","id {[]} {[]}
","Logical id of this artifact","The logical id of the resource, as used in the URL for the resource. Once assigned, this value never changes.","Within the context of the FHIR RESTful interactions, the resource has an id except for cases like the create and conditional update. Otherwise, the use of the resouce id depends on the given use case.","","","","","","","","",,,,,"",,,,"Resource.id",0,1,"",""
"ClinicalUseDefinition.meta","ClinicalUseDefinition.meta","","","",0,1,"","","Y","Meta {[]} {[]}
","Metadata about the resource","The metadata about the resource. This is content that is maintained by the infrastructure. Changes to the content might not always be associated with version changes to the resource.","","","","","","","","","",,,,,"",,,,"Resource.meta",0,1,"","ele-1:All FHIR elements must have a @value or children {hasValue() or (children().count() > id.count())}
"
"ClinicalUseDefinition.implicitRules","ClinicalUseDefinition.implicitRules","","","",0,1,"","Y","Y","uri {[]} {[]}
","A set of rules under which this content was created","A reference to a set of rules that were followed when the resource was constructed, and which must be understood when processing the content. Often, this is a reference to an implementation guide that defines the special rules along with other profiles etc.","Asserting this rule set restricts the content to be only understood by a limited set of trading partners. This inherently limits the usefulness of the data in the long term. However, the existing health eco-system is highly fractured, and not yet ready to define, collect, and exchange data in a generally computable sense. Wherever possible, implementers and/or specification writers should avoid using this element. Often, when used, the URL is a reference to an implementation guide that defines these special rules as part of its narrative along with other profiles, value sets, etc.","","","","","","","","",,,,,"",,,,"Resource.implicitRules",0,1,"","ele-1:All FHIR elements must have a @value or children {hasValue() or (children().count() > id.count())}
"
"ClinicalUseDefinition.language","ClinicalUseDefinition.language","","","",0,1,"","","","code {[]} {[]}
","Language of the resource content","The base language in which the resource is written.","Language is provided to support indexing and accessibility (typically, services such as text to speech use the language tag). The html language tag in the narrative applies  to the narrative. The language tag on the resource may be used to specify the language of other presentations generated from the data in the resource. Not all the content has to be in the base language. The Resource.language should not be assumed to apply to the narrative automatically. If a language is specified, it should it also be specified on the div element in the html (see rules in HTML5 for information about the relationship between xml:lang and the html lang attribute).","","","","","","","","",,"required","IETF language tag for a human language","http://hl7.org/fhir/ValueSet/all-languages|5.0.0","",,,,"Resource.language",0,1,"","ele-1:All FHIR elements must have a @value or children {hasValue() or (children().count() > id.count())}
"
"ClinicalUseDefinition.text","ClinicalUseDefinition.text","","narrative
htmlxhtmldisplay","",0,1,"","","","Narrative {[]} {[]}
","Text summary of the resource, for human interpretation","A human-readable narrative that contains a summary of the resource and can be used to represent the content of the resource to a human. The narrative need not encode all the structured data, but is required to contain sufficient detail to make it ""clinically safe"" for a human to just read the narrative. Resource definitions may define what content should be represented in the narrative to ensure clinical safety.","Contained resources do not have a narrative. Resources that are not contained SHOULD have a narrative. In some cases, a resource may only have text with little or no additional discrete data (as long as all minOccurs=1 elements are satisfied).  This may be necessary for data from legacy systems where information is captured as a ""text blob"" or where text is additionally entered raw or narrated and encoded information is added later.","","","","","","","","",,,,,"",,,,"DomainResource.text",0,1,"dom-6
","ele-1:All FHIR elements must have a @value or children {hasValue() or (children().count() > id.count())}
","Act.text?"
"ClinicalUseDefinition.contained","ClinicalUseDefinition.contained","","inline resources
anonymous resourcescontained resources","",0,*,"","","","Resource {[]} {[]}
","Contained, inline Resources","These resources do not have an independent existence apart from the resource that contains them - they cannot be identified independently, nor can they have their own independent transaction scope. This is allowed to be a Parameters resource if and only if it is referenced by a resource that provides context/meaning.","This should never be done when the content can be identified properly, as once identification is lost, it is extremely difficult (and context dependent) to restore it again. Contained resources may have profiles and tags in their meta elements, but SHALL NOT have security labels.","","","","","","","","",,,,,"",,,,"DomainResource.contained",0,*,"dom-2
dom-4dom-3dom-5","","N/A"
"ClinicalUseDefinition.extension","ClinicalUseDefinition.extension","","extensions
user content","",0,*,"","","","Extension {[]} {[]}
","Additional content defined by implementations","May be used to represent additional information that is not part of the basic definition of the resource. To make the use of extensions safe and managable, there is a strict set of governance applied to the definition and use of extensions. Though any implementer can define an extension, there is a set of requirements that SHALL be met as part of the definition of the extension.","There can be no stigma associated with the use of extensions by any application, project, or standard - regardless of the institution or jurisdiction that uses or defines the extensions.  The use of extensions is what allows the FHIR specification to retain a core level of simplicity for everyone.","","","","","","","","",,,,,"",,,,"DomainResource.extension",0,*,"","ele-1:All FHIR elements must have a @value or children {hasValue() or (children().count() > id.count())}
ext-1:Must have either extensions or value[x], not both {extension.exists() != value.exists()}","N/A"
"ClinicalUseDefinition.modifierExtension","ClinicalUseDefinition.modifierExtension","","extensions
user content","",0,*,"","Y","Y","Extension {[]} {[]}
","Extensions that cannot be ignored","May be used to represent additional information that is not part of the basic definition of the resource and that modifies the understanding of the element that contains it and/or the understanding of the containing element's descendants. Usually modifier elements provide negation or qualification. To make the use of extensions safe and managable, there is a strict set of governance applied to the definition and use of extensions. Though any implementer is allowed to define an extension, there is a set of requirements that SHALL be met as part of the definition of the extension. Applications processing a resource are required to check for modifier extensions.

Modifier extensions SHALL NOT change the meaning of any elements on Resource or DomainResource (including cannot change the meaning of modifierExtension itself).","There can be no stigma associated with the use of extensions by any application, project, or standard - regardless of the institution or jurisdiction that uses or defines the extensions.  The use of extensions is what allows the FHIR specification to retain a core level of simplicity for everyone.","Modifier extensions allow for extensions that *cannot* be safely ignored to be clearly distinguished from the vast majority of extensions which can be safely ignored.  This promotes interoperability by eliminating the need for implementers to prohibit the presence of extensions. For further information, see the [definition of modifier extensions](http://hl7.org/fhir/R5/extensibility.html#modifierExtension).","","","","","","","",,,,,"",,,,"DomainResource.modifierExtension",0,*,"","ele-1:All FHIR elements must have a @value or children {hasValue() or (children().count() > id.count())}
ext-1:Must have either extensions or value[x], not both {extension.exists() != value.exists()}","N/A"
"ClinicalUseDefinition.identifier","ClinicalUseDefinition.identifier","","","",1,*,"Y","","Y","Identifier {[]} {[]}
","Business identifier for this issue","Business identifier for this issue.","","","","","","","","","",,,,,"","value:system}
","Identificadores do uso clínico",,"open","ClinicalUseDefinition.identifier",0,*,"","ele-1:All FHIR elements must have a @value or children {hasValue() or (children().count() > id.count())}
","Definition.identifier","FiveWs.class","n/a"
"ClinicalUseDefinition.identifier:brigId","ClinicalUseDefinition.identifier","brigId","","",1,1,"Y","","Y","Identifier {[]} {[]}
","Identificador BRIG para uso clínico","Identificador único brasileiro para definição de uso clínico","","","","","","","","","",,,,,"",,,,"ClinicalUseDefinition.identifier",0,*,"","ele-1:All FHIR elements must have a @value or children {hasValue() or (children().count() > id.count())}
","Definition.identifier","FiveWs.class","n/a"
"ClinicalUseDefinition.identifier:brigId.id","ClinicalUseDefinition.identifier.id","","","",0,1,"","","","id {[]} {[]}
","Unique id for inter-element referencing","Unique id for the element within a resource (for internal references). This may be any string value that does not contain spaces.","","","","","","","","","",,,,,"",,,,"Element.id",0,1,"ele-1
","","n/a"
"ClinicalUseDefinition.identifier:brigId.extension","ClinicalUseDefinition.identifier.extension","","extensions
user content","",0,*,"","","","Extension {[]} {[]}
","Additional content defined by implementations","May be used to represent additional information that is not part of the basic definition of the element. To make the use of extensions safe and managable, there is a strict set of governance applied to the definition and use of extensions. Though any implementer can define an extension, there is a set of requirements that SHALL be met as part of the definition of the extension.","There can be no stigma associated with the use of extensions by any application, project, or standard - regardless of the institution or jurisdiction that uses or defines the extensions.  The use of extensions is what allows the FHIR specification to retain a core level of simplicity for everyone.","","","","","","","","",,,,,"","value:url}
","Extensions are always sliced by (at least) url",,"open","Element.extension",0,*,"","ele-1:All FHIR elements must have a @value or children {hasValue() or (children().count() > id.count())}
ext-1:Must have either extensions or value[x], not both {extension.exists() != value.exists()}","n/a"
"ClinicalUseDefinition.identifier:brigId.use","ClinicalUseDefinition.identifier.use","","","",0,1,"","Y","Y","code {[]} {[]}
","usual | official | temp | secondary | old (If known)","The purpose of this identifier.","Applications can assume that an identifier is permanent unless it explicitly says that it is temporary.","Allows the appropriate identifier for a particular context of use to be selected from among a set of identifiers.","","","","","","","",,"required","Identifies the purpose for this identifier, if known .","http://hl7.org/fhir/ValueSet/identifier-use|5.0.0","",,,,"Identifier.use",0,1,"","ele-1:All FHIR elements must have a @value or children {hasValue() or (children().count() > id.count())}
","Role.code or implied by context"
"ClinicalUseDefinition.identifier:brigId.type","ClinicalUseDefinition.identifier.type","","","",0,1,"","","Y","CodeableConcept {[]} {[]}
","Description of identifier","A coded type for the identifier that can be used to determine which identifier to use for a specific purpose.","This element deals only with general categories of identifiers.  It SHOULD not be used for codes that correspond 1..1 with the Identifier.system. Some identifiers may fall into multiple categories due to common usage.   Where the system is known, a type is unnecessary because the type is always part of the system definition. However systems often need to handle identifiers where the system is not known. There is not a 1:1 relationship between type and system, since many different systems have the same type.","Allows users to make use of identifiers when the identifier system is not known.","","","","","","","",,"extensible","A coded type for an identifier that can be used to determine which identifier to use for a specific purpose.","http://hl7.org/fhir/ValueSet/identifier-type","",,,,"Identifier.type",0,1,"","ele-1:All FHIR elements must have a @value or children {hasValue() or (children().count() > id.count())}
","Role.code or implied by context"
"ClinicalUseDefinition.identifier:brigId.system","ClinicalUseDefinition.identifier.system","","","",1,1,"","","Y","uri {[]} {[]}
","The namespace for the identifier value","Establishes the namespace for the value - that is, an absolute URL that describes a set values that are unique.","Identifier.system is always case sensitive.","There are many sets  of identifiers.  To perform matching of two identifiers, we need to know what set we're dealing with. The system identifies a particular set of unique identifiers.","","","<valueUri xmlns=""http://hl7.org/fhir"" value=""http://farmaco.maxapex.net/brig/fhir/CodeSystem/clinical-use-id-br""/>","","<valueUri xmlns=""http://hl7.org/fhir"" value=""http://www.acme.com/identifiers/patient""/>","","",,,,,"",,,,"Identifier.system",0,1,"","ele-1:All FHIR elements must have a @value or children {hasValue() or (children().count() > id.count())}
","II.root or Role.id.root"
"ClinicalUseDefinition.identifier:brigId.value","ClinicalUseDefinition.identifier.value","","","",1,1,"Y","","Y","string {[]} {[]}
","The value that is unique","The portion of the identifier typically relevant to the user and which is unique within the context of the system.","If the value is a full URI, then the system SHALL be urn:ietf:rfc:3986.  The value's primary purpose is computational mapping.  As a result, it may be normalized for comparison purposes (e.g. removing non-significant whitespace, dashes, etc.)  A value formatted for human display can be conveyed using the [http://hl7.org/fhir/StructureDefinition/rendered-value](http://hl7.org/fhir/extensions/StructureDefinition-rendered-value.html)). Identifier.value is to be treated as case sensitive unless knowledge of the Identifier.system allows the processer to be confident that non-case-sensitive processing is safe.","","","","","","<valueString xmlns=""http://hl7.org/fhir"" value=""123456""/>","","",,,,,"",,,,"Identifier.value",0,1,"ident-1
","ele-1:All FHIR elements must have a @value or children {hasValue() or (children().count() > id.count())}
","II.extension or II.root if system indicates OID or GUID (Or Role.id.extension or root)"
"ClinicalUseDefinition.identifier:brigId.period","ClinicalUseDefinition.identifier.period","","","",0,1,"","","Y","Period {[]} {[]}
","Time period when id is/was valid for use","Time period during which identifier is/was valid for use.","","","","","","","","","",,,,,"",,,,"Identifier.period",0,1,"","ele-1:All FHIR elements must have a @value or children {hasValue() or (children().count() > id.count())}
","Role.effectiveTime or implied by context"
"ClinicalUseDefinition.identifier:brigId.assigner","ClinicalUseDefinition.identifier.assigner","","","",0,1,"","","Y","Reference {[]} {[CanonicalType[http://hl7.org/fhir/StructureDefinition/Organization]]}
","Organization that issued id (may be just text)","Organization that issued/manages the identifier.","The Identifier.assigner may omit the .reference element and only contain a .display element reflecting the name or other textual information about the assigning organization.","","","","","","","","",,,,,"",,,,"Identifier.assigner",0,1,"","ele-1:All FHIR elements must have a @value or children {hasValue() or (children().count() > id.count())}
","II.assigningAuthorityName but note that this is an improper use by the definition of the field.  Also Role.scoper"
"ClinicalUseDefinition.type","ClinicalUseDefinition.type","","","",1,1,"Y","","Y","code {[]} {[]}
","Tipo de uso clínico (indicação, contraindicação, interação, posologia)","Categoria do uso clínico conforme classificação brasileira","","","","","","","","","",,"required","","http://farmaco.maxapex.net/brig/fhir/ValueSet/clinical-use-type-br","",,,,"ClinicalUseDefinition.type",1,1,"","ele-1:All FHIR elements must have a @value or children {hasValue() or (children().count() > id.count())}
","(the type of IDMP class, out of Contraindication, Therapeutic Indication, Interactions, Undesirable Effects)"
"ClinicalUseDefinition.category","ClinicalUseDefinition.category","","","",0,*,"Y","","Y","CodeableConcept {[]} {[]}
","Categoria clínica brasileira","Classificação adicional para contexto brasileiro (DCE-SUS, RENAME, etc.)","","","","","","","","","",,"preferred","","http://farmaco.maxapex.net/brig/fhir/ValueSet/clinical-use-category-br","",,,,"ClinicalUseDefinition.category",0,*,"","ele-1:All FHIR elements must have a @value or children {hasValue() or (children().count() > id.count())}
","n/a"
"ClinicalUseDefinition.subject","ClinicalUseDefinition.subject","","","",1,*,"Y","","Y","Reference {[]} {[CanonicalType[http://farmaco.maxapex.net/brig/fhir/StructureDefinition/MedicinalProductDefinition-br]]}
","Produto medicinal brasileiro referenciado","Referência para o produto medicinal brasileiro ao qual se aplica esta definição","","","","","","","","","",,,,,"",,,,"ClinicalUseDefinition.subject",0,*,"","ele-1:All FHIR elements must have a @value or children {hasValue() or (children().count() > id.count())}
","Definition.subject","(the link between the IDMP class and Medicinal Product)"
"ClinicalUseDefinition.status","ClinicalUseDefinition.status","","","",1,1,"Y","","Y","CodeableConcept {[]} {[]}
","Status da definição de uso clínico","Estado atual da definição (ativo, suspenso, depreciado)","","","","","","","","","",,"required","","http://farmaco.maxapex.net/brig/fhir/ValueSet/clinical-use-status-br","",,,,"ClinicalUseDefinition.status",0,1,"","ele-1:All FHIR elements must have a @value or children {hasValue() or (children().count() > id.count())}
","Definition.status","n/a"
"ClinicalUseDefinition.contraindication","ClinicalUseDefinition.contraindication","","","",0,1,"Y","","Y","BackboneElement {[]} {[]}
","Detalhes da contraindicação","Especificação completa da contraindicação conforme contexto brasileiro","","","","","","","","","",,,,,"",,,,"ClinicalUseDefinition.contraindication",0,1,"cud-1
","ele-1:All FHIR elements must have a @value or children {hasValue() or (children().count() > id.count())}
","Contraindication"
"ClinicalUseDefinition.contraindication.id","ClinicalUseDefinition.contraindication.id","","","",0,1,"","","","string {[]} {[]}
","Unique id for inter-element referencing","Unique id for the element within a resource (for internal references). This may be any string value that does not contain spaces.","","","","","","","","","",,,,,"",,,,"Element.id",0,1,"ele-1
","","n/a"
"ClinicalUseDefinition.contraindication.extension","ClinicalUseDefinition.contraindication.extension","","extensions
user content","",0,*,"","","","Extension {[]} {[]}
","Additional content defined by implementations","May be used to represent additional information that is not part of the basic definition of the element. To make the use of extensions safe and managable, there is a strict set of governance applied to the definition and use of extensions. Though any implementer can define an extension, there is a set of requirements that SHALL be met as part of the definition of the extension.","There can be no stigma associated with the use of extensions by any application, project, or standard - regardless of the institution or jurisdiction that uses or defines the extensions.  The use of extensions is what allows the FHIR specification to retain a core level of simplicity for everyone.","","","","","","","","",,,,,"",,,,"Element.extension",0,*,"","ele-1:All FHIR elements must have a @value or children {hasValue() or (children().count() > id.count())}
ext-1:Must have either extensions or value[x], not both {extension.exists() != value.exists()}","n/a"
"ClinicalUseDefinition.contraindication.modifierExtension","ClinicalUseDefinition.contraindication.modifierExtension","","extensions
user contentmodifiers","",0,*,"","Y","Y","Extension {[]} {[]}
","Extensions that cannot be ignored even if unrecognized","May be used to represent additional information that is not part of the basic definition of the element and that modifies the understanding of the element in which it is contained and/or the understanding of the containing element's descendants. Usually modifier elements provide negation or qualification. To make the use of extensions safe and managable, there is a strict set of governance applied to the definition and use of extensions. Though any implementer can define an extension, there is a set of requirements that SHALL be met as part of the definition of the extension. Applications processing a resource are required to check for modifier extensions.

Modifier extensions SHALL NOT change the meaning of any elements on Resource or DomainResource (including cannot change the meaning of modifierExtension itself).","There can be no stigma associated with the use of extensions by any application, project, or standard - regardless of the institution or jurisdiction that uses or defines the extensions.  The use of extensions is what allows the FHIR specification to retain a core level of simplicity for everyone.","Modifier extensions allow for extensions that *cannot* be safely ignored to be clearly distinguished from the vast majority of extensions which can be safely ignored.  This promotes interoperability by eliminating the need for implementers to prohibit the presence of extensions. For further information, see the [definition of modifier extensions](http://hl7.org/fhir/R5/extensibility.html#modifierExtension).","","","","","","","",,,,,"",,,,"BackboneElement.modifierExtension",0,*,"","ele-1:All FHIR elements must have a @value or children {hasValue() or (children().count() > id.count())}
ext-1:Must have either extensions or value[x], not both {extension.exists() != value.exists()}","N/A"
"ClinicalUseDefinition.contraindication.diseaseSymptomProcedure","ClinicalUseDefinition.contraindication.diseaseSymptomProcedure","","","",1,1,"Y","","Y","CodeableReference {[]} {[CanonicalType[http://hl7.org/fhir/StructureDefinition/ObservationDefinition]]}
","Condição que contraindica o uso","Doença ou condição que impede o uso do medicamento","","","","","","","","","",,"preferred","","http://farmaco.maxapex.net/brig/fhir/ValueSet/contraindication-condition-br","",,,,"ClinicalUseDefinition.contraindication.diseaseSymptomProcedure",0,1,"","ele-1:All FHIR elements must have a @value or children {hasValue() or (children().count() > id.count())}
","Contraindication.Contraindications as ""Disease / Symptom / Procedure"" and Contraindication.Contraindications Text"
"ClinicalUseDefinition.contraindication.diseaseStatus","ClinicalUseDefinition.contraindication.diseaseStatus","","","",0,1,"","","Y","CodeableReference {[]} {[CanonicalType[http://hl7.org/fhir/StructureDefinition/ObservationDefinition]]}
","The status of the disease or symptom for the contraindication","The status of the disease or symptom for the contraindication, for example ""chronic"" or ""metastatic"".","","","","","","","","","",,"example","The status of a disease or symptom.","http://hl7.org/fhir/ValueSet/disease-status","",,,,"ClinicalUseDefinition.contraindication.diseaseStatus",0,1,"","ele-1:All FHIR elements must have a @value or children {hasValue() or (children().count() > id.count())}
","Contraindication.Disease Status"
"ClinicalUseDefinition.contraindication.comorbidity","ClinicalUseDefinition.contraindication.comorbidity","","","",0,*,"Y","","Y","CodeableReference {[]} {[CanonicalType[http://hl7.org/fhir/StructureDefinition/ObservationDefinition]]}
","Comorbidades que afetam a contraindicação","Condições médicas que influenciam a contraindicação","","","","","","","","","",,"example","A symptom, disease or procedure.","http://hl7.org/fhir/ValueSet/disease-symptom-procedure","",,,,"ClinicalUseDefinition.contraindication.comorbidity",0,*,"","ele-1:All FHIR elements must have a @value or children {hasValue() or (children().count() > id.count())}
","Contraindication.Comorbidity"
"ClinicalUseDefinition.contraindication.indication","ClinicalUseDefinition.contraindication.indication","","","",0,*,"","","Y","Reference {[]} {[CanonicalType[http://hl7.org/fhir/StructureDefinition/ClinicalUseDefinition]]}
","The indication which this is a contraidication for","The indication which this is a contraidication for.","","","","","","","","","",,,,,"",,,,"ClinicalUseDefinition.contraindication.indication",0,*,"","ele-1:All FHIR elements must have a @value or children {hasValue() or (children().count() > id.count())}
","(the link from Contraindication to Therapeutic Indication)"
"ClinicalUseDefinition.contraindication.applicability","ClinicalUseDefinition.contraindication.applicability","","","",0,1,"","","","Expression {[]} {[]}
","An expression that returns true or false, indicating whether the indication is applicable or not, after having applied its other elements","An expression that returns true or false, indicating whether the indication is applicable or not, after having applied its other elements.","The expression may be inlined or may be a reference to a named expression within a logic library referenced by the library element.","","","","","","","","",,,,,"",,,,"ClinicalUseDefinition.contraindication.applicability",0,1,"","ele-1:All FHIR elements must have a @value or children {hasValue() or (children().count() > id.count())}
","n/a"
"ClinicalUseDefinition.contraindication.otherTherapy","ClinicalUseDefinition.contraindication.otherTherapy","","","",0,*,"","","Y","BackboneElement {[]} {[]}
","Information about use of the product in relation to other therapies described as part of the contraindication","Information about the use of the medicinal product in relation to other therapies described as part of the contraindication.","","","","","","","","","",,,,,"",,,,"ClinicalUseDefinition.contraindication.otherTherapy",0,*,"","ele-1:All FHIR elements must have a @value or children {hasValue() or (children().count() > id.count())}
","Contraindication.Other Therapy Specifics"
"ClinicalUseDefinition.contraindication.otherTherapy.id","ClinicalUseDefinition.contraindication.otherTherapy.id","","","",0,1,"","","","string {[]} {[]}
","Unique id for inter-element referencing","Unique id for the element within a resource (for internal references). This may be any string value that does not contain spaces.","","","","","","","","","",,,,,"",,,,"Element.id",0,1,"ele-1
","","n/a"
"ClinicalUseDefinition.contraindication.otherTherapy.extension","ClinicalUseDefinition.contraindication.otherTherapy.extension","","extensions
user content","",0,*,"","","","Extension {[]} {[]}
","Additional content defined by implementations","May be used to represent additional information that is not part of the basic definition of the element. To make the use of extensions safe and managable, there is a strict set of governance applied to the definition and use of extensions. Though any implementer can define an extension, there is a set of requirements that SHALL be met as part of the definition of the extension.","There can be no stigma associated with the use of extensions by any application, project, or standard - regardless of the institution or jurisdiction that uses or defines the extensions.  The use of extensions is what allows the FHIR specification to retain a core level of simplicity for everyone.","","","","","","","","",,,,,"",,,,"Element.extension",0,*,"","ele-1:All FHIR elements must have a @value or children {hasValue() or (children().count() > id.count())}
ext-1:Must have either extensions or value[x], not both {extension.exists() != value.exists()}","n/a"
"ClinicalUseDefinition.contraindication.otherTherapy.modifierExtension","ClinicalUseDefinition.contraindication.otherTherapy.modifierExtension","","extensions
user contentmodifiers","",0,*,"","Y","Y","Extension {[]} {[]}
","Extensions that cannot be ignored even if unrecognized","May be used to represent additional information that is not part of the basic definition of the element and that modifies the understanding of the element in which it is contained and/or the understanding of the containing element's descendants. Usually modifier elements provide negation or qualification. To make the use of extensions safe and managable, there is a strict set of governance applied to the definition and use of extensions. Though any implementer can define an extension, there is a set of requirements that SHALL be met as part of the definition of the extension. Applications processing a resource are required to check for modifier extensions.

Modifier extensions SHALL NOT change the meaning of any elements on Resource or DomainResource (including cannot change the meaning of modifierExtension itself).","There can be no stigma associated with the use of extensions by any application, project, or standard - regardless of the institution or jurisdiction that uses or defines the extensions.  The use of extensions is what allows the FHIR specification to retain a core level of simplicity for everyone.","Modifier extensions allow for extensions that *cannot* be safely ignored to be clearly distinguished from the vast majority of extensions which can be safely ignored.  This promotes interoperability by eliminating the need for implementers to prohibit the presence of extensions. For further information, see the [definition of modifier extensions](http://hl7.org/fhir/R5/extensibility.html#modifierExtension).","","","","","","","",,,,,"",,,,"BackboneElement.modifierExtension",0,*,"","ele-1:All FHIR elements must have a @value or children {hasValue() or (children().count() > id.count())}
ext-1:Must have either extensions or value[x], not both {extension.exists() != value.exists()}","N/A"
"ClinicalUseDefinition.contraindication.otherTherapy.relationshipType","ClinicalUseDefinition.contraindication.otherTherapy.relationshipType","","","",1,1,"","","Y","CodeableConcept {[]} {[]}
","The type of relationship between the product indication/contraindication and another therapy","The type of relationship between the medicinal product indication or contraindication and another therapy.","","","","","","","","","",,"preferred","Classification of relationship between a therapy and a contraindication or an indication.","http://hl7.org/fhir/ValueSet/therapy-relationship-type","",,,,"ClinicalUseDefinition.contraindication.otherTherapy.relationshipType",1,1,"","ele-1:All FHIR elements must have a @value or children {hasValue() or (children().count() > id.count())}
","Other Therapy Specifics.Therapy Relationship Type"
"ClinicalUseDefinition.contraindication.otherTherapy.treatment","ClinicalUseDefinition.contraindication.otherTherapy.treatment","","","",1,1,"","","Y","CodeableReference {[]} {[CanonicalType[http://hl7.org/fhir/StructureDefinition/MedicinalProductDefinition], CanonicalType[http://hl7.org/fhir/StructureDefinition/Medication], CanonicalType[http://hl7.org/fhir/StructureDefinition/Substance], CanonicalType[http://hl7.org/fhir/StructureDefinition/SubstanceDefinition], CanonicalType[http://hl7.org/fhir/StructureDefinition/NutritionProduct], CanonicalType[http://hl7.org/fhir/StructureDefinition/BiologicallyDerivedProduct], CanonicalType[http://hl7.org/fhir/StructureDefinition/ActivityDefinition]]}
","Reference to a specific medication, substance etc. as part of an indication or contraindication","Reference to a specific medication (active substance, medicinal product or class of products, biological, food etc.) as part of an indication or contraindication.","","","","","","","","","",,"example","A therapy.","http://hl7.org/fhir/ValueSet/therapy","",,,,"ClinicalUseDefinition.contraindication.otherTherapy.treatment",1,1,"","ele-1:All FHIR elements must have a @value or children {hasValue() or (children().count() > id.count())}
","Other Therapy Specifics.Medication"
"ClinicalUseDefinition.indication","ClinicalUseDefinition.indication","","","",0,1,"Y","","Y","BackboneElement {[]} {[]}
","Detalhes da indicação terapêutica","Especificação completa da indicação terapêutica conforme contexto brasileiro","","","","","","","","","",,,,,"",,,,"ClinicalUseDefinition.indication",0,1,"cud-1
","ele-1:All FHIR elements must have a @value or children {hasValue() or (children().count() > id.count())}
","Therapeutic Indication"
"ClinicalUseDefinition.indication.id","ClinicalUseDefinition.indication.id","","","",0,1,"","","","string {[]} {[]}
","Unique id for inter-element referencing","Unique id for the element within a resource (for internal references). This may be any string value that does not contain spaces.","","","","","","","","","",,,,,"",,,,"Element.id",0,1,"ele-1
","","n/a"
"ClinicalUseDefinition.indication.extension","ClinicalUseDefinition.indication.extension","","extensions
user content","",0,*,"","","","Extension {[]} {[]}
","Additional content defined by implementations","May be used to represent additional information that is not part of the basic definition of the element. To make the use of extensions safe and managable, there is a strict set of governance applied to the definition and use of extensions. Though any implementer can define an extension, there is a set of requirements that SHALL be met as part of the definition of the extension.","There can be no stigma associated with the use of extensions by any application, project, or standard - regardless of the institution or jurisdiction that uses or defines the extensions.  The use of extensions is what allows the FHIR specification to retain a core level of simplicity for everyone.","","","","","","","","",,,,,"",,,,"Element.extension",0,*,"","ele-1:All FHIR elements must have a @value or children {hasValue() or (children().count() > id.count())}
ext-1:Must have either extensions or value[x], not both {extension.exists() != value.exists()}","n/a"
"ClinicalUseDefinition.indication.modifierExtension","ClinicalUseDefinition.indication.modifierExtension","","extensions
user contentmodifiers","",0,*,"","Y","Y","Extension {[]} {[]}
","Extensions that cannot be ignored even if unrecognized","May be used to represent additional information that is not part of the basic definition of the element and that modifies the understanding of the element in which it is contained and/or the understanding of the containing element's descendants. Usually modifier elements provide negation or qualification. To make the use of extensions safe and managable, there is a strict set of governance applied to the definition and use of extensions. Though any implementer can define an extension, there is a set of requirements that SHALL be met as part of the definition of the extension. Applications processing a resource are required to check for modifier extensions.

Modifier extensions SHALL NOT change the meaning of any elements on Resource or DomainResource (including cannot change the meaning of modifierExtension itself).","There can be no stigma associated with the use of extensions by any application, project, or standard - regardless of the institution or jurisdiction that uses or defines the extensions.  The use of extensions is what allows the FHIR specification to retain a core level of simplicity for everyone.","Modifier extensions allow for extensions that *cannot* be safely ignored to be clearly distinguished from the vast majority of extensions which can be safely ignored.  This promotes interoperability by eliminating the need for implementers to prohibit the presence of extensions. For further information, see the [definition of modifier extensions](http://hl7.org/fhir/R5/extensibility.html#modifierExtension).","","","","","","","",,,,,"",,,,"BackboneElement.modifierExtension",0,*,"","ele-1:All FHIR elements must have a @value or children {hasValue() or (children().count() > id.count())}
ext-1:Must have either extensions or value[x], not both {extension.exists() != value.exists()}","N/A"
"ClinicalUseDefinition.indication.diseaseSymptomProcedure","ClinicalUseDefinition.indication.diseaseSymptomProcedure","","","",1,1,"Y","","Y","CodeableReference {[]} {[CanonicalType[http://hl7.org/fhir/StructureDefinition/ObservationDefinition]]}
","Condição médica (CID-10/SNOMED-CT)","Doença, sintoma ou procedimento usando códigos CID-10 ou SNOMED-CT","","","","","","","","","",,"preferred","","http://farmaco.maxapex.net/brig/fhir/ValueSet/therapeutic-indication-br","",,,,"ClinicalUseDefinition.indication.diseaseSymptomProcedure",0,1,"","ele-1:All FHIR elements must have a @value or children {hasValue() or (children().count() > id.count())}
","Therapeutic Indication.Indication as ""Disease / Symptom / Procedure"", and Therapeutic Indication.Indication Text"
"ClinicalUseDefinition.indication.diseaseStatus","ClinicalUseDefinition.indication.diseaseStatus","","","",0,1,"Y","","Y","CodeableReference {[]} {[CanonicalType[http://hl7.org/fhir/StructureDefinition/ObservationDefinition]]}
","Status da condição (agudo, crônico)","Classificação do estágio ou status da condição médica","","","","","","","","","",,"example","The status of a disease or symptom.","http://hl7.org/fhir/ValueSet/disease-status","",,,,"ClinicalUseDefinition.indication.diseaseStatus",0,1,"","ele-1:All FHIR elements must have a @value or children {hasValue() or (children().count() > id.count())}
","Therapeutic Indication.Disease Status"
"ClinicalUseDefinition.indication.comorbidity","ClinicalUseDefinition.indication.comorbidity","","","",0,*,"Y","","Y","CodeableReference {[]} {[CanonicalType[http://hl7.org/fhir/StructureDefinition/ObservationDefinition]]}
","Comorbidades relevantes","Condições médicas concomitantes relevantes para a indicação","","","","","","","","","",,"preferred","","http://farmaco.maxapex.net/brig/fhir/ValueSet/comorbidity-br","",,,,"ClinicalUseDefinition.indication.comorbidity",0,*,"","ele-1:All FHIR elements must have a @value or children {hasValue() or (children().count() > id.count())}
","Therapeutic Indication.Comorbidity"
"ClinicalUseDefinition.indication.intendedEffect","ClinicalUseDefinition.indication.intendedEffect","","","",0,1,"Y","","Y","CodeableReference {[]} {[CanonicalType[http://hl7.org/fhir/StructureDefinition/ObservationDefinition]]}
","Efeito terapêutico pretendido","Resultado clínico esperado do tratamento","","","","","","","","","",,"preferred","The overall intended use of a product.","http://hl7.org/fhir/ValueSet/product-intended-use","",,,,"ClinicalUseDefinition.indication.intendedEffect",0,1,"","ele-1:All FHIR elements must have a @value or children {hasValue() or (children().count() > id.count())}
","Therapeutic Indication.Intended Effect"
"ClinicalUseDefinition.indication.duration[x]","ClinicalUseDefinition.indication.duration[x]","","","",0,1,"Y","","Y","Range {[]} {[]}
string {[]} {[]}","Duração recomendada do tratamento","Período de tempo recomendado para o tratamento","","","","","","","","","",,,,,"",,,,"ClinicalUseDefinition.indication.duration[x]",0,1,"","ele-1:All FHIR elements must have a @value or children {hasValue() or (children().count() > id.count())}
","Therapeutic Indication.Timing / Duration"
"ClinicalUseDefinition.indication.undesirableEffect","ClinicalUseDefinition.indication.undesirableEffect","","","",0,*,"","","Y","Reference {[]} {[CanonicalType[http://hl7.org/fhir/StructureDefinition/ClinicalUseDefinition]]}
","An unwanted side effect or negative outcome of the subject of this resource when being used for this indication","An unwanted side effect or negative outcome that may happen if you use the drug (or other subject of this resource) for this indication.","","","","","","","","","",,,,,"",,,,"ClinicalUseDefinition.indication.undesirableEffect",0,*,"","ele-1:All FHIR elements must have a @value or children {hasValue() or (children().count() > id.count())}
","Therapeutic Indication.Undesirable Effects"
"ClinicalUseDefinition.indication.applicability","ClinicalUseDefinition.indication.applicability","","","",0,1,"","","","Expression {[]} {[]}
","An expression that returns true or false, indicating whether the indication is applicable or not, after having applied its other elements","An expression that returns true or false, indicating whether the indication is applicable or not, after having applied its other elements.","The expression may be inlined or may be a reference to a named expression within a logic library referenced by the library element.","","","","","","","","",,,,,"",,,,"ClinicalUseDefinition.indication.applicability",0,1,"","ele-1:All FHIR elements must have a @value or children {hasValue() or (children().count() > id.count())}
","n/a"
"ClinicalUseDefinition.indication.otherTherapy","ClinicalUseDefinition.indication.otherTherapy","","","",0,*,"","","Y","null {[]} {[]}
","The use of the medicinal product in relation to other therapies described as part of the indication","Information about the use of the medicinal product in relation to other therapies described as part of the indication.","","","","","","","","","",,,,,"",,,,"ClinicalUseDefinition.indication.otherTherapy",0,*,"","ele-1:All FHIR elements must have a @value or children {hasValue() or (children().count() > id.count())}
","Therapeutic Indication.Other Therapy Specifics"
"ClinicalUseDefinition.interaction","ClinicalUseDefinition.interaction","","","",0,1,"Y","","Y","BackboneElement {[]} {[]}
","Detalhes da interação medicamentosa","Especificação completa da interação medicamentosa","","","","","","","","","",,,,,"",,,,"ClinicalUseDefinition.interaction",0,1,"cud-1
","ele-1:All FHIR elements must have a @value or children {hasValue() or (children().count() > id.count())}
","Interactions"
"ClinicalUseDefinition.interaction.id","ClinicalUseDefinition.interaction.id","","","",0,1,"","","","string {[]} {[]}
","Unique id for inter-element referencing","Unique id for the element within a resource (for internal references). This may be any string value that does not contain spaces.","","","","","","","","","",,,,,"",,,,"Element.id",0,1,"ele-1
","","n/a"
"ClinicalUseDefinition.interaction.extension","ClinicalUseDefinition.interaction.extension","","extensions
user content","",0,*,"","","","Extension {[]} {[]}
","Additional content defined by implementations","May be used to represent additional information that is not part of the basic definition of the element. To make the use of extensions safe and managable, there is a strict set of governance applied to the definition and use of extensions. Though any implementer can define an extension, there is a set of requirements that SHALL be met as part of the definition of the extension.","There can be no stigma associated with the use of extensions by any application, project, or standard - regardless of the institution or jurisdiction that uses or defines the extensions.  The use of extensions is what allows the FHIR specification to retain a core level of simplicity for everyone.","","","","","","","","",,,,,"",,,,"Element.extension",0,*,"","ele-1:All FHIR elements must have a @value or children {hasValue() or (children().count() > id.count())}
ext-1:Must have either extensions or value[x], not both {extension.exists() != value.exists()}","n/a"
"ClinicalUseDefinition.interaction.modifierExtension","ClinicalUseDefinition.interaction.modifierExtension","","extensions
user contentmodifiers","",0,*,"","Y","Y","Extension {[]} {[]}
","Extensions that cannot be ignored even if unrecognized","May be used to represent additional information that is not part of the basic definition of the element and that modifies the understanding of the element in which it is contained and/or the understanding of the containing element's descendants. Usually modifier elements provide negation or qualification. To make the use of extensions safe and managable, there is a strict set of governance applied to the definition and use of extensions. Though any implementer can define an extension, there is a set of requirements that SHALL be met as part of the definition of the extension. Applications processing a resource are required to check for modifier extensions.

Modifier extensions SHALL NOT change the meaning of any elements on Resource or DomainResource (including cannot change the meaning of modifierExtension itself).","There can be no stigma associated with the use of extensions by any application, project, or standard - regardless of the institution or jurisdiction that uses or defines the extensions.  The use of extensions is what allows the FHIR specification to retain a core level of simplicity for everyone.","Modifier extensions allow for extensions that *cannot* be safely ignored to be clearly distinguished from the vast majority of extensions which can be safely ignored.  This promotes interoperability by eliminating the need for implementers to prohibit the presence of extensions. For further information, see the [definition of modifier extensions](http://hl7.org/fhir/R5/extensibility.html#modifierExtension).","","","","","","","",,,,,"",,,,"BackboneElement.modifierExtension",0,*,"","ele-1:All FHIR elements must have a @value or children {hasValue() or (children().count() > id.count())}
ext-1:Must have either extensions or value[x], not both {extension.exists() != value.exists()}","N/A"
"ClinicalUseDefinition.interaction.interactant","ClinicalUseDefinition.interaction.interactant","","","",1,*,"Y","","Y","BackboneElement {[]} {[]}
","Substância ou produto que interage","Medicamento, substância ou produto que causa interação","","","","","","","","","",,,,,"",,,,"ClinicalUseDefinition.interaction.interactant",0,*,"","ele-1:All FHIR elements must have a @value or children {hasValue() or (children().count() > id.count())}
","Interactions.Interactant and Interactions.Interactions Text"
"ClinicalUseDefinition.interaction.interactant.id","ClinicalUseDefinition.interaction.interactant.id","","","",0,1,"","","","string {[]} {[]}
","Unique id for inter-element referencing","Unique id for the element within a resource (for internal references). This may be any string value that does not contain spaces.","","","","","","","","","",,,,,"",,,,"Element.id",0,1,"ele-1
","","n/a"
"ClinicalUseDefinition.interaction.interactant.extension","ClinicalUseDefinition.interaction.interactant.extension","","extensions
user content","",0,*,"","","","Extension {[]} {[]}
","Additional content defined by implementations","May be used to represent additional information that is not part of the basic definition of the element. To make the use of extensions safe and managable, there is a strict set of governance applied to the definition and use of extensions. Though any implementer can define an extension, there is a set of requirements that SHALL be met as part of the definition of the extension.","There can be no stigma associated with the use of extensions by any application, project, or standard - regardless of the institution or jurisdiction that uses or defines the extensions.  The use of extensions is what allows the FHIR specification to retain a core level of simplicity for everyone.","","","","","","","","",,,,,"",,,,"Element.extension",0,*,"","ele-1:All FHIR elements must have a @value or children {hasValue() or (children().count() > id.count())}
ext-1:Must have either extensions or value[x], not both {extension.exists() != value.exists()}","n/a"
"ClinicalUseDefinition.interaction.interactant.modifierExtension","ClinicalUseDefinition.interaction.interactant.modifierExtension","","extensions
user contentmodifiers","",0,*,"","Y","Y","Extension {[]} {[]}
","Extensions that cannot be ignored even if unrecognized","May be used to represent additional information that is not part of the basic definition of the element and that modifies the understanding of the element in which it is contained and/or the understanding of the containing element's descendants. Usually modifier elements provide negation or qualification. To make the use of extensions safe and managable, there is a strict set of governance applied to the definition and use of extensions. Though any implementer can define an extension, there is a set of requirements that SHALL be met as part of the definition of the extension. Applications processing a resource are required to check for modifier extensions.

Modifier extensions SHALL NOT change the meaning of any elements on Resource or DomainResource (including cannot change the meaning of modifierExtension itself).","There can be no stigma associated with the use of extensions by any application, project, or standard - regardless of the institution or jurisdiction that uses or defines the extensions.  The use of extensions is what allows the FHIR specification to retain a core level of simplicity for everyone.","Modifier extensions allow for extensions that *cannot* be safely ignored to be clearly distinguished from the vast majority of extensions which can be safely ignored.  This promotes interoperability by eliminating the need for implementers to prohibit the presence of extensions. For further information, see the [definition of modifier extensions](http://hl7.org/fhir/R5/extensibility.html#modifierExtension).","","","","","","","",,,,,"",,,,"BackboneElement.modifierExtension",0,*,"","ele-1:All FHIR elements must have a @value or children {hasValue() or (children().count() > id.count())}
ext-1:Must have either extensions or value[x], not both {extension.exists() != value.exists()}","N/A"
"ClinicalUseDefinition.interaction.interactant.item[x]","ClinicalUseDefinition.interaction.interactant.item[x]","","","",1,1,"","","Y","CodeableConcept {[]} {[]}
","The specific medication, product, food etc. or laboratory test that interacts","The specific medication, product, food, substance etc. or laboratory test that interacts.","","","","","","","","","",,"preferred","","http://farmaco.maxapex.net/brig/fhir/ValueSet/interaction-substance-br","",,,,"ClinicalUseDefinition.interaction.interactant.item[x]",1,1,"","ele-1:All FHIR elements must have a @value or children {hasValue() or (children().count() > id.count())}
","Interactions.Interactant and Interactions.Interactions Text"
"ClinicalUseDefinition.interaction.type","ClinicalUseDefinition.interaction.type","","","",0,1,"Y","","Y","CodeableConcept {[]} {[]}
","Tipo de interação (farmacocinética, farmacodinâmica)","Classificação do mecanismo de interação","","","","","","","","","",,"preferred","","http://farmaco.maxapex.net/brig/fhir/ValueSet/interaction-type-br","",,,,"ClinicalUseDefinition.interaction.type",0,1,"","ele-1:All FHIR elements must have a @value or children {hasValue() or (children().count() > id.count())}
","Interactions.Interactions Type"
"ClinicalUseDefinition.interaction.effect","ClinicalUseDefinition.interaction.effect","","","",0,1,"Y","","Y","CodeableReference {[]} {[CanonicalType[http://hl7.org/fhir/StructureDefinition/ObservationDefinition]]}
","Efeito clínico da interação","Resultado clínico esperado da interação","","","","","","","","","",,"preferred","","http://farmaco.maxapex.net/brig/fhir/ValueSet/interaction-effect-br","",,,,"ClinicalUseDefinition.interaction.effect",0,1,"","ele-1:All FHIR elements must have a @value or children {hasValue() or (children().count() > id.count())}
","Interactions.Interactions Effect"
"ClinicalUseDefinition.interaction.incidence","ClinicalUseDefinition.interaction.incidence","","","",0,1,"Y","","Y","CodeableConcept {[]} {[]}
","Frequência da interação","Probabilidade de ocorrência da interação","","","","","","","","","",,"example","A categorisation for incidence of occurence of an interaction.","http://hl7.org/fhir/ValueSet/interaction-incidence","",,,,"ClinicalUseDefinition.interaction.incidence",0,1,"","ele-1:All FHIR elements must have a @value or children {hasValue() or (children().count() > id.count())}
","Interactions.Interactions Incidence"
"ClinicalUseDefinition.interaction.management","ClinicalUseDefinition.interaction.management","","","",0,*,"Y","","Y","CodeableConcept {[]} {[]}
","Recomendações de manejo","Orientações para manejo clínico da interação","","","","","","","","","",,"example","A type of management for an interaction of a medication or other substance.","http://hl7.org/fhir/ValueSet/interaction-management","",,,,"ClinicalUseDefinition.interaction.management",0,*,"","ele-1:All FHIR elements must have a @value or children {hasValue() or (children().count() > id.count())}
","Interactions.Management Actions"
"ClinicalUseDefinition.population","ClinicalUseDefinition.population","","","",0,*,"Y","","Y","Reference {[]} {[CanonicalType[http://hl7.org/fhir/StructureDefinition/Group]]}
","População específica (pediatria, idoso, gestante)","Características da população para a qual esta definição se aplica","","","","","","","","","",,,,,"",,,,"ClinicalUseDefinition.population",0,*,"","ele-1:All FHIR elements must have a @value or children {hasValue() or (children().count() > id.count())}
","Population Specifics"
"ClinicalUseDefinition.library","ClinicalUseDefinition.library","","","",0,*,"","","Y","canonical {[]} {[CanonicalType[http://hl7.org/fhir/StructureDefinition/Library]]}
","Logic used by the clinical use definition","Logic used by the clinical use definition.","","","","","","","","","",,,,,"",,,,"ClinicalUseDefinition.library",0,*,"","ele-1:All FHIR elements must have a @value or children {hasValue() or (children().count() > id.count())}
","n/a"
"ClinicalUseDefinition.undesirableEffect","ClinicalUseDefinition.undesirableEffect","","","",0,1,"Y","","Y","BackboneElement {[]} {[]}
","Detalhes do efeito indesejável","Especificação de efeitos adversos ou indesejáveis","","","","","","","","","",,,,,"",,,,"ClinicalUseDefinition.undesirableEffect",0,1,"cud-1
","ele-1:All FHIR elements must have a @value or children {hasValue() or (children().count() > id.count())}
","Undesirable Effects"
"ClinicalUseDefinition.undesirableEffect.id","ClinicalUseDefinition.undesirableEffect.id","","","",0,1,"","","","string {[]} {[]}
","Unique id for inter-element referencing","Unique id for the element within a resource (for internal references). This may be any string value that does not contain spaces.","","","","","","","","","",,,,,"",,,,"Element.id",0,1,"ele-1
","","n/a"
"ClinicalUseDefinition.undesirableEffect.extension","ClinicalUseDefinition.undesirableEffect.extension","","extensions
user content","",0,*,"","","","Extension {[]} {[]}
","Additional content defined by implementations","May be used to represent additional information that is not part of the basic definition of the element. To make the use of extensions safe and managable, there is a strict set of governance applied to the definition and use of extensions. Though any implementer can define an extension, there is a set of requirements that SHALL be met as part of the definition of the extension.","There can be no stigma associated with the use of extensions by any application, project, or standard - regardless of the institution or jurisdiction that uses or defines the extensions.  The use of extensions is what allows the FHIR specification to retain a core level of simplicity for everyone.","","","","","","","","",,,,,"",,,,"Element.extension",0,*,"","ele-1:All FHIR elements must have a @value or children {hasValue() or (children().count() > id.count())}
ext-1:Must have either extensions or value[x], not both {extension.exists() != value.exists()}","n/a"
"ClinicalUseDefinition.undesirableEffect.modifierExtension","ClinicalUseDefinition.undesirableEffect.modifierExtension","","extensions
user contentmodifiers","",0,*,"","Y","Y","Extension {[]} {[]}
","Extensions that cannot be ignored even if unrecognized","May be used to represent additional information that is not part of the basic definition of the element and that modifies the understanding of the element in which it is contained and/or the understanding of the containing element's descendants. Usually modifier elements provide negation or qualification. To make the use of extensions safe and managable, there is a strict set of governance applied to the definition and use of extensions. Though any implementer can define an extension, there is a set of requirements that SHALL be met as part of the definition of the extension. Applications processing a resource are required to check for modifier extensions.

Modifier extensions SHALL NOT change the meaning of any elements on Resource or DomainResource (including cannot change the meaning of modifierExtension itself).","There can be no stigma associated with the use of extensions by any application, project, or standard - regardless of the institution or jurisdiction that uses or defines the extensions.  The use of extensions is what allows the FHIR specification to retain a core level of simplicity for everyone.","Modifier extensions allow for extensions that *cannot* be safely ignored to be clearly distinguished from the vast majority of extensions which can be safely ignored.  This promotes interoperability by eliminating the need for implementers to prohibit the presence of extensions. For further information, see the [definition of modifier extensions](http://hl7.org/fhir/R5/extensibility.html#modifierExtension).","","","","","","","",,,,,"",,,,"BackboneElement.modifierExtension",0,*,"","ele-1:All FHIR elements must have a @value or children {hasValue() or (children().count() > id.count())}
ext-1:Must have either extensions or value[x], not both {extension.exists() != value.exists()}","N/A"
"ClinicalUseDefinition.undesirableEffect.symptomConditionEffect","ClinicalUseDefinition.undesirableEffect.symptomConditionEffect","","","",1,1,"Y","","Y","CodeableReference {[]} {[CanonicalType[http://hl7.org/fhir/StructureDefinition/ObservationDefinition]]}
","Efeito adverso específico","Descrição do efeito indesejável usando códigos padronizados","","","","","","","","","",,"preferred","","http://farmaco.maxapex.net/brig/fhir/ValueSet/adverse-effect-br","",,,,"ClinicalUseDefinition.undesirableEffect.symptomConditionEffect",0,1,"","ele-1:All FHIR elements must have a @value or children {hasValue() or (children().count() > id.count())}
","Undesirable Effects.Undesirable Effect as ""Symptom / Condition / Effect"""
"ClinicalUseDefinition.undesirableEffect.classification","ClinicalUseDefinition.undesirableEffect.classification","","","",0,1,"Y","","Y","CodeableConcept {[]} {[]}
","Classificação de frequência","Frequência do efeito adverso (comum, raro, muito raro)","","","","","","","","","",,"preferred","","http://farmaco.maxapex.net/brig/fhir/ValueSet/adverse-effect-frequency-br","",,,,"ClinicalUseDefinition.undesirableEffect.classification",0,1,"","ele-1:All FHIR elements must have a @value or children {hasValue() or (children().count() > id.count())}
","Undesirable Effects.Symptom / Condition / Effect Classification"
"ClinicalUseDefinition.undesirableEffect.frequencyOfOccurrence","ClinicalUseDefinition.undesirableEffect.frequencyOfOccurrence","","","",0,1,"Y","","Y","CodeableConcept {[]} {[]}
","Frequência de ocorrência","Dados específicos sobre frequência de ocorrência","","","","","","","","","",,"example","A categorisation for a frequency of occurence of an undesirable effect.","http://hl7.org/fhir/ValueSet/undesirable-effect-frequency","",,,,"ClinicalUseDefinition.undesirableEffect.frequencyOfOccurrence",0,1,"","ele-1:All FHIR elements must have a @value or children {hasValue() or (children().count() > id.count())}
","Undesirable Effects.Frequency of Occurrence"
"ClinicalUseDefinition.warning","ClinicalUseDefinition.warning","","","",0,1,"","","Y","BackboneElement {[]} {[]}
","Critical environmental, health or physical risks or hazards. For example 'Do not operate heavy machinery', 'May cause drowsiness'","A critical piece of information about environmental, health or physical risks or hazards that serve as caution to the user. For example 'Do not operate heavy machinery', 'May cause drowsiness', or 'Get medical advice/attention if you feel unwell'.","","","","","","","","","",,,,,"",,,,"ClinicalUseDefinition.warning",0,1,"cud-1
","ele-1:All FHIR elements must have a @value or children {hasValue() or (children().count() > id.count())}
","n/a"
"ClinicalUseDefinition.warning.id","ClinicalUseDefinition.warning.id","","","",0,1,"","","","string {[]} {[]}
","Unique id for inter-element referencing","Unique id for the element within a resource (for internal references). This may be any string value that does not contain spaces.","","","","","","","","","",,,,,"",,,,"Element.id",0,1,"ele-1
","","n/a"
"ClinicalUseDefinition.warning.extension","ClinicalUseDefinition.warning.extension","","extensions
user content","",0,*,"","","","Extension {[]} {[]}
","Additional content defined by implementations","May be used to represent additional information that is not part of the basic definition of the element. To make the use of extensions safe and managable, there is a strict set of governance applied to the definition and use of extensions. Though any implementer can define an extension, there is a set of requirements that SHALL be met as part of the definition of the extension.","There can be no stigma associated with the use of extensions by any application, project, or standard - regardless of the institution or jurisdiction that uses or defines the extensions.  The use of extensions is what allows the FHIR specification to retain a core level of simplicity for everyone.","","","","","","","","",,,,,"",,,,"Element.extension",0,*,"","ele-1:All FHIR elements must have a @value or children {hasValue() or (children().count() > id.count())}
ext-1:Must have either extensions or value[x], not both {extension.exists() != value.exists()}","n/a"
"ClinicalUseDefinition.warning.modifierExtension","ClinicalUseDefinition.warning.modifierExtension","","extensions
user contentmodifiers","",0,*,"","Y","Y","Extension {[]} {[]}
","Extensions that cannot be ignored even if unrecognized","May be used to represent additional information that is not part of the basic definition of the element and that modifies the understanding of the element in which it is contained and/or the understanding of the containing element's descendants. Usually modifier elements provide negation or qualification. To make the use of extensions safe and managable, there is a strict set of governance applied to the definition and use of extensions. Though any implementer can define an extension, there is a set of requirements that SHALL be met as part of the definition of the extension. Applications processing a resource are required to check for modifier extensions.

Modifier extensions SHALL NOT change the meaning of any elements on Resource or DomainResource (including cannot change the meaning of modifierExtension itself).","There can be no stigma associated with the use of extensions by any application, project, or standard - regardless of the institution or jurisdiction that uses or defines the extensions.  The use of extensions is what allows the FHIR specification to retain a core level of simplicity for everyone.","Modifier extensions allow for extensions that *cannot* be safely ignored to be clearly distinguished from the vast majority of extensions which can be safely ignored.  This promotes interoperability by eliminating the need for implementers to prohibit the presence of extensions. For further information, see the [definition of modifier extensions](http://hl7.org/fhir/R5/extensibility.html#modifierExtension).","","","","","","","",,,,,"",,,,"BackboneElement.modifierExtension",0,*,"","ele-1:All FHIR elements must have a @value or children {hasValue() or (children().count() > id.count())}
ext-1:Must have either extensions or value[x], not both {extension.exists() != value.exists()}","N/A"
"ClinicalUseDefinition.warning.description","ClinicalUseDefinition.warning.description","","","",0,1,"","","Y","markdown {[]} {[]}
","A textual definition of this warning, with formatting","A textual definition of this warning, with formatting.","","","","","","","","","",,,,,"",,,,"ClinicalUseDefinition.warning.description",0,1,"","ele-1:All FHIR elements must have a @value or children {hasValue() or (children().count() > id.count())}
","n/a"
"ClinicalUseDefinition.warning.code","ClinicalUseDefinition.warning.code","","","",0,1,"","","Y","CodeableConcept {[]} {[]}
","A coded or unformatted textual definition of this warning","A coded or unformatted textual definition of this warning.","","","","","","","","","",,"example","Classification of warning type.","http://hl7.org/fhir/ValueSet/warning-type","",,,,"ClinicalUseDefinition.warning.code",0,1,"","ele-1:All FHIR elements must have a @value or children {hasValue() or (children().count() > id.count())}
","n/a"
