URL,Version,Status,OIDs,Name,Title,Descriptino,Uses,Used,Sources
http://farmaco.maxapex.net/brig/fhir/ValueSet/administrable-dose-form-br,0.0.2,draft,,AdministrableDoseFormBR,Formas Farmacêuticas Administráveis - Brasil,"Formas farmacêuticas na apresentação final, prontas para administração ao paciente","StructureDefinition/AdministrableProductDefinition-br","Internal"
http://farmaco.maxapex.net/brig/fhir/ValueSet/administrable-property-br,0.0.2,draft,,AdministrablePropertyBR,Propriedades Administráveis - Brasil,"Tipos de propriedades específicas para produtos administráveis",,"Internal"
http://farmaco.maxapex.net/brig/fhir/ValueSet/administrable-unit-br,0.0.2,draft,,AdministrableUnitBR,Unidades Administráveis - Brasil,"Unidades que descrevem a apresentação final administrável","StructureDefinition/AdministrableProductDefinition-br","Internal"
http://farmaco.maxapex.net/brig/fhir/ValueSet/adverse-effect-br,0.0.2,draft,,AdverseEffectBRValueSet,Efeitos Adversos - Brasil,"ValueSet de efeitos adversos comuns no contexto brasileiro.","StructureDefinition/ClinicalUseDefinition-br","SCT"
http://farmaco.maxapex.net/brig/fhir/ValueSet/adverse-effect-frequency-br,0.0.2,draft,,AdverseEffectFrequencyBRValueSet,Frequência de Efeitos Adversos - Brasil,"ValueSet de classificação de frequência de efeitos adversos conforme padrão brasileiro.","StructureDefinition/ClinicalUseDefinition-br","SCT"
http://farmaco.maxapex.net/brig/fhir/ValueSet/anvisa-category-br,0.0.2,draft,,ANVISACategoryBR,Categorias ANVISA - Brasil,"Categorias de produtos medicinais conforme classificação da ANVISA","StructureDefinition/anvisa-category","Internal"
http://farmaco.maxapex.net/brig/fhir/ValueSet/anvisa-regulatory-status-br,0.0.2,draft,,ANVISARegulatoryStatusBR,Status Regulatório ANVISA - Brasil,"Status regulatório de substâncias junto à ANVISA","StructureDefinition/anvisa-regulatory-status","Internal"
http://farmaco.maxapex.net/brig/fhir/ValueSet/brazilian-government-systems,0.0.2,draft,,BrazilianGovernmentSystems,Sistemas Oficiais do Governo Brasileiro,"Sistemas de identificação oficiais do governo brasileiro utilizados no BRIG",,"Internal"
http://farmaco.maxapex.net/brig/fhir/ValueSet/brazilian-pharmaceutical-terminology,0.0.2,draft,,BrazilianPharmaceuticalTerminology,Terminologia Farmacêutica Brasileira,"Terminologia padronizada para uso farmacêutico no contexto brasileiro","StructureDefinition/brazilian-terminology-standards","Internal"
http://farmaco.maxapex.net/brig/fhir/ValueSet/change-severity-level,0.0.2,draft,,ChangeSeverityLevel,Níveis de Severidade de Mudança,"Níveis de severidade para classificação de mudanças em identificadores","StructureDefinition/identifier-lifecycle-rules","Internal"
http://farmaco.maxapex.net/brig/fhir/ValueSet/clinical-use-category-br,0.0.2,draft,,ClinicalUseCategoryBRValueSet,Categorias de Uso Clínico - Brasil,"ValueSet de categorias específicas brasileiras para uso clínico incluindo programas governamentais.","StructureDefinition/ClinicalUseDefinition-br","Internal"
http://farmaco.maxapex.net/brig/fhir/ValueSet/clinical-use-status-br,0.0.2,draft,,ClinicalUseStatusBRValueSet,Status de Uso Clínico - Brasil,"ValueSet dos status das definições de uso clínico para o contexto brasileiro.","StructureDefinition/ClinicalUseDefinition-br","Internal"
http://farmaco.maxapex.net/brig/fhir/ValueSet/clinical-use-type-br,0.0.2,draft,,ClinicalUseTypeBRValueSet,Tipos de Uso Clínico - Brasil,"ValueSet dos tipos de definição de uso clínico para o contexto brasileiro.","StructureDefinition/ClinicalUseDefinition-br","Internal"
http://farmaco.maxapex.net/brig/fhir/ValueSet/comorbidity-br,0.0.2,draft,,ComorbidityBRValueSet,Comorbidades - Brasil,"ValueSet de comorbidades relevantes para indicações e contraindicações no contexto brasileiro.","StructureDefinition/ClinicalUseDefinition-br","hl7.terminology.r5"
http://farmaco.maxapex.net/brig/fhir/ValueSet/concentration-unit-br,0.0.2,draft,,ConcentrationUnitBR,Unidades de Concentração - Brasil,"Unidades utilizadas para expressar concentrações de ingredientes","StructureDefinition/Ingredient-br","UCUM,Internal"
http://farmaco.maxapex.net/brig/fhir/ValueSet/container-materials-br,0.0.2,draft,,ContainerMaterialsBR,Materiais de Container - Brasil,"Materiais padronizados para containers de embalagens brasileiras","StructureDefinition/package-item-container-details,StructureDefinition/package-component-details","Internal"
http://farmaco.maxapex.net/brig/fhir/ValueSet/container-type-br,0.0.2,draft,,ContainerTypeBR,Tipos de Container - Brasil,"Tipos de containers padronizados para embalagens brasileiras","StructureDefinition/package-item-container-details","Internal"
http://farmaco.maxapex.net/brig/fhir/ValueSet/contraindication-condition-br,0.0.2,draft,,ContraindicationConditionBRValueSet,Condições de Contraindicação - Brasil,"ValueSet de condições médicas que constituem contraindicações no contexto brasileiro.","StructureDefinition/ClinicalUseDefinition-br","SCT,hl7.terminology.r5"
http://farmaco.maxapex.net/brig/fhir/ValueSet/controlled-substance-category-br,0.0.2,draft,,ControlledSubstanceCategoryBR,Categorias de Substâncias Controladas - Brasil,"Categorias de controle de substâncias conforme Portaria SVS/MS n° 344/1998","StructureDefinition/controlled-substance-category","Internal"
http://farmaco.maxapex.net/brig/fhir/ValueSet/dcb-brasileiras,0.0.2,draft,,DCBBrasileiras,Denominações Comuns Brasileiras (DCB),"Denominações Comuns Brasileiras padronizadas pela ANVISA para substâncias ativas","StructureDefinition/MedicinalProductDefinition-br","Internal"
http://farmaco.maxapex.net/brig/fhir/ValueSet/exemplo-valueset-brasileiro,0.0.2,draft,,ExemploValueSetBrasileiro,Exemplo de ValueSet Brasileiro,"ValueSet de exemplo com terminologia farmacêutica brasileira padronizada conforme contexto regulatório nacional",,"Other"
http://farmaco.maxapex.net/brig/fhir/ValueSet/gmp-certification-status-br,0.0.2,draft,,GMPCertificationStatusBR,Status de Certificação GMP - Brasil,"Status de certificação de Boas Práticas de Fabricação","StructureDefinition/organization-regulatory-status-br","Internal"
http://farmaco.maxapex.net/brig/fhir/ValueSet/identifier-change-reason,0.0.2,draft,,IdentifierChangeReason,Motivos de Mudança de Identificador,"Motivos padronizados para mudanças que requerem novos identificadores MPID/PCID","StructureDefinition/identifier-lifecycle-rules","Internal"
http://farmaco.maxapex.net/brig/fhir/ValueSet/identifier-lifecycle-status,0.0.2,draft,,IdentifierLifecycleStatus,Status de Lifecycle do Identificador,"Status do ciclo de vida de identificadores MPID/PCID","StructureDefinition/identifier-lifecycle-status","Internal"
http://farmaco.maxapex.net/brig/fhir/ValueSet/ingredient-function-br,0.0.2,draft,,IngredientFunctionBR,Funções de Ingredientes - Brasil,"Funções específicas detalhadas de ingredientes em medicamentos","StructureDefinition/Ingredient-br","Internal"
http://farmaco.maxapex.net/brig/fhir/ValueSet/ingredient-role-br,0.0.2,draft,,IngredientRoleBR,Papéis de Ingredientes - Brasil,"Papéis/funções de ingredientes em medicamentos conforme padrões brasileiros","StructureDefinition/Ingredient-br","Internal"
http://farmaco.maxapex.net/brig/fhir/ValueSet/interaction-effect-br,0.0.2,draft,,InteractionEffectBRValueSet,Efeitos de Interação - Brasil,"ValueSet dos efeitos clínicos de interações medicamentosas no contexto brasileiro.","StructureDefinition/ClinicalUseDefinition-br","SCT"
http://farmaco.maxapex.net/brig/fhir/ValueSet/interaction-substance-br,0.0.2,draft,,InteractionSubstanceBRValueSet,Substâncias para Interação - Brasil,"ValueSet de substâncias comuns que causam interações medicamentosas no contexto brasileiro.","StructureDefinition/ClinicalUseDefinition-br","SCT"
http://farmaco.maxapex.net/brig/fhir/ValueSet/interaction-type-br,0.0.2,draft,,InteractionTypeBRValueSet,Tipos de Interação - Brasil,"ValueSet dos tipos de interação medicamentosa para o contexto brasileiro.","StructureDefinition/ClinicalUseDefinition-br","SCT"
http://farmaco.maxapex.net/brig/fhir/ValueSet/legal-basis-anvisa-br,0.0.2,draft,,LegalBasisANVISABR,Base Legal ANVISA Brasil,"Conjunto de valores para bases legais ANVISA","StructureDefinition/RegulatedAuthorization-br","Internal"
http://farmaco.maxapex.net/brig/fhir/ValueSet/legal-status-supply-br,0.0.2,draft,,LegalStatusSupplyBR,Status Legal de Fornecimento - Brasil,"Status legal para dispensação de produtos medicinais no Brasil","StructureDefinition/legal-status-defining,StructureDefinition/MedicinalProductDefinition-br,StructureDefinition/PackagedProductDefinition-br","Internal"
http://farmaco.maxapex.net/brig/fhir/ValueSet/marketing-status-br,0.0.2,draft,,MarketingStatusBR,Status de Comercialização - Brasil,"Status de comercialização de produtos medicinais no Brasil","StructureDefinition/MedicinalProductDefinition-br,StructureDefinition/PackagedProductDefinition-br","Internal"
http://farmaco.maxapex.net/brig/fhir/ValueSet/medicinal-product-type-br,0.0.2,draft,,MedicinalProductTypeBR,Tipos de Produto Medicinal - Brasil,"Tipos de produtos medicinais conforme classificação brasileira/ANVISA","StructureDefinition/MedicinalProductDefinition-br","Internal"
http://farmaco.maxapex.net/brig/fhir/ValueSet/mpid-defining-elements,0.0.2,draft,,MPIDDefiningElements,Elementos Definidores de MPID,"Elementos que, quando alterados, requerem geração de novo MPID",,"Internal"
http://farmaco.maxapex.net/brig/fhir/ValueSet/mpid-requiring-changes,0.0.2,draft,,MPIDRequiringChanges,Mudanças que Requerem Novo MPID,"Tipos de mudanças que requerem geração de novo MPID",,"Internal"
http://farmaco.maxapex.net/brig/fhir/ValueSet/mpid-values-br,0.0.2,draft,,MPIDValues,Valores MPID - Brasil,"Valores válidos para identificadores MPID brasileiros",,"Internal"
http://farmaco.maxapex.net/brig/fhir/ValueSet/organization-anvisa-status-br,0.0.2,draft,,OrganizationANVISAStatusBR,Status ANVISA da Organização - Brasil,"Status da organização junto à ANVISA","StructureDefinition/organization-regulatory-status-br","Internal"
http://farmaco.maxapex.net/brig/fhir/ValueSet/organization-contact-purpose-br,0.0.2,draft,,OrganizationContactPurposeBR,Finalidades de Contato Organizacional - Brasil,"Finalidades específicas de contatos organizacionais no contexto regulatório brasileiro","StructureDefinition/MedicinalProductDefinition-br","Internal"
http://farmaco.maxapex.net/brig/fhir/ValueSet/organization-operational-category-br,0.0.2,draft,,OrganizationOperationalCategoryBR,Categorias Operacionais de Organização - Brasil,"Categorias operacionais de organizações no contexto regulatório brasileiro","StructureDefinition/organization-operational-category-br","Internal"
http://farmaco.maxapex.net/brig/fhir/ValueSet/organization-operational-scope-br,0.0.2,draft,,OrganizationOperationalScopeBR,Escopo Operacional de Organização - Brasil,"Escopo geográfico de operação de organizações","StructureDefinition/organization-operational-category-br","Internal"
http://farmaco.maxapex.net/brig/fhir/ValueSet/organization-size-category-br,0.0.2,draft,,OrganizationSizeCategoryBR,Categorias de Porte de Organização - Brasil,"Categorias de porte de organizações conforme legislação brasileira","StructureDefinition/organization-business-size-br","Internal"
http://farmaco.maxapex.net/brig/fhir/ValueSet/organization-special-classification-br,0.0.2,draft,,OrganizationSpecialClassificationBR,Classificações Especiais de Organização - Brasil,"Classificações especiais de organizações conforme legislação brasileira","StructureDefinition/organization-business-size-br","Internal"
http://farmaco.maxapex.net/brig/fhir/ValueSet/organization-specialized-activities-br,0.0.2,draft,,OrganizationSpecializedActivitiesBR,Atividades Especializadas de Organização - Brasil,"Atividades especializadas realizadas por organizações","StructureDefinition/organization-operational-category-br","Internal"
http://farmaco.maxapex.net/brig/fhir/ValueSet/organization-type-anvisa-br,0.0.2,draft,,OrganizationTypeANVISABR,Tipos de Organização ANVISA - Brasil,"Tipos de organizações no contexto regulatório da ANVISA baseado em classificações oficiais brasileiras",,"Internal"
http://farmaco.maxapex.net/brig/fhir/ValueSet/package-characteristic-br,0.0.2,draft,,PackageCharacteristicBR,Características de Embalagem - Brasil,"Características especiais de embalagens farmacêuticas no Brasil",,"Internal"
http://farmaco.maxapex.net/brig/fhir/ValueSet/package-components-br,0.0.2,draft,,PackageComponentsBR,Componentes de Embalagem - Brasil,"Componentes padronizados para embalagens brasileiras","StructureDefinition/package-component-details","Internal"
http://farmaco.maxapex.net/brig/fhir/ValueSet/packaged-product-type-br,0.0.2,draft,,PackagedProductTypeBR,Tipos de Produto Embalado - Brasil,"Tipos de produtos embalados utilizados no contexto regulatório brasileiro","StructureDefinition/PackagedProductDefinition-br","Internal"
http://farmaco.maxapex.net/brig/fhir/ValueSet/packaging-material-br,0.0.2,draft,,PackagingMaterialBR,Materiais de Embalagem - Brasil,"Materiais utilizados em embalagens farmacêuticas no Brasil","StructureDefinition/PackagedProductDefinition-br","Internal"
http://farmaco.maxapex.net/brig/fhir/ValueSet/packaging-type-br,0.0.2,draft,,PackagingTypeBR,Tipos de Embalagem - Brasil,"Tipos de embalagem utilizados para produtos farmacêuticos no Brasil","StructureDefinition/PackagedProductDefinition-br","Internal"
http://farmaco.maxapex.net/brig/fhir/ValueSet/pcid-requiring-changes,0.0.2,draft,,PCIDRequiringChanges,Mudanças que Requerem Novo PCID,"Tipos de mudanças que requerem geração de novo PCID",,"Internal"
http://farmaco.maxapex.net/brig/fhir/ValueSet/pcid-values-br,0.0.2,draft,,PCIDValues,Valores PCID - Brasil,"Valores válidos para identificadores PCID brasileiros",,"Internal"
http://farmaco.maxapex.net/brig/fhir/ValueSet/phpid-values-br,0.0.2,draft,,PHPIDValues,Valores PHPID - Brasil,"Valores válidos para identificadores PHPID brasileiros",,"Internal"
http://farmaco.maxapex.net/brig/fhir/ValueSet/presentation-unit-br,0.0.2,draft,,PresentationUnitBR,Unidades de Apresentação - Brasil,"Unidades utilizadas para expressar apresentações de produtos","StructureDefinition/Ingredient-br","Internal"
http://farmaco.maxapex.net/brig/fhir/ValueSet/product-name-type-br,0.0.2,draft,,ProductNameTypeBR,Tipos de Nome de Produto - Brasil,"Tipos de nomes para produtos medicinais no contexto brasileiro","StructureDefinition/MedicinalProductDefinition-br","Internal"
http://farmaco.maxapex.net/brig/fhir/ValueSet/reference-type-br,0.0.2,draft,,ReferenceTypeBR,Tipos de Referência - Brasil,"Tipos de relação de referência entre produtos medicinais","StructureDefinition/generic-reference","Internal"
http://farmaco.maxapex.net/brig/fhir/ValueSet/regulated-authorization-status-br,0.0.2,draft,,RegulatedAuthorizationStatusBR,Status de Autorização Regulatória Brasil,"Conjunto de valores para status de autorizações regulatórias ANVISA","StructureDefinition/RegulatedAuthorization-br","Internal"
http://farmaco.maxapex.net/brig/fhir/ValueSet/regulated-authorization-type-br,0.0.2,draft,,RegulatedAuthorizationTypeBR,Tipo de Autorização Regulatória Brasil,"Conjunto de valores para tipos de autorizações regulatórias ANVISA","StructureDefinition/RegulatedAuthorization-br","Internal"
http://farmaco.maxapex.net/brig/fhir/ValueSet/regulatory-procedure-type-br,0.0.2,draft,,RegulatoryProcedureTypeBR,Tipo de Procedimento Regulatório Brasil,"Conjunto de valores para tipos de procedimentos regulatórios",,"Internal"
http://farmaco.maxapex.net/brig/fhir/ValueSet/route-administration-br,0.0.2,draft,,RouteAdministrationBR,Vias de Administração - Brasil,"Vias de administração de medicamentos conforme padrões brasileiros","StructureDefinition/AdministrableProductDefinition-br","Internal"
http://farmaco.maxapex.net/brig/fhir/ValueSet/structured-name-types,0.0.2,draft,,StructuredNameTypes,Tipos de Nome Estruturado,"Tipos de elementos estruturados que podem compor um nome de produto",,"Internal"
http://farmaco.maxapex.net/brig/fhir/ValueSet/substance-classification-br,0.0.2,draft,,SubstanceClassificationBR,Classificação de Substância - Brasil,"Classificação de substâncias no contexto brasileiro/ANVISA",,"Internal"
http://farmaco.maxapex.net/brig/fhir/ValueSet/substance-classification-gsrs-br,0.0.2,draft,,SubstanceClassificationGSRSBR,Classificação de Substância GSRS/Brasil,"Conjunto de valores para classificação de substâncias GSRS e brasileiro","StructureDefinition/SubstanceDefinition-br","Internal"
http://farmaco.maxapex.net/brig/fhir/ValueSet/substance-code-br,0.0.2,draft,,SubstanceCodeBR,Códigos de Substância - Brasil,"Códigos padronizados para substâncias no contexto brasileiro",,"SCT,Internal,hl7.terminology.r5"
http://farmaco.maxapex.net/brig/fhir/ValueSet/substance-grade-br,0.0.2,draft,,SubstanceGradeBR,Grau de Substância - Brasil,"Graus ou qualidades de substâncias no contexto brasileiro","StructureDefinition/SubstanceDefinition-br","Internal"
http://farmaco.maxapex.net/brig/fhir/ValueSet/substance-name-type-br,0.0.2,draft,,SubstanceNameTypeBR,Tipos de Nome de Substância - Brasil,"Tipos de nomes para substâncias no contexto brasileiro","StructureDefinition/SubstanceDefinition-br","Internal"
http://farmaco.maxapex.net/brig/fhir/ValueSet/substance-status-br,0.0.2,draft,,SubstanceStatusBR,Status de Substância - Brasil,"Status regulatório de substâncias no contexto brasileiro",,"Internal"
http://farmaco.maxapex.net/brig/fhir/ValueSet/substance-status-gsrs-br,0.0.2,draft,,SubstanceStatusGSRSBR,Status de Substância GSRS/Brasil,"Conjunto de valores para status de substâncias GSRS e brasileiro","StructureDefinition/SubstanceDefinition-br","Internal"
http://farmaco.maxapex.net/brig/fhir/ValueSet/therapeutic-indication-br,0.0.2,draft,,TherapeuticIndicationBRValueSet,Indicações Terapêuticas - Brasil,"ValueSet de indicações terapêuticas baseado em CID-10 e SNOMED-CT para o contexto brasileiro.","StructureDefinition/ClinicalUseDefinition-br","SCT,hl7.terminology.r5"
http://farmaco.maxapex.net/brig/fhir/ValueSet/therapeutic-indications-br,0.0.2,draft,,TherapeuticIndicationsBR,Indicações Terapêuticas - Brasil,"Indicações terapêuticas padronizadas para produtos medicinais brasileiros","StructureDefinition/therapeutic-indications-defining","Internal"
http://farmaco.maxapex.net/brig/fhir/ValueSet/umc-coordination-status,0.0.2,draft,,UMCCoordinationStatus,Status de Coordenação UMC,"Status do processo de coordenação com Uppsala Monitoring Centre","StructureDefinition/umc-integration-mapping","Internal"
http://hl7.org/fhir/ValueSet/all-languages,5.0.0,active,"2.16.840.1.113883.4.642.3.21",AllLanguages,All Languages,"This value set includes all possible codes from BCP-47 (see http://tools.ietf.org/html/bcp47)","StructureDefinition/exemplo-perfil-brasileiro,StructureDefinition/ClinicalUseDefinition-br,StructureDefinition/SubstanceDefinition-br,StructureDefinition/MedicinalProductDefinition-br,StructureDefinition/PackagedProductDefinition-br,StructureDefinition/Ingredient-br,StructureDefinition/RegulatedAuthorization-br,StructureDefinition/Organization-anvisa-simple,StructureDefinition/AdministrableProductDefinition-br,StructureDefinition/ManufacturedItemDefinition-br","hl7.terminology.r5"
http://hl7.org/fhir/ValueSet/animal-tissue-type,5.0.0,draft,"2.16.840.1.113883.4.642.3.3165",AnimalTissueType,Animal Tissue Type,"A tissue type of an animal.","StructureDefinition/AdministrableProductDefinition-br","hl7.fhir.r5.core"
http://hl7.org/fhir/ValueSet/combined-dose-form,5.0.0,draft,"2.16.840.1.113883.4.642.3.3019",CombinedDoseForm,Combined Dose Form,"Dose forms for a product as a whole, considering all individual parts, but before any mixing","StructureDefinition/MedicinalProductDefinition-br","hl7.fhir.r5.core"
http://hl7.org/fhir/ValueSet/country,5.0.0,draft,"2.16.840.1.113883.4.642.3.3297",CountryValueSet,Country ValueSet,"This value set defines a base set of codes for countries.             Note: The codes for countries are taken from    [ISO 3166](https://www.iso.org/iso-3166-country-codes.html).","StructureDefinition/SubstanceDefinition-br,StructureDefinition/MedicinalProductDefinition-br,StructureDefinition/Ingredient-br","hl7.terminology.r5"
http://hl7.org/fhir/ValueSet/disease-status,5.0.0,draft,"2.16.840.1.113883.4.642.3.3117",DiseaseStatus,Disease Status,"The status of a disease or symptom.","StructureDefinition/ClinicalUseDefinition-br","SCT"
http://hl7.org/fhir/ValueSet/disease-symptom-procedure,5.0.0,draft,"2.16.840.1.113883.4.642.3.3114",DiseaseSymptomProcedure,Disease Symptom Procedure,"A symptom, disease or procedure.","StructureDefinition/ClinicalUseDefinition-br","SCT"
http://hl7.org/fhir/ValueSet/identifier-type,5.0.0,active,"2.16.840.1.113883.4.642.3.45",IdentifierTypeCodes,Identifier Type Codes,"A coded type for an identifier that can be used to determine which identifier to use for a specific purpose.","StructureDefinition/ClinicalUseDefinition-br,StructureDefinition/SubstanceDefinition-br,StructureDefinition/MedicinalProductDefinition-br,StructureDefinition/PackagedProductDefinition-br,StructureDefinition/RegulatedAuthorization-br,StructureDefinition/Organization-anvisa-simple,StructureDefinition/AdministrableProductDefinition-br","THO (V2)"
http://hl7.org/fhir/ValueSet/identifier-use,5.0.0,active,"2.16.840.1.113883.4.642.3.57",IdentifierUse,IdentifierUse,"Identifies the purpose for this identifier, if known .","StructureDefinition/ClinicalUseDefinition-br,StructureDefinition/SubstanceDefinition-br,StructureDefinition/MedicinalProductDefinition-br,StructureDefinition/PackagedProductDefinition-br,StructureDefinition/RegulatedAuthorization-br,StructureDefinition/Organization-anvisa-simple,StructureDefinition/AdministrableProductDefinition-br","hl7.fhir.r5.core"
http://hl7.org/fhir/ValueSet/ingredient-manufacturer-role,5.0.0,draft,"2.16.840.1.113883.4.642.3.3247",IngredientManufacturerRole,Ingredient Manufacturer Role,"The way in which this manufacturer is associated with the ingredient. For example whether it is a possible one (others allowed), or an exclusive authorized one for this ingredient. Note that this is not the manufacturing process role.","StructureDefinition/Ingredient-br","hl7.fhir.r5.core"
http://hl7.org/fhir/ValueSet/interaction-incidence,5.0.0,draft,"2.16.840.1.113883.4.642.3.3108",InteractionIncidence,Interaction Incidence,"A categorisation for incidence of occurence of an interaction.","StructureDefinition/ClinicalUseDefinition-br","hl7.fhir.r5.core"
http://hl7.org/fhir/ValueSet/interaction-management,5.0.0,draft,"2.16.840.1.113883.4.642.3.3110",InteractionManagement,Interaction Management,"A type of management for an interaction of a medication or other substance.","StructureDefinition/ClinicalUseDefinition-br","SCT"
http://hl7.org/fhir/ValueSet/iso3166-1-3,5.0.0,active,,Iso316613,Iso 3166 Part 1: 3 Letter Codes,"This value set defines the ISO 3166 Part 1 3-letter codes","StructureDefinition/generic-reference","hl7.terminology.r5"
http://hl7.org/fhir/ValueSet/jurisdiction,5.0.0,draft,"2.16.840.1.113883.4.642.3.48",JurisdictionValueSet,Jurisdiction ValueSet,"This value set defines a base set of codes for country, country subdivision and region    for indicating where a resource is intended to be used.             Note: The codes for countries and country subdivisions are taken from    [ISO 3166](https://www.iso.org/iso-3166-country-codes.html)    while the codes for ""supra-national"" regions are from    [UN Standard country or area codes for statistical use (M49)](http://unstats.un.org/unsd/methods/m49/m49.htm).","StructureDefinition/SubstanceDefinition-br,StructureDefinition/MedicinalProductDefinition-br,StructureDefinition/PackagedProductDefinition-br,StructureDefinition/RegulatedAuthorization-br","hl7.terminology.r5,Other"
http://hl7.org/fhir/ValueSet/languages,5.0.0,active,"2.16.840.1.113883.4.642.3.891,2.16.840.1.113883.4.642.3.20",CommonLanguages,Common Languages,"This value set includes common codes from BCP-47 (see http://tools.ietf.org/html/bcp47)","StructureDefinition/exemplo-perfil-brasileiro,StructureDefinition/ClinicalUseDefinition-br,StructureDefinition/SubstanceDefinition-br,StructureDefinition/MedicinalProductDefinition-br,StructureDefinition/PackagedProductDefinition-br,StructureDefinition/Ingredient-br,StructureDefinition/RegulatedAuthorization-br,StructureDefinition/Organization-anvisa-simple,StructureDefinition/AdministrableProductDefinition-br,StructureDefinition/ManufacturedItemDefinition-br","hl7.terminology.r5"
http://hl7.org/fhir/ValueSet/manufactured-dose-form,5.0.0,draft,"2.16.840.1.113883.4.642.3.3042",ManufacturedDoseForm,Manufactured Dose Form,"Dose form for a medication, as manufactured (and before any mixing etc.), not necessarily ready for administration to the patient.","StructureDefinition/ManufacturedItemDefinition-br","hl7.fhir.r5.core"
http://hl7.org/fhir/ValueSet/medication-codes,5.0.0,draft,"2.16.840.1.113883.4.642.3.375,2.16.840.1.113883.4.642.2.199,2.16.840.1.113883.4.642.3.360",SNOMEDCTMedicationCodes,SNOMED CT Medication Codes,"This value set includes all drug or medicament substance codes and all pharmaceutical/biologic products from SNOMED CT - provided as an exemplar value set.","StructureDefinition/MedicinalProductDefinition-br","SCT"
http://hl7.org/fhir/ValueSet/medicinal-product-additional-monitoring,5.0.0,draft,"2.16.840.1.113883.4.642.3.3020",AdditionalMonitoring,Additional Monitoring,"Extra monitoring defined for a Medicinal Product.","StructureDefinition/MedicinalProductDefinition-br","hl7.fhir.r5.core"
http://hl7.org/fhir/ValueSet/medicinal-product-confidentiality,5.0.0,draft,"2.16.840.1.113883.4.642.3.3026",ProductConfidentiality,Product Confidentiality,"Confidentiality rating, e.g. commercial sensitivity for a Medicinal Product.","StructureDefinition/MedicinalProductDefinition-br","hl7.fhir.r5.core"
http://hl7.org/fhir/ValueSet/medicinal-product-cross-reference-type,5.0.0,draft,"2.16.840.1.113883.4.642.3.3029",ProductCrossReferenceType,Product Cross Reference Type,"Relationship to another Medicinal Product.","StructureDefinition/MedicinalProductDefinition-br","hl7.fhir.r5.core"
http://hl7.org/fhir/ValueSet/medicinal-product-domain,5.0.0,draft,"2.16.840.1.113883.4.642.3.3018",MedicinalProductDomain,Medicinal Product Domain,"Applicable domain for this product (e.g. human, veterinary)","StructureDefinition/SubstanceDefinition-br,StructureDefinition/MedicinalProductDefinition-br","hl7.fhir.r5.core"
http://hl7.org/fhir/ValueSet/medicinal-product-name-part-type,5.0.0,draft,"2.16.840.1.113883.4.642.3.3028",ProductNamePartType,Product Name Part Type,"Type of part of a name for a Medicinal Product.","StructureDefinition/MedicinalProductDefinition-br","hl7.fhir.r5.core"
http://hl7.org/fhir/ValueSet/medicinal-product-package-type,5.0.0,draft,"2.16.840.1.113883.4.642.3.3014",MedicinalProductPackageType,Medicinal Product Package Type,"Types of medicinal product packs","StructureDefinition/MedicinalProductDefinition-br","hl7.fhir.r5.core"
http://hl7.org/fhir/ValueSet/medicinal-product-pediatric-use,5.0.0,draft,"2.16.840.1.113883.4.642.3.3025",PediatricUse,Pediatric Use,"Extra measures defined for a Medicinal Product, such as heightened reporting requirements.","StructureDefinition/MedicinalProductDefinition-br","hl7.fhir.r5.core"
http://hl7.org/fhir/ValueSet/medicinal-product-special-measures,5.0.0,draft,"2.16.840.1.113883.4.642.3.3024",SpecialMeasures,Special Measures,"Extra measures defined for a Medicinal Product, such as a requirement to conduct post-authorization studies.","StructureDefinition/MedicinalProductDefinition-br","hl7.fhir.r5.core"
http://hl7.org/fhir/ValueSet/organization-type,5.0.0,draft,"2.16.840.1.113883.4.642.2.228,2.16.840.1.113883.4.642.3.414,2.16.840.1.113883.4.642.3.403",OrganizationType,Organization Type,"This example value set defines a set of codes that can be used to indicate a type of organization.","StructureDefinition/Organization-anvisa-simple","THO"
http://hl7.org/fhir/ValueSet/package-material,5.0.0,draft,"2.16.840.1.113883.4.642.3.3071",PackageMaterial,Package Material,"A material used in the construction of packages and their components.","StructureDefinition/PackagedProductDefinition-br","hl7.fhir.r5.core"
http://hl7.org/fhir/ValueSet/product-characteristic-codes,5.0.0,draft,"2.16.840.1.113883.4.642.3.3016",ProductCharacteristic,Product Characteristic,"This value set includes all observable entity codes from SNOMED CT - provided as an exemplar value set.","StructureDefinition/SubstanceDefinition-br,StructureDefinition/MedicinalProductDefinition-br,StructureDefinition/PackagedProductDefinition-br,StructureDefinition/AdministrableProductDefinition-br,StructureDefinition/ManufacturedItemDefinition-br","SCT"
http://hl7.org/fhir/ValueSet/product-intended-use,5.0.0,draft,"2.16.840.1.113883.4.642.3.2996",ProductIntendedUse,Product Intended Use,"The overall intended use of a product.","StructureDefinition/ClinicalUseDefinition-br,StructureDefinition/RegulatedAuthorization-br","hl7.fhir.r5.core"
http://hl7.org/fhir/ValueSet/publication-status,5.0.0,active,"2.16.840.1.113883.4.642.3.3",PublicationStatus,PublicationStatus,"The lifecycle status of an artifact.","StructureDefinition/SubstanceDefinition-br,StructureDefinition/MedicinalProductDefinition-br,StructureDefinition/PackagedProductDefinition-br,StructureDefinition/Ingredient-br,StructureDefinition/RegulatedAuthorization-br,StructureDefinition/AdministrableProductDefinition-br,StructureDefinition/ManufacturedItemDefinition-br","hl7.fhir.r5.core"
http://hl7.org/fhir/ValueSet/quantity-comparator,5.0.0,active,"2.16.840.1.113883.4.642.3.59",QuantityComparator,QuantityComparator,"How the Quantity should be understood and represented.","StructureDefinition/SubstanceDefinition-br","hl7.fhir.r5.core"
http://hl7.org/fhir/ValueSet/regulated-authorization-case-type,5.0.0,draft,"2.16.840.1.113883.4.642.3.2998",RegulatedAuthorizationCaseType,Regulated Authorization Case Type,"The type of a case involved in an application.","StructureDefinition/RegulatedAuthorization-br","hl7.fhir.r5.core"
http://hl7.org/fhir/ValueSet/route-codes,5.0.0,draft,"2.16.840.1.113883.4.642.3.98",SNOMEDCTRouteCodes,SNOMED CT Route Codes,"This value set includes all Route codes from SNOMED CT - provided as an exemplar.","StructureDefinition/MedicinalProductDefinition-br","SCT"
http://hl7.org/fhir/ValueSet/substance-amount-type,5.0.0,draft,"2.16.840.1.113883.4.642.3.1612",SubstanceAmountType,Substance Amount Type,"The relationship between two substance types.","StructureDefinition/SubstanceDefinition-br","hl7.fhir.r5.core"
http://hl7.org/fhir/ValueSet/substance-codes,5.0.0,draft,"2.16.840.1.113883.4.642.3.3023",SNOMEDCTSubstanceCodes,SNOMED CT Substance Codes,"This value set includes all substance codes from SNOMED CT - provided as an exemplar value set.","StructureDefinition/MedicinalProductDefinition-br,StructureDefinition/Ingredient-br,StructureDefinition/AdministrableProductDefinition-br,StructureDefinition/ManufacturedItemDefinition-br","SCT"
http://hl7.org/fhir/ValueSet/substance-form,5.0.0,draft,"2.16.840.1.113883.4.642.3.3313",SubstanceForm,Substance Form,"The substance form, whether it is the base form or a salt.","StructureDefinition/SubstanceDefinition-br","hl7.fhir.r5.core"
http://hl7.org/fhir/ValueSet/substance-name-authority,5.0.0,draft,"2.16.840.1.113883.4.642.3.3259",SubstanceNameAuthority,Substance Name Authority,"An authority that officates substance names.","StructureDefinition/SubstanceDefinition-br","hl7.fhir.r5.core"
http://hl7.org/fhir/ValueSet/substance-name-domain,5.0.0,draft,"2.16.840.1.113883.4.642.3.3260",SubstanceNameDomain,Substance Name Domain,"The use context of a substance name for example if there is a different name when used as a drug active ingredient as opposed to a food colour additive.","StructureDefinition/SubstanceDefinition-br","hl7.fhir.r5.core"
http://hl7.org/fhir/ValueSet/substance-optical-activity,5.0.0,draft,"2.16.840.1.113883.4.642.3.3250",OpticalActivity,Optical Activity,"The optical rotation type of a substance.","StructureDefinition/SubstanceDefinition-br","hl7.fhir.r5.core"
http://hl7.org/fhir/ValueSet/substance-relationship-type,5.0.0,draft,"2.16.840.1.113883.4.642.3.3251",SubstanceRelationshipType,Substance Relationship Type,"The relationship between two substance types.","StructureDefinition/SubstanceDefinition-br","hl7.fhir.r5.core"
http://hl7.org/fhir/ValueSet/substance-representation-format,5.0.0,draft,"2.16.840.1.113883.4.642.3.3257",SubstanceRepresentationFormat,Substance Representation Format,"A format of a substance representation.","StructureDefinition/SubstanceDefinition-br","hl7.fhir.r5.core"
http://hl7.org/fhir/ValueSet/substance-representation-type,5.0.0,draft,"2.16.840.1.113883.4.642.3.3261",SubstanceRepresentationType,Substance Representation Type,"The type of a name given to a substance.","StructureDefinition/SubstanceDefinition-br","hl7.fhir.r5.core"
http://hl7.org/fhir/ValueSet/substance-source-material-genus,5.0.0,draft,"2.16.840.1.113883.4.642.3.3253",SourceMaterialGenus,Source Material Genus,"The genus of an organism, typically referring to the Latin epithet of the genus element of the plant/animal scientific name.","StructureDefinition/SubstanceDefinition-br","hl7.fhir.r5.core"
http://hl7.org/fhir/ValueSet/substance-source-material-part,5.0.0,draft,"2.16.840.1.113883.4.642.3.3255",SourceMaterialPart,Source Material Part,"An anatomical origin of the source material within an organism.","StructureDefinition/SubstanceDefinition-br","hl7.fhir.r5.core"
http://hl7.org/fhir/ValueSet/substance-source-material-species,5.0.0,draft,"2.16.840.1.113883.4.642.3.3248",SourceMaterialSpecies,Source Material Species,"A species of origin a substance raw material.","StructureDefinition/SubstanceDefinition-br","hl7.fhir.r5.core"
http://hl7.org/fhir/ValueSet/substance-source-material-type,5.0.0,draft,"2.16.840.1.113883.4.642.3.3256",SourceMaterialType,Source Material Type,"A classification that provides the origin of the substance raw material.","StructureDefinition/SubstanceDefinition-br","hl7.fhir.r5.core"
http://hl7.org/fhir/ValueSet/substance-stereochemistry,5.0.0,draft,"2.16.840.1.113883.4.642.3.3258",Stereochemistry,Stereochemistry,"The optical rotation type of a substance.","StructureDefinition/SubstanceDefinition-br","hl7.fhir.r5.core"
http://hl7.org/fhir/ValueSet/substance-structure-technique,5.0.0,draft,"2.16.840.1.113883.4.642.3.3254",StructureTechnique,Structure Technique,"The method used to elucidate the structure or characterization of the drug substance.","StructureDefinition/SubstanceDefinition-br","hl7.fhir.r5.core"
http://hl7.org/fhir/ValueSet/substance-weight-method,5.0.0,draft,"2.16.840.1.113883.4.642.3.3263",WeightMethod,Weight Method,"The method by which the substance weight was measured.","StructureDefinition/SubstanceDefinition-br","hl7.fhir.r5.core"
http://hl7.org/fhir/ValueSet/substance-weight-type,5.0.0,draft,"2.16.840.1.113883.4.642.3.3249",WeightType,Weight Type,"The type of substance weight measurement.","StructureDefinition/SubstanceDefinition-br","hl7.fhir.r5.core"
http://hl7.org/fhir/ValueSet/target-species,5.0.0,draft,"2.16.840.1.113883.4.642.3.3166",TargetSpecies,Target Species,"A species for which a medicinal product is intended.","StructureDefinition/AdministrableProductDefinition-br","hl7.fhir.r5.core"
http://hl7.org/fhir/ValueSet/therapy,5.0.0,draft,"2.16.840.1.113883.4.642.3.3112",Therapy,Therapy,"A therapy.","StructureDefinition/ClinicalUseDefinition-br","SCT"
http://hl7.org/fhir/ValueSet/therapy-relationship-type,5.0.0,draft,"2.16.840.1.113883.4.642.3.3113",TherapyRelationshipType,Therapy Relationship Type,"Classification of relationship between a therapy and a contraindication or an indication.","StructureDefinition/ClinicalUseDefinition-br","hl7.fhir.r5.core"
http://hl7.org/fhir/ValueSet/undesirable-effect-frequency,5.0.0,draft,"2.16.840.1.113883.4.642.3.3118",UndesirablEffectFrequency,Undesirabl Effect Frequency,"A categorisation for a frequency of occurence of an undesirable effect.","StructureDefinition/ClinicalUseDefinition-br","hl7.fhir.r5.core"
http://hl7.org/fhir/ValueSet/unit-of-presentation,5.0.0,draft,"2.16.840.1.113883.4.642.3.3168",UnitOfPresentation,Unit Of Presentation,"The presentation type in which an administrable medicinal product is given to a patient.","StructureDefinition/ManufacturedItemDefinition-br","hl7.fhir.r5.core"
http://hl7.org/fhir/ValueSet/warning-type,5.0.0,draft,"2.16.840.1.113883.4.642.3.3104",WarningType,Warning Type,"Classification of warning type.","StructureDefinition/ClinicalUseDefinition-br","hl7.fhir.r5.core"
