{"resourceType":"CodeSystem","id":"route-administration-br","text":{"status":"generated","div":"<div xmlns=\"http://www.w3.org/1999/xhtml\"><p class=\"res-header-id\"><b>Narrativa gerada: CodeSystem route-administration-br</b></p><a name=\"route-administration-br\"> </a><a name=\"hcroute-administration-br\"> </a><p>Este case-sensitive sistema de código <code>http://farmaco.maxapex.net/brig/fhir/CodeSystem/route-administration-br</code> define o seguinte códigos:</p><table class=\"codes\"><tr><td style=\"white-space:nowrap\"><b>Código</b></td><td><b>Ecrã</b></td><td><b>Definição</b></td></tr><tr><td style=\"white-space:nowrap\">oral<a name=\"route-administration-br-oral\"> </a></td><td>Via Oral</td><td>Administração pela boca para deglutição</td></tr><tr><td style=\"white-space:nowrap\">sublingual<a name=\"route-administration-br-sublingual\"> </a></td><td>Via Sublingual</td><td>Administração sob a língua</td></tr><tr><td style=\"white-space:nowrap\">bucal<a name=\"route-administration-br-bucal\"> </a></td><td>Via Bucal</td><td>Administração na mucosa bucal</td></tr><tr><td style=\"white-space:nowrap\">intravenosa<a name=\"route-administration-br-intravenosa\"> </a></td><td>Via Intravenosa</td><td>Administração diretamente na veia</td></tr><tr><td style=\"white-space:nowrap\">intramuscular<a name=\"route-administration-br-intramuscular\"> </a></td><td>Via Intramuscular</td><td>Administração no músculo</td></tr><tr><td style=\"white-space:nowrap\">subcutanea<a name=\"route-administration-br-subcutanea\"> </a></td><td>Via Subcutânea</td><td>Administração no tecido subcutâneo</td></tr><tr><td style=\"white-space:nowrap\">intra-articular<a name=\"route-administration-br-intra-articular\"> </a></td><td>Via Intra-articular</td><td>Administração dentro da articulação</td></tr><tr><td style=\"white-space:nowrap\">intratecal<a name=\"route-administration-br-intratecal\"> </a></td><td>Via Intratecal</td><td>Administração no espaço subaracnóideo</td></tr><tr><td style=\"white-space:nowrap\">topica<a name=\"route-administration-br-topica\"> </a></td><td>Via Tópica</td><td>Aplicação na pele</td></tr><tr><td style=\"white-space:nowrap\">oftalmica<a name=\"route-administration-br-oftalmica\"> </a></td><td>Via Oftálmica</td><td>Aplicação nos olhos</td></tr><tr><td style=\"white-space:nowrap\">otica<a name=\"route-administration-br-otica\"> </a></td><td>Via Ótica</td><td>Aplicação nos ouvidos</td></tr><tr><td style=\"white-space:nowrap\">nasal<a name=\"route-administration-br-nasal\"> </a></td><td>Via Nasal</td><td>Aplicação no nariz</td></tr><tr><td style=\"white-space:nowrap\">retal<a name=\"route-administration-br-retal\"> </a></td><td>Via Retal</td><td>Administração por via retal</td></tr><tr><td style=\"white-space:nowrap\">vaginal<a name=\"route-administration-br-vaginal\"> </a></td><td>Via Vaginal</td><td>Administração por via vaginal</td></tr><tr><td style=\"white-space:nowrap\">inalatoria<a name=\"route-administration-br-inalatoria\"> </a></td><td>Via Inalatória</td><td>Administração por inalação</td></tr></table></div>"},"extension":[{"url":"http://hl7.org/fhir/StructureDefinition/structuredefinition-standards-status","valueCode":"informative","_valueCode":{"extension":[{"url":"http://hl7.org/fhir/StructureDefinition/structuredefinition-conformance-derivedFrom","valueCanonical":"http://farmaco.maxapex.net/brig/fhir/ImplementationGuide/brig.idmp.brazil"}]}}],"url":"http://farmaco.maxapex.net/brig/fhir/CodeSystem/route-administration-br","version":"0.0.2","name":"RouteAdministrationBR","title":"Vias de Administração - Brasil","status":"draft","experimental":true,"date":"2025-08-02","publisher":"Eugênio Neves","contact":[{"name":"Eugênio Neves","telecom":[{"system":"url","value":"https://farmaco.maxapex.net"},{"system":"email","value":"eugenio@farmaco.io"}]},{"name":"Eugênio Neves","telecom":[{"system":"email","value":"eugenio@farmaco.io"},{"system":"url","value":"https://farmaco.maxapex.net/brig/fhir"}]}],"description":"Sistema de códigos para vias de administração de medicamentos","jurisdiction":[{"coding":[{"system":"urn:iso:std:iso:3166","code":"BR"}]}],"copyright":"Copyright © 2025 Farmaco.io. Este trabalho está licenciado sob a MIT License. FHIR® é marca registrada da HL7 International, usada com permissão.","caseSensitive":true,"content":"complete","count":15,"concept":[{"code":"oral","display":"Via Oral","definition":"Administração pela boca para deglutição","designation":[{"use":{"system":"http://terminology.hl7.org/CodeSystem/designation-usage","code":"display"},"value":"Via Oral"}]},{"code":"sublingual","display":"Via Sublingual","definition":"Administração sob a língua","designation":[{"use":{"system":"http://terminology.hl7.org/CodeSystem/designation-usage","code":"display"},"value":"Via Sublingual"}]},{"code":"bucal","display":"Via Bucal","definition":"Administração na mucosa bucal","designation":[{"use":{"system":"http://terminology.hl7.org/CodeSystem/designation-usage","code":"display"},"value":"Via Bucal"}]},{"code":"intravenosa","display":"Via Intravenosa","definition":"Administração diretamente na veia","designation":[{"use":{"system":"http://terminology.hl7.org/CodeSystem/designation-usage","code":"display"},"value":"Via Intravenosa"}]},{"code":"intramuscular","display":"Via Intramuscular","definition":"Administração no músculo","designation":[{"use":{"system":"http://terminology.hl7.org/CodeSystem/designation-usage","code":"display"},"value":"Via Intramuscular"}]},{"code":"subcutanea","display":"Via Subcutânea","definition":"Administração no tecido subcutâneo","designation":[{"use":{"system":"http://terminology.hl7.org/CodeSystem/designation-usage","code":"display"},"value":"Via Subcutânea"}]},{"code":"intra-articular","display":"Via Intra-articular","definition":"Administração dentro da articulação","designation":[{"use":{"system":"http://terminology.hl7.org/CodeSystem/designation-usage","code":"display"},"value":"Via Intra-articular"}]},{"code":"intratecal","display":"Via Intratecal","definition":"Administração no espaço subaracnóideo","designation":[{"use":{"system":"http://terminology.hl7.org/CodeSystem/designation-usage","code":"display"},"value":"Via Intratecal"}]},{"code":"topica","display":"Via Tópica","definition":"Aplicação na pele","designation":[{"use":{"system":"http://terminology.hl7.org/CodeSystem/designation-usage","code":"display"},"value":"Via Tópica"}]},{"code":"oftalmica","display":"Via Oftálmica","definition":"Aplicação nos olhos","designation":[{"use":{"system":"http://terminology.hl7.org/CodeSystem/designation-usage","code":"display"},"value":"Via Oftálmica"}]},{"code":"otica","display":"Via Ótica","definition":"Aplicação nos ouvidos","designation":[{"use":{"system":"http://terminology.hl7.org/CodeSystem/designation-usage","code":"display"},"value":"Via Ótica"}]},{"code":"nasal","display":"Via Nasal","definition":"Aplicação no nariz","designation":[{"use":{"system":"http://terminology.hl7.org/CodeSystem/designation-usage","code":"display"},"value":"Via Nasal"}]},{"code":"retal","display":"Via Retal","definition":"Administração por via retal","designation":[{"use":{"system":"http://terminology.hl7.org/CodeSystem/designation-usage","code":"display"},"value":"Via Retal"}]},{"code":"vaginal","display":"Via Vaginal","definition":"Administração por via vaginal","designation":[{"use":{"system":"http://terminology.hl7.org/CodeSystem/designation-usage","code":"display"},"value":"Via Vaginal"}]},{"code":"inalatoria","display":"Via Inalatória","definition":"Administração por inalação","designation":[{"use":{"system":"http://terminology.hl7.org/CodeSystem/designation-usage","code":"display"},"value":"Via Inalatória"}]}]}