{"resourceType":"CodeSystem","id":"organization-specialized-activities-br","text":{"status":"generated","div":"<div xmlns=\"http://www.w3.org/1999/xhtml\"><p class=\"res-header-id\"><b>Narrativa gerada: CodeSystem organization-specialized-activities-br</b></p><a name=\"organization-specialized-activities-br\"> </a><a name=\"hcorganization-specialized-activities-br\"> </a><p>Este case-sensitive sistema de código <code>http://farmaco.maxapex.net/brig/fhir/CodeSystem/organization-specialized-activities-br</code> define o seguinte códigos:</p><table class=\"codes\"><tr><td style=\"white-space:nowrap\"><b>Código</b></td><td><b>Ecrã</b></td><td><b>Definição</b></td></tr><tr><td style=\"white-space:nowrap\">controlled-substances<a name=\"organization-specialized-activities-br-controlled-substances\"> </a></td><td>Substâncias Controladas</td><td>Manipulação de substâncias sujeitas a controle especial</td></tr><tr><td style=\"white-space:nowrap\">sterile-production<a name=\"organization-specialized-activities-br-sterile-production\"> </a></td><td>Produção Estéril</td><td>Produção de medicamentos estéreis</td></tr><tr><td style=\"white-space:nowrap\">biotechnology<a name=\"organization-specialized-activities-br-biotechnology\"> </a></td><td>Biotecnologia</td><td>Produção de medicamentos biotecnológicos</td></tr><tr><td style=\"white-space:nowrap\">radiopharmaceuticals<a name=\"organization-specialized-activities-br-radiopharmaceuticals\"> </a></td><td>Radiofármacos</td><td>Produção e manipulação de radiofármacos</td></tr><tr><td style=\"white-space:nowrap\">blood-products<a name=\"organization-specialized-activities-br-blood-products\"> </a></td><td>Hemoderivados</td><td>Produção de produtos derivados do sangue</td></tr><tr><td style=\"white-space:nowrap\">vaccines<a name=\"organization-specialized-activities-br-vaccines\"> </a></td><td>Vacinas</td><td>Produção de vacinas e imunobiológicos</td></tr><tr><td style=\"white-space:nowrap\">clinical-trials<a name=\"organization-specialized-activities-br-clinical-trials\"> </a></td><td>Ensaios Clínicos</td><td>Condução de ensaios clínicos</td></tr><tr><td style=\"white-space:nowrap\">pharmacovigilance<a name=\"organization-specialized-activities-br-pharmacovigilance\"> </a></td><td>Farmacovigilância</td><td>Atividades de farmacovigilância</td></tr></table></div>"},"extension":[{"url":"http://hl7.org/fhir/StructureDefinition/structuredefinition-standards-status","valueCode":"informative","_valueCode":{"extension":[{"url":"http://hl7.org/fhir/StructureDefinition/structuredefinition-conformance-derivedFrom","valueCanonical":"http://farmaco.maxapex.net/brig/fhir/ImplementationGuide/brig.idmp.brazil"}]}}],"url":"http://farmaco.maxapex.net/brig/fhir/CodeSystem/organization-specialized-activities-br","version":"0.0.2","name":"OrganizationSpecializedActivitiesBR","title":"Atividades Especializadas de Organização - Brasil","status":"draft","experimental":true,"date":"2025-08-02","publisher":"Eugênio Neves","contact":[{"name":"Eugênio Neves","telecom":[{"system":"url","value":"https://farmaco.maxapex.net"},{"system":"email","value":"eugenio@farmaco.io"}]},{"name":"Eugênio Neves","telecom":[{"system":"email","value":"eugenio@farmaco.io"},{"system":"url","value":"https://farmaco.maxapex.net/brig/fhir"}]}],"description":"Sistema de códigos para atividades especializadas de organizações","jurisdiction":[{"coding":[{"system":"urn:iso:std:iso:3166","code":"BR"}]}],"copyright":"Copyright © 2025 Farmaco.io. Este trabalho está licenciado sob a MIT License. FHIR® é marca registrada da HL7 International, usada com permissão.","caseSensitive":true,"content":"complete","count":8,"concept":[{"code":"controlled-substances","display":"Substâncias Controladas","definition":"Manipulação de substâncias sujeitas a controle especial","designation":[{"use":{"system":"http://terminology.hl7.org/CodeSystem/designation-usage","code":"display"},"value":"Substâncias Controladas"}]},{"code":"sterile-production","display":"Produção Estéril","definition":"Produção de medicamentos estéreis","designation":[{"use":{"system":"http://terminology.hl7.org/CodeSystem/designation-usage","code":"display"},"value":"Produção Estéril"}]},{"code":"biotechnology","display":"Biotecnologia","definition":"Produção de medicamentos biotecnológicos","designation":[{"use":{"system":"http://terminology.hl7.org/CodeSystem/designation-usage","code":"display"},"value":"Biotecnologia"}]},{"code":"radiopharmaceuticals","display":"Radiofármacos","definition":"Produção e manipulação de radiofármacos","designation":[{"use":{"system":"http://terminology.hl7.org/CodeSystem/designation-usage","code":"display"},"value":"Radiofármacos"}]},{"code":"blood-products","display":"Hemoderivados","definition":"Produção de produtos derivados do sangue","designation":[{"use":{"system":"http://terminology.hl7.org/CodeSystem/designation-usage","code":"display"},"value":"Hemoderivados"}]},{"code":"vaccines","display":"Vacinas","definition":"Produção de vacinas e imunobiológicos","designation":[{"use":{"system":"http://terminology.hl7.org/CodeSystem/designation-usage","code":"display"},"value":"Vacinas"}]},{"code":"clinical-trials","display":"Ensaios Clínicos","definition":"Condução de ensaios clínicos","designation":[{"use":{"system":"http://terminology.hl7.org/CodeSystem/designation-usage","code":"display"},"value":"Ensaios Clínicos"}]},{"code":"pharmacovigilance","display":"Farmacovigilância","definition":"Atividades de farmacovigilância","designation":[{"use":{"system":"http://terminology.hl7.org/CodeSystem/designation-usage","code":"display"},"value":"Farmacovigilância"}]}]}