{"resourceType":"CodeSystem","id":"organization-anvisa-status-br","text":{"status":"generated","div":"<div xmlns=\"http://www.w3.org/1999/xhtml\"><p class=\"res-header-id\"><b>Narrativa gerada: CodeSystem organization-anvisa-status-br</b></p><a name=\"organization-anvisa-status-br\"> </a><a name=\"hcorganization-anvisa-status-br\"> </a><p>Este case-sensitive sistema de código <code>http://farmaco.maxapex.net/brig/fhir/CodeSystem/organization-anvisa-status-br</code> define o seguinte códigos:</p><table class=\"codes\"><tr><td style=\"white-space:nowrap\"><b>Código</b></td><td><b>Ecrã</b></td><td><b>Definição</b></td></tr><tr><td style=\"white-space:nowrap\">active<a name=\"organization-anvisa-status-br-active\"> </a></td><td>Ativa</td><td>Organização com licenças ativas junto à ANVISA</td></tr><tr><td style=\"white-space:nowrap\">suspended<a name=\"organization-anvisa-status-br-suspended\"> </a></td><td>Suspensa</td><td>Organização com atividades temporariamente suspensas</td></tr><tr><td style=\"white-space:nowrap\">cancelled<a name=\"organization-anvisa-status-br-cancelled\"> </a></td><td>Cancelada</td><td>Licenças canceladas pela ANVISA</td></tr><tr><td style=\"white-space:nowrap\">expired<a name=\"organization-anvisa-status-br-expired\"> </a></td><td>Vencida</td><td>Licenças vencidas e não renovadas</td></tr><tr><td style=\"white-space:nowrap\">under-review<a name=\"organization-anvisa-status-br-under-review\"> </a></td><td>Em Análise</td><td>Processos em análise pela ANVISA</td></tr><tr><td style=\"white-space:nowrap\">pending-renewal<a name=\"organization-anvisa-status-br-pending-renewal\"> </a></td><td>Renovação Pendente</td><td>Aguardando renovação de licenças</td></tr><tr><td style=\"white-space:nowrap\">restricted<a name=\"organization-anvisa-status-br-restricted\"> </a></td><td>Restrita</td><td>Operação com restrições impostas pela ANVISA</td></tr></table></div>"},"extension":[{"url":"http://hl7.org/fhir/StructureDefinition/structuredefinition-standards-status","valueCode":"informative","_valueCode":{"extension":[{"url":"http://hl7.org/fhir/StructureDefinition/structuredefinition-conformance-derivedFrom","valueCanonical":"http://farmaco.maxapex.net/brig/fhir/ImplementationGuide/brig.idmp.brazil"}]}}],"url":"http://farmaco.maxapex.net/brig/fhir/CodeSystem/organization-anvisa-status-br","version":"0.0.2","name":"OrganizationANVISAStatusBR","title":"Status ANVISA da Organização - Brasil","status":"draft","experimental":true,"date":"2025-08-02","publisher":"Eugênio Neves","contact":[{"name":"Eugênio Neves","telecom":[{"system":"url","value":"https://farmaco.maxapex.net"},{"system":"email","value":"eugenio@farmaco.io"}]},{"name":"Eugênio Neves","telecom":[{"system":"email","value":"eugenio@farmaco.io"},{"system":"url","value":"https://farmaco.maxapex.net/brig/fhir"}]}],"description":"Sistema de códigos para status da organização junto à ANVISA","jurisdiction":[{"coding":[{"system":"urn:iso:std:iso:3166","code":"BR"}]}],"copyright":"Copyright © 2025 Farmaco.io. Este trabalho está licenciado sob a MIT License. FHIR® é marca registrada da HL7 International, usada com permissão.","caseSensitive":true,"content":"complete","count":7,"concept":[{"code":"active","display":"Ativa","definition":"Organização com licenças ativas junto à ANVISA","designation":[{"use":{"system":"http://terminology.hl7.org/CodeSystem/designation-usage","code":"display"},"value":"Ativa"}]},{"code":"suspended","display":"Suspensa","definition":"Organização com atividades temporariamente suspensas","designation":[{"use":{"system":"http://terminology.hl7.org/CodeSystem/designation-usage","code":"display"},"value":"Suspensa"}]},{"code":"cancelled","display":"Cancelada","definition":"Licenças canceladas pela ANVISA","designation":[{"use":{"system":"http://terminology.hl7.org/CodeSystem/designation-usage","code":"display"},"value":"Cancelada"}]},{"code":"expired","display":"Vencida","definition":"Licenças vencidas e não renovadas","designation":[{"use":{"system":"http://terminology.hl7.org/CodeSystem/designation-usage","code":"display"},"value":"Vencida"}]},{"code":"under-review","display":"Em Análise","definition":"Processos em análise pela ANVISA","designation":[{"use":{"system":"http://terminology.hl7.org/CodeSystem/designation-usage","code":"display"},"value":"Em Análise"}]},{"code":"pending-renewal","display":"Renovação Pendente","definition":"Aguardando renovação de licenças","designation":[{"use":{"system":"http://terminology.hl7.org/CodeSystem/designation-usage","code":"display"},"value":"Renovação Pendente"}]},{"code":"restricted","display":"Restrita","definition":"Operação com restrições impostas pela ANVISA","designation":[{"use":{"system":"http://terminology.hl7.org/CodeSystem/designation-usage","code":"display"},"value":"Restrita"}]}]}