{"resourceType":"CodeSystem","id":"administrable-unit-br","text":{"status":"generated","div":"<div xmlns=\"http://www.w3.org/1999/xhtml\"><p class=\"res-header-id\"><b>Narrativa gerada: CodeSystem administrable-unit-br</b></p><a name=\"administrable-unit-br\"> </a><a name=\"hcadministrable-unit-br\"> </a><p>Este case-sensitive sistema de código <code>http://farmaco.maxapex.net/brig/fhir/CodeSystem/administrable-unit-br</code> define o seguinte códigos:</p><table class=\"codes\"><tr><td style=\"white-space:nowrap\"><b>Código</b></td><td><b>Ecrã</b></td><td><b>Definição</b></td></tr><tr><td style=\"white-space:nowrap\">ml-dose<a name=\"administrable-unit-br-ml-dose\"> </a></td><td>mL por dose</td><td>Mililitros por dose administrada</td></tr><tr><td style=\"white-space:nowrap\">dose-unitaria<a name=\"administrable-unit-br-dose-unitaria\"> </a></td><td>Dose unitária</td><td>Uma dose completa pronta para administração</td></tr><tr><td style=\"white-space:nowrap\">aplicacao<a name=\"administrable-unit-br-aplicacao\"> </a></td><td>Aplicação</td><td>Uma aplicação tópica</td></tr><tr><td style=\"white-space:nowrap\">comprimido<a name=\"administrable-unit-br-comprimido\"> </a></td><td>Comprimido</td><td>Um comprimido pronto para administração</td></tr><tr><td style=\"white-space:nowrap\">capsula<a name=\"administrable-unit-br-capsula\"> </a></td><td>Cápsula</td><td>Uma cápsula pronta para administração</td></tr><tr><td style=\"white-space:nowrap\">supositorio<a name=\"administrable-unit-br-supositorio\"> </a></td><td>Supositório</td><td>Um supositório pronto para inserção</td></tr><tr><td style=\"white-space:nowrap\">inalacao<a name=\"administrable-unit-br-inalacao\"> </a></td><td>Inalação</td><td>Uma dose inalatória</td></tr><tr><td style=\"white-space:nowrap\">borrifo<a name=\"administrable-unit-br-borrifo\"> </a></td><td>Borrifo</td><td>Um borrifo nasal ou oral</td></tr></table></div>"},"extension":[{"url":"http://hl7.org/fhir/StructureDefinition/structuredefinition-standards-status","valueCode":"informative","_valueCode":{"extension":[{"url":"http://hl7.org/fhir/StructureDefinition/structuredefinition-conformance-derivedFrom","valueCanonical":"http://farmaco.maxapex.net/brig/fhir/ImplementationGuide/brig.idmp.brazil"}]}}],"url":"http://farmaco.maxapex.net/brig/fhir/CodeSystem/administrable-unit-br","version":"0.0.2","name":"AdministrableUnitBR","title":"Unidades Administráveis - Brasil","status":"draft","experimental":true,"date":"2025-08-02","publisher":"Eugênio Neves","contact":[{"name":"Eugênio Neves","telecom":[{"system":"url","value":"https://farmaco.maxapex.net"},{"system":"email","value":"eugenio@farmaco.io"}]},{"name":"Eugênio Neves","telecom":[{"system":"email","value":"eugenio@farmaco.io"},{"system":"url","value":"https://farmaco.maxapex.net/brig/fhir"}]}],"description":"Sistema de códigos para unidades de apresentação administrável","jurisdiction":[{"coding":[{"system":"urn:iso:std:iso:3166","code":"BR"}]}],"copyright":"Copyright © 2025 Farmaco.io. Este trabalho está licenciado sob a MIT License. FHIR® é marca registrada da HL7 International, usada com permissão.","caseSensitive":true,"content":"complete","count":8,"concept":[{"code":"ml-dose","display":"mL por dose","definition":"Mililitros por dose administrada","designation":[{"use":{"system":"http://terminology.hl7.org/CodeSystem/designation-usage","code":"display"},"value":"mL por dose"}]},{"code":"dose-unitaria","display":"Dose unitária","definition":"Uma dose completa pronta para administração","designation":[{"use":{"system":"http://terminology.hl7.org/CodeSystem/designation-usage","code":"display"},"value":"Dose unitária"}]},{"code":"aplicacao","display":"Aplicação","definition":"Uma aplicação tópica","designation":[{"use":{"system":"http://terminology.hl7.org/CodeSystem/designation-usage","code":"display"},"value":"Aplicação"}]},{"code":"comprimido","display":"Comprimido","definition":"Um comprimido pronto para administração","designation":[{"use":{"system":"http://terminology.hl7.org/CodeSystem/designation-usage","code":"display"},"value":"Comprimido"}]},{"code":"capsula","display":"Cápsula","definition":"Uma cápsula pronta para administração","designation":[{"use":{"system":"http://terminology.hl7.org/CodeSystem/designation-usage","code":"display"},"value":"Cápsula"}]},{"code":"supositorio","display":"Supositório","definition":"Um supositório pronto para inserção","designation":[{"use":{"system":"http://terminology.hl7.org/CodeSystem/designation-usage","code":"display"},"value":"Supositório"}]},{"code":"inalacao","display":"Inalação","definition":"Uma dose inalatória","designation":[{"use":{"system":"http://terminology.hl7.org/CodeSystem/designation-usage","code":"display"},"value":"Inalação"}]},{"code":"borrifo","display":"Borrifo","definition":"Um borrifo nasal ou oral","designation":[{"use":{"system":"http://terminology.hl7.org/CodeSystem/designation-usage","code":"display"},"value":"Borrifo"}]}]}