{"resourceType":"CodeSystem","id":"anvisa-category-br","text":{"status":"generated","div":"<div xmlns=\"http://www.w3.org/1999/xhtml\"><p class=\"res-header-id\"><b>Narrativa gerada: CodeSystem anvisa-category-br</b></p><a name=\"anvisa-category-br\"> </a><a name=\"hcanvisa-category-br\"> </a><p>Este case-sensitive sistema de código <code>http://farmaco.maxapex.net/brig/fhir/CodeSystem/anvisa-category-br</code> define o seguinte códigos:</p><table class=\"codes\"><tr><td style=\"white-space:nowrap\"><b>Código</b></td><td><b>Ecrã</b></td><td><b>Definição</b></td></tr><tr><td style=\"white-space:nowrap\">new<a name=\"anvisa-category-br-new\"> </a></td><td>Medicamento Novo</td><td>Medicamento com princípio ativo sintético ou semi-sintético, conhecido e usado em terapêutica, que não esteja registrado no país</td></tr><tr><td style=\"white-space:nowrap\">generic<a name=\"anvisa-category-br-generic\"> </a></td><td>Medicamento Genérico</td><td>Medicamento similar a um produto de referência ou inovador, que se pretende ser intercambiável com este produto</td></tr><tr><td style=\"white-space:nowrap\">similar<a name=\"anvisa-category-br-similar\"> </a></td><td>Medicamento Similar</td><td>Aquele que contém o mesmo ou os mesmos princípios ativos, apresenta a mesma concentração, forma farmacêutica, via de administração, posologia e indicação terapêutica</td></tr><tr><td style=\"white-space:nowrap\">reference<a name=\"anvisa-category-br-reference\"> </a></td><td>Medicamento de Referência</td><td>Produto inovador registrado no órgão federal responsável pela vigilância sanitária e comercializado no país</td></tr><tr><td style=\"white-space:nowrap\">specific<a name=\"anvisa-category-br-specific\"> </a></td><td>Medicamento Específico</td><td>Medicamento com características particulares ou específicas</td></tr><tr><td style=\"white-space:nowrap\">biological<a name=\"anvisa-category-br-biological\"> </a></td><td>Produto Biológico</td><td>Produto obtido de fluidos ou tecidos de origem biológica, incluindo vacinas, soros, hemoderivados</td></tr><tr><td style=\"white-space:nowrap\">biosimilar<a name=\"anvisa-category-br-biosimilar\"> </a></td><td>Produto Biosimilar</td><td>Produto biológico similar a um produto biológico de referência já registrado</td></tr><tr><td style=\"white-space:nowrap\">phytotherapeutic<a name=\"anvisa-category-br-phytotherapeutic\"> </a></td><td>Fitoterápico</td><td>Medicamento obtido empregando-se exclusivamente matérias-primas ativas vegetais</td></tr><tr><td style=\"white-space:nowrap\">homeopathic<a name=\"anvisa-category-br-homeopathic\"> </a></td><td>Homeopático</td><td>Medicamento preparado segundo as normas e princípios da arte farmacêutica homeopática</td></tr><tr><td style=\"white-space:nowrap\">radiopharmaceutical<a name=\"anvisa-category-br-radiopharmaceutical\"> </a></td><td>Radiofármaco</td><td>Preparação farmacêutica que contém um ou mais radionuclídeos</td></tr></table></div>"},"extension":[{"url":"http://hl7.org/fhir/StructureDefinition/structuredefinition-standards-status","valueCode":"informative","_valueCode":{"extension":[{"url":"http://hl7.org/fhir/StructureDefinition/structuredefinition-conformance-derivedFrom","valueCanonical":"http://farmaco.maxapex.net/brig/fhir/ImplementationGuide/brig.idmp.brazil"}]}}],"url":"http://farmaco.maxapex.net/brig/fhir/CodeSystem/anvisa-category-br","version":"0.0.2","name":"ANVISACategoryBR","title":"Categorias ANVISA - Brasil","status":"draft","experimental":true,"date":"2025-08-02","publisher":"Eugênio Neves","contact":[{"name":"Eugênio Neves","telecom":[{"system":"url","value":"https://farmaco.maxapex.net"},{"system":"email","value":"eugenio@farmaco.io"}]},{"name":"Eugênio Neves","telecom":[{"system":"email","value":"eugenio@farmaco.io"},{"system":"url","value":"https://farmaco.maxapex.net/brig/fhir"}]}],"description":"Sistema de códigos para categorias de produtos medicinais da ANVISA","jurisdiction":[{"coding":[{"system":"urn:iso:std:iso:3166","code":"BR"}]}],"copyright":"Copyright © 2025 Farmaco.io. Este trabalho está licenciado sob a MIT License. FHIR® é marca registrada da HL7 International, usada com permissão.","caseSensitive":true,"content":"complete","count":10,"concept":[{"code":"new","display":"Medicamento Novo","definition":"Medicamento com princípio ativo sintético ou semi-sintético, conhecido e usado em terapêutica, que não esteja registrado no país","designation":[{"use":{"system":"http://terminology.hl7.org/CodeSystem/designation-usage","code":"display"},"value":"Medicamento Novo"}]},{"code":"generic","display":"Medicamento Genérico","definition":"Medicamento similar a um produto de referência ou inovador, que se pretende ser intercambiável com este produto","designation":[{"use":{"system":"http://terminology.hl7.org/CodeSystem/designation-usage","code":"display"},"value":"Medicamento Genérico"}]},{"code":"similar","display":"Medicamento Similar","definition":"Aquele que contém o mesmo ou os mesmos princípios ativos, apresenta a mesma concentração, forma farmacêutica, via de administração, posologia e indicação terapêutica","designation":[{"use":{"system":"http://terminology.hl7.org/CodeSystem/designation-usage","code":"display"},"value":"Medicamento Similar"}]},{"code":"reference","display":"Medicamento de Referência","definition":"Produto inovador registrado no órgão federal responsável pela vigilância sanitária e comercializado no país","designation":[{"use":{"system":"http://terminology.hl7.org/CodeSystem/designation-usage","code":"display"},"value":"Medicamento de Referência"}]},{"code":"specific","display":"Medicamento Específico","definition":"Medicamento com características particulares ou específicas","designation":[{"use":{"system":"http://terminology.hl7.org/CodeSystem/designation-usage","code":"display"},"value":"Medicamento Específico"}]},{"code":"biological","display":"Produto Biológico","definition":"Produto obtido de fluidos ou tecidos de origem biológica, incluindo vacinas, soros, hemoderivados","designation":[{"use":{"system":"http://terminology.hl7.org/CodeSystem/designation-usage","code":"display"},"value":"Produto Biológico"}]},{"code":"biosimilar","display":"Produto Biosimilar","definition":"Produto biológico similar a um produto biológico de referência já registrado","designation":[{"use":{"system":"http://terminology.hl7.org/CodeSystem/designation-usage","code":"display"},"value":"Produto Biosimilar"}]},{"code":"phytotherapeutic","display":"Fitoterápico","definition":"Medicamento obtido empregando-se exclusivamente matérias-primas ativas vegetais","designation":[{"use":{"system":"http://terminology.hl7.org/CodeSystem/designation-usage","code":"display"},"value":"Fitoterápico"}]},{"code":"homeopathic","display":"Homeopático","definition":"Medicamento preparado segundo as normas e princípios da arte farmacêutica homeopática","designation":[{"use":{"system":"http://terminology.hl7.org/CodeSystem/designation-usage","code":"display"},"value":"Homeopático"}]},{"code":"radiopharmaceutical","display":"Radiofármaco","definition":"Preparação farmacêutica que contém um ou mais radionuclídeos","designation":[{"use":{"system":"http://terminology.hl7.org/CodeSystem/designation-usage","code":"display"},"value":"Radiofármaco"}]}]}