{"resourceType":"CodeSystem","id":"package-components-br","text":{"status":"generated","div":"<div xmlns=\"http://www.w3.org/1999/xhtml\"><p class=\"res-header-id\"><b>Narrativa gerada: CodeSystem package-components-br</b></p><a name=\"package-components-br\"> </a><a name=\"hcpackage-components-br\"> </a><p>Este case-sensitive sistema de código <code>http://farmaco.maxapex.net/brig/fhir/CodeSystem/package-components-br</code> define o seguinte códigos:</p><table class=\"codes\"><tr><td style=\"white-space:nowrap\"><b>Código</b></td><td><b>Ecrã</b></td><td><b>Definição</b></td></tr><tr><td style=\"white-space:nowrap\">cap<a name=\"package-components-br-cap\"> </a></td><td>Tampa</td><td>Tampa roscada ou encaixe</td></tr><tr><td style=\"white-space:nowrap\">lid<a name=\"package-components-br-lid\"> </a></td><td>Lacre</td><td>Lacre de segurança</td></tr><tr><td style=\"white-space:nowrap\">stopper<a name=\"package-components-br-stopper\"> </a></td><td>Rolha</td><td>Rolha de borracha ou plástico</td></tr><tr><td style=\"white-space:nowrap\">closure<a name=\"package-components-br-closure\"> </a></td><td>Fechamento</td><td>Sistema de fechamento genérico</td></tr><tr><td style=\"white-space:nowrap\">label<a name=\"package-components-br-label\"> </a></td><td>Rótulo</td><td>Rótulo com informações do produto</td></tr><tr><td style=\"white-space:nowrap\">insert<a name=\"package-components-br-insert\"> </a></td><td>Bula</td><td>Bula ou folheto informativo</td></tr><tr><td style=\"white-space:nowrap\">leaflet<a name=\"package-components-br-leaflet\"> </a></td><td>Folheto</td><td>Folheto informativo adicional</td></tr><tr><td style=\"white-space:nowrap\">barcode<a name=\"package-components-br-barcode\"> </a></td><td>Código de barras</td><td>Etiqueta com código de barras</td></tr><tr><td style=\"white-space:nowrap\">desiccant<a name=\"package-components-br-desiccant\"> </a></td><td>Dessecante</td><td>Sachê ou pastilha dessecante</td></tr><tr><td style=\"white-space:nowrap\">cotton<a name=\"package-components-br-cotton\"> </a></td><td>Algodão</td><td>Algodão protetor</td></tr><tr><td style=\"white-space:nowrap\">separator<a name=\"package-components-br-separator\"> </a></td><td>Separador</td><td>Divisória ou separador interno</td></tr><tr><td style=\"white-space:nowrap\">applicator<a name=\"package-components-br-applicator\"> </a></td><td>Aplicador</td><td>Dispositivo aplicador</td></tr><tr><td style=\"white-space:nowrap\">seal<a name=\"package-components-br-seal\"> </a></td><td>Selo</td><td>Selo de proteção ou inviolabilidade</td></tr><tr><td style=\"white-space:nowrap\">shrink-wrap<a name=\"package-components-br-shrink-wrap\"> </a></td><td>Filme plástico</td><td>Filme plástico termocontrátil</td></tr><tr><td style=\"white-space:nowrap\">protective-cap<a name=\"package-components-br-protective-cap\"> </a></td><td>Tampa protetora</td><td>Tampa protetora adicional</td></tr></table></div>"},"extension":[{"url":"http://hl7.org/fhir/StructureDefinition/structuredefinition-standards-status","valueCode":"informative","_valueCode":{"extension":[{"url":"http://hl7.org/fhir/StructureDefinition/structuredefinition-conformance-derivedFrom","valueCanonical":"http://farmaco.maxapex.net/brig/fhir/ImplementationGuide/brig.idmp.brazil"}]}}],"url":"http://farmaco.maxapex.net/brig/fhir/CodeSystem/package-components-br","version":"0.0.2","name":"PackageComponentsBR","title":"Componentes de Embalagem - Brasil","status":"draft","experimental":true,"date":"2025-08-04","publisher":"Eugênio Neves","contact":[{"name":"Eugênio Neves","telecom":[{"system":"url","value":"https://farmaco.maxapex.net"},{"system":"email","value":"eugenio@farmaco.io"}]},{"name":"Eugênio Neves","telecom":[{"system":"email","value":"eugenio@farmaco.io"},{"system":"url","value":"https://farmaco.maxapex.net/brig/fhir"}]}],"description":"Sistema de códigos para componentes de embalagens brasileiras","jurisdiction":[{"coding":[{"system":"urn:iso:std:iso:3166","code":"BR"}]}],"copyright":"Copyright © 2025 Farmaco.io. Este trabalho está licenciado sob a MIT License. FHIR® é marca registrada da HL7 International, usada com permissão.","caseSensitive":true,"content":"complete","count":15,"concept":[{"code":"cap","display":"Tampa","definition":"Tampa roscada ou encaixe","designation":[{"use":{"system":"http://terminology.hl7.org/CodeSystem/designation-usage","code":"display"},"value":"Tampa"}]},{"code":"lid","display":"Lacre","definition":"Lacre de segurança","designation":[{"use":{"system":"http://terminology.hl7.org/CodeSystem/designation-usage","code":"display"},"value":"Lacre"}]},{"code":"stopper","display":"Rolha","definition":"Rolha de borracha ou plástico","designation":[{"use":{"system":"http://terminology.hl7.org/CodeSystem/designation-usage","code":"display"},"value":"Rolha"}]},{"code":"closure","display":"Fechamento","definition":"Sistema de fechamento genérico","designation":[{"use":{"system":"http://terminology.hl7.org/CodeSystem/designation-usage","code":"display"},"value":"Fechamento"}]},{"code":"label","display":"Rótulo","definition":"Rótulo com informações do produto","designation":[{"use":{"system":"http://terminology.hl7.org/CodeSystem/designation-usage","code":"display"},"value":"Rótulo"}]},{"code":"insert","display":"Bula","definition":"Bula ou folheto informativo","designation":[{"use":{"system":"http://terminology.hl7.org/CodeSystem/designation-usage","code":"display"},"value":"Bula"}]},{"code":"leaflet","display":"Folheto","definition":"Folheto informativo adicional","designation":[{"use":{"system":"http://terminology.hl7.org/CodeSystem/designation-usage","code":"display"},"value":"Folheto"}]},{"code":"barcode","display":"Código de barras","definition":"Etiqueta com código de barras","designation":[{"use":{"system":"http://terminology.hl7.org/CodeSystem/designation-usage","code":"display"},"value":"Código de barras"}]},{"code":"desiccant","display":"Dessecante","definition":"Sachê ou pastilha dessecante","designation":[{"use":{"system":"http://terminology.hl7.org/CodeSystem/designation-usage","code":"display"},"value":"Dessecante"}]},{"code":"cotton","display":"Algodão","definition":"Algodão protetor","designation":[{"use":{"system":"http://terminology.hl7.org/CodeSystem/designation-usage","code":"display"},"value":"Algodão"}]},{"code":"separator","display":"Separador","definition":"Divisória ou separador interno","designation":[{"use":{"system":"http://terminology.hl7.org/CodeSystem/designation-usage","code":"display"},"value":"Separador"}]},{"code":"applicator","display":"Aplicador","definition":"Dispositivo aplicador","designation":[{"use":{"system":"http://terminology.hl7.org/CodeSystem/designation-usage","code":"display"},"value":"Aplicador"}]},{"code":"seal","display":"Selo","definition":"Selo de proteção ou inviolabilidade","designation":[{"use":{"system":"http://terminology.hl7.org/CodeSystem/designation-usage","code":"display"},"value":"Selo"}]},{"code":"shrink-wrap","display":"Filme plástico","definition":"Filme plástico termocontrátil","designation":[{"use":{"system":"http://terminology.hl7.org/CodeSystem/designation-usage","code":"display"},"value":"Filme plástico"}]},{"code":"protective-cap","display":"Tampa protetora","definition":"Tampa protetora adicional","designation":[{"use":{"system":"http://terminology.hl7.org/CodeSystem/designation-usage","code":"display"},"value":"Tampa protetora"}]}]}