{"resourceType":"CodeSystem","id":"substance-classification-br","text":{"status":"generated","div":"<div xmlns=\"http://www.w3.org/1999/xhtml\"><p class=\"res-header-id\"><b>Narrativa gerada: CodeSystem substance-classification-br</b></p><a name=\"substance-classification-br\"> </a><a name=\"hcsubstance-classification-br\"> </a><p>Este case-sensitive sistema de código <code>http://farmaco.maxapex.net/brig/fhir/CodeSystem/substance-classification-br</code> define o seguinte códigos:</p><table class=\"codes\"><tr><td style=\"white-space:nowrap\"><b>Código</b></td><td><b>Ecrã</b></td><td><b>Definição</b></td></tr><tr><td style=\"white-space:nowrap\">active<a name=\"substance-classification-br-active\"> </a></td><td>Substância Ativa</td><td>Princípio ativo farmacologicamente ativo</td></tr><tr><td style=\"white-space:nowrap\">excipient<a name=\"substance-classification-br-excipient\"> </a></td><td>Excipiente</td><td>Substância farmacologicamente inativa usada como veículo</td></tr><tr><td style=\"white-space:nowrap\">controlled<a name=\"substance-classification-br-controlled\"> </a></td><td>Substância Controlada</td><td>Substância sujeita a controle especial</td></tr><tr><td style=\"white-space:nowrap\">narcotic<a name=\"substance-classification-br-narcotic\"> </a></td><td>Entorpecente</td><td>Substância entorpecente (Lista A)</td></tr><tr><td style=\"white-space:nowrap\">psychotropic<a name=\"substance-classification-br-psychotropic\"> </a></td><td>Psicotrópico</td><td>Substância psicotrópica (Lista B)</td></tr><tr><td style=\"white-space:nowrap\">precursor<a name=\"substance-classification-br-precursor\"> </a></td><td>Precursor</td><td>Substância precursora de drogas</td></tr><tr><td style=\"white-space:nowrap\">natural<a name=\"substance-classification-br-natural\"> </a></td><td>Natural</td><td>Substância de origem natural</td></tr><tr><td style=\"white-space:nowrap\">synthetic<a name=\"substance-classification-br-synthetic\"> </a></td><td>Sintética</td><td>Substância de origem sintética</td></tr><tr><td style=\"white-space:nowrap\">semi-synthetic<a name=\"substance-classification-br-semi-synthetic\"> </a></td><td>Semi-sintética</td><td>Substância semi-sintética</td></tr><tr><td style=\"white-space:nowrap\">biotechnology<a name=\"substance-classification-br-biotechnology\"> </a></td><td>Biotecnológica</td><td>Substância produzida por biotecnologia</td></tr><tr><td style=\"white-space:nowrap\">radiopharmaceutical<a name=\"substance-classification-br-radiopharmaceutical\"> </a></td><td>Radiofarmacêutica</td><td>Substância radiofarmacêutica</td></tr></table></div>"},"extension":[{"url":"http://hl7.org/fhir/StructureDefinition/structuredefinition-standards-status","valueCode":"informative","_valueCode":{"extension":[{"url":"http://hl7.org/fhir/StructureDefinition/structuredefinition-conformance-derivedFrom","valueCanonical":"http://farmaco.maxapex.net/brig/fhir/ImplementationGuide/brig.idmp.brazil"}]}}],"url":"http://farmaco.maxapex.net/brig/fhir/CodeSystem/substance-classification-br","version":"0.0.2","name":"SubstanceClassificationBR","title":"Classificação de Substância - Brasil","status":"draft","experimental":true,"date":"2025-08-02","publisher":"Eugênio Neves","contact":[{"name":"Eugênio Neves","telecom":[{"system":"url","value":"https://farmaco.maxapex.net"},{"system":"email","value":"eugenio@farmaco.io"}]},{"name":"Eugênio Neves","telecom":[{"system":"email","value":"eugenio@farmaco.io"},{"system":"url","value":"https://farmaco.maxapex.net/brig/fhir"}]}],"description":"Sistema de códigos para classificação de substâncias no Brasil","jurisdiction":[{"coding":[{"system":"urn:iso:std:iso:3166","code":"BR"}]}],"copyright":"Copyright © 2025 Farmaco.io. Este trabalho está licenciado sob a MIT License. FHIR® é marca registrada da HL7 International, usada com permissão.","caseSensitive":true,"content":"complete","count":11,"concept":[{"code":"active","display":"Substância Ativa","definition":"Princípio ativo farmacologicamente ativo","designation":[{"use":{"system":"http://terminology.hl7.org/CodeSystem/designation-usage","code":"display"},"value":"Substância Ativa"},{"use":{"system":"http://terminology.hl7.org/CodeSystem/designation-usage","code":"display"},"value":"Substância Ativa"}]},{"code":"excipient","display":"Excipiente","definition":"Substância farmacologicamente inativa usada como veículo","designation":[{"use":{"system":"http://terminology.hl7.org/CodeSystem/designation-usage","code":"display"},"value":"Excipiente"},{"use":{"system":"http://terminology.hl7.org/CodeSystem/designation-usage","code":"display"},"value":"Excipiente"}]},{"code":"controlled","display":"Substância Controlada","definition":"Substância sujeita a controle especial","designation":[{"use":{"system":"http://terminology.hl7.org/CodeSystem/designation-usage","code":"display"},"value":"Substância Controlada"},{"use":{"system":"http://terminology.hl7.org/CodeSystem/designation-usage","code":"display"},"value":"Substância Controlada"}]},{"code":"narcotic","display":"Entorpecente","definition":"Substância entorpecente (Lista A)","designation":[{"use":{"system":"http://terminology.hl7.org/CodeSystem/designation-usage","code":"display"},"value":"Entorpecente"},{"use":{"system":"http://terminology.hl7.org/CodeSystem/designation-usage","code":"display"},"value":"Entorpecente"}]},{"code":"psychotropic","display":"Psicotrópico","definition":"Substância psicotrópica (Lista B)","designation":[{"use":{"system":"http://terminology.hl7.org/CodeSystem/designation-usage","code":"display"},"value":"Psicotrópico"},{"use":{"system":"http://terminology.hl7.org/CodeSystem/designation-usage","code":"display"},"value":"Psicotrópico"}]},{"code":"precursor","display":"Precursor","definition":"Substância precursora de drogas","designation":[{"use":{"system":"http://terminology.hl7.org/CodeSystem/designation-usage","code":"display"},"value":"Precursor"},{"use":{"system":"http://terminology.hl7.org/CodeSystem/designation-usage","code":"display"},"value":"Precursor"}]},{"code":"natural","display":"Natural","definition":"Substância de origem natural","designation":[{"use":{"system":"http://terminology.hl7.org/CodeSystem/designation-usage","code":"display"},"value":"Natural"},{"use":{"system":"http://terminology.hl7.org/CodeSystem/designation-usage","code":"display"},"value":"Natural"}]},{"code":"synthetic","display":"Sintética","definition":"Substância de origem sintética","designation":[{"use":{"system":"http://terminology.hl7.org/CodeSystem/designation-usage","code":"display"},"value":"Sintética"},{"use":{"system":"http://terminology.hl7.org/CodeSystem/designation-usage","code":"display"},"value":"Sintética"}]},{"code":"semi-synthetic","display":"Semi-sintética","definition":"Substância semi-sintética","designation":[{"use":{"system":"http://terminology.hl7.org/CodeSystem/designation-usage","code":"display"},"value":"Semi-sintética"},{"use":{"system":"http://terminology.hl7.org/CodeSystem/designation-usage","code":"display"},"value":"Semi-sintética"}]},{"code":"biotechnology","display":"Biotecnológica","definition":"Substância produzida por biotecnologia","designation":[{"use":{"system":"http://terminology.hl7.org/CodeSystem/designation-usage","code":"display"},"value":"Biotecnológica"},{"use":{"system":"http://terminology.hl7.org/CodeSystem/designation-usage","code":"display"},"value":"Biotecnológica"}]},{"code":"radiopharmaceutical","display":"Radiofarmacêutica","definition":"Substância radiofarmacêutica","designation":[{"use":{"system":"http://terminology.hl7.org/CodeSystem/designation-usage","code":"display"},"value":"Radiofarmacêutica"},{"use":{"system":"http://terminology.hl7.org/CodeSystem/designation-usage","code":"display"},"value":"Radiofarmacêutica"}]}]}