{"resourceType":"CodeSystem","id":"presentation-unit-br","text":{"status":"generated","div":"<div xmlns=\"http://www.w3.org/1999/xhtml\"><p class=\"res-header-id\"><b>Narrativa gerada: CodeSystem presentation-unit-br</b></p><a name=\"presentation-unit-br\"> </a><a name=\"hcpresentation-unit-br\"> </a><p>Este case-sensitive sistema de código <code>http://farmaco.maxapex.net/brig/fhir/CodeSystem/presentation-unit-br</code> define o seguinte códigos:</p><table class=\"codes\"><tr><td style=\"white-space:nowrap\"><b>Código</b></td><td><b>Ecrã</b></td><td><b>Definição</b></td></tr><tr><td style=\"white-space:nowrap\">comprimido<a name=\"presentation-unit-br-comprimido\"> </a></td><td>comprimido</td><td>Por comprimido</td></tr><tr><td style=\"white-space:nowrap\">dragea<a name=\"presentation-unit-br-dragea\"> </a></td><td>drágea</td><td>Por drágea</td></tr><tr><td style=\"white-space:nowrap\">capsula<a name=\"presentation-unit-br-capsula\"> </a></td><td>cápsula</td><td>Por cápsula</td></tr><tr><td style=\"white-space:nowrap\">capsula-dura<a name=\"presentation-unit-br-capsula-dura\"> </a></td><td>cápsula dura</td><td>Por cápsula dura</td></tr><tr><td style=\"white-space:nowrap\">capsula-mole<a name=\"presentation-unit-br-capsula-mole\"> </a></td><td>cápsula mole</td><td>Por cápsula mole</td></tr><tr><td style=\"white-space:nowrap\">supositorio<a name=\"presentation-unit-br-supositorio\"> </a></td><td>supositório</td><td>Por supositório</td></tr><tr><td style=\"white-space:nowrap\">ovulo<a name=\"presentation-unit-br-ovulo\"> </a></td><td>óvulo</td><td>Por óvulo</td></tr><tr><td style=\"white-space:nowrap\">adesivo<a name=\"presentation-unit-br-adesivo\"> </a></td><td>adesivo</td><td>Por adesivo transdérmico</td></tr><tr><td style=\"white-space:nowrap\">dose<a name=\"presentation-unit-br-dose\"> </a></td><td>dose</td><td>Por dose</td></tr><tr><td style=\"white-space:nowrap\">aplicacao<a name=\"presentation-unit-br-aplicacao\"> </a></td><td>aplicação</td><td>Por aplicação</td></tr><tr><td style=\"white-space:nowrap\">ml-dose<a name=\"presentation-unit-br-ml-dose\"> </a></td><td>mL por dose</td><td>Mililitros por dose</td></tr><tr><td style=\"white-space:nowrap\">frasco<a name=\"presentation-unit-br-frasco\"> </a></td><td>frasco</td><td>Por frasco</td></tr><tr><td style=\"white-space:nowrap\">ampola<a name=\"presentation-unit-br-ampola\"> </a></td><td>ampola</td><td>Por ampola</td></tr><tr><td style=\"white-space:nowrap\">seringa<a name=\"presentation-unit-br-seringa\"> </a></td><td>seringa</td><td>Por seringa</td></tr><tr><td style=\"white-space:nowrap\">bisnaga<a name=\"presentation-unit-br-bisnaga\"> </a></td><td>bisnaga</td><td>Por bisnaga</td></tr></table></div>"},"extension":[{"url":"http://hl7.org/fhir/StructureDefinition/structuredefinition-standards-status","valueCode":"informative","_valueCode":{"extension":[{"url":"http://hl7.org/fhir/StructureDefinition/structuredefinition-conformance-derivedFrom","valueCanonical":"http://farmaco.maxapex.net/brig/fhir/ImplementationGuide/brig.idmp.brazil"}]}}],"url":"http://farmaco.maxapex.net/brig/fhir/CodeSystem/presentation-unit-br","version":"0.0.2","name":"PresentationUnitBR","title":"Unidades de Apresentação - Brasil","status":"draft","experimental":true,"date":"2025-08-02","publisher":"Eugênio Neves","contact":[{"name":"Eugênio Neves","telecom":[{"system":"url","value":"https://farmaco.maxapex.net"},{"system":"email","value":"eugenio@farmaco.io"}]},{"name":"Eugênio Neves","telecom":[{"system":"email","value":"eugenio@farmaco.io"},{"system":"url","value":"https://farmaco.maxapex.net/brig/fhir"}]}],"description":"Sistema de códigos para unidades de apresentação de produtos farmacêuticos","jurisdiction":[{"coding":[{"system":"urn:iso:std:iso:3166","code":"BR"}]}],"copyright":"Copyright © 2025 Farmaco.io. Este trabalho está licenciado sob a MIT License. FHIR® é marca registrada da HL7 International, usada com permissão.","caseSensitive":true,"content":"complete","count":15,"concept":[{"code":"comprimido","display":"comprimido","definition":"Por comprimido","designation":[{"use":{"system":"http://terminology.hl7.org/CodeSystem/designation-usage","code":"display"},"value":"comprimido"}]},{"code":"dragea","display":"drágea","definition":"Por drágea","designation":[{"use":{"system":"http://terminology.hl7.org/CodeSystem/designation-usage","code":"display"},"value":"drágea"}]},{"code":"capsula","display":"cápsula","definition":"Por cápsula","designation":[{"use":{"system":"http://terminology.hl7.org/CodeSystem/designation-usage","code":"display"},"value":"cápsula"}]},{"code":"capsula-dura","display":"cápsula dura","definition":"Por cápsula dura","designation":[{"use":{"system":"http://terminology.hl7.org/CodeSystem/designation-usage","code":"display"},"value":"cápsula dura"}]},{"code":"capsula-mole","display":"cápsula mole","definition":"Por cápsula mole","designation":[{"use":{"system":"http://terminology.hl7.org/CodeSystem/designation-usage","code":"display"},"value":"cápsula mole"}]},{"code":"supositorio","display":"supositório","definition":"Por supositório","designation":[{"use":{"system":"http://terminology.hl7.org/CodeSystem/designation-usage","code":"display"},"value":"supositório"}]},{"code":"ovulo","display":"óvulo","definition":"Por óvulo","designation":[{"use":{"system":"http://terminology.hl7.org/CodeSystem/designation-usage","code":"display"},"value":"óvulo"}]},{"code":"adesivo","display":"adesivo","definition":"Por adesivo transdérmico","designation":[{"use":{"system":"http://terminology.hl7.org/CodeSystem/designation-usage","code":"display"},"value":"adesivo"}]},{"code":"dose","display":"dose","definition":"Por dose","designation":[{"use":{"system":"http://terminology.hl7.org/CodeSystem/designation-usage","code":"display"},"value":"dose"}]},{"code":"aplicacao","display":"aplicação","definition":"Por aplicação","designation":[{"use":{"system":"http://terminology.hl7.org/CodeSystem/designation-usage","code":"display"},"value":"aplicação"}]},{"code":"ml-dose","display":"mL por dose","definition":"Mililitros por dose","designation":[{"use":{"system":"http://terminology.hl7.org/CodeSystem/designation-usage","code":"display"},"value":"mL por dose"}]},{"code":"frasco","display":"frasco","definition":"Por frasco","designation":[{"use":{"system":"http://terminology.hl7.org/CodeSystem/designation-usage","code":"display"},"value":"frasco"}]},{"code":"ampola","display":"ampola","definition":"Por ampola","designation":[{"use":{"system":"http://terminology.hl7.org/CodeSystem/designation-usage","code":"display"},"value":"ampola"}]},{"code":"seringa","display":"seringa","definition":"Por seringa","designation":[{"use":{"system":"http://terminology.hl7.org/CodeSystem/designation-usage","code":"display"},"value":"seringa"}]},{"code":"bisnaga","display":"bisnaga","definition":"Por bisnaga","designation":[{"use":{"system":"http://terminology.hl7.org/CodeSystem/designation-usage","code":"display"},"value":"bisnaga"}]}]}