{"resourceType":"CodeSystem","id":"organization-size-category-br","text":{"status":"generated","div":"<div xmlns=\"http://www.w3.org/1999/xhtml\"><p class=\"res-header-id\"><b>Narrativa gerada: CodeSystem organization-size-category-br</b></p><a name=\"organization-size-category-br\"> </a><a name=\"hcorganization-size-category-br\"> </a><p>Este case-sensitive sistema de código <code>http://farmaco.maxapex.net/brig/fhir/CodeSystem/organization-size-category-br</code> define o seguinte códigos:</p><table class=\"codes\"><tr><td style=\"white-space:nowrap\"><b>Código</b></td><td><b>Ecrã</b></td><td><b>Definição</b></td></tr><tr><td style=\"white-space:nowrap\">microempresa<a name=\"organization-size-category-br-microempresa\"> </a></td><td>Microempresa</td><td>Microempresa - receita bruta anual igual ou inferior a R$ 360.000,00</td></tr><tr><td style=\"white-space:nowrap\">pequena-empresa<a name=\"organization-size-category-br-pequena-empresa\"> </a></td><td>Empresa de Pequeno Porte</td><td>Empresa de Pequeno Porte - receita bruta anual superior a R$ 360.000,00 e igual ou inferior a R$ 4.800.000,00</td></tr><tr><td style=\"white-space:nowrap\">media-empresa<a name=\"organization-size-category-br-media-empresa\"> </a></td><td>Empresa de Médio Porte</td><td>Empresa de Médio Porte - receita bruta anual entre R$ 4.800.000,00 e R$ 300.000.000,00</td></tr><tr><td style=\"white-space:nowrap\">grande-empresa<a name=\"organization-size-category-br-grande-empresa\"> </a></td><td>Empresa de Grande Porte</td><td>Empresa de Grande Porte - receita bruta anual superior a R$ 300.000.000,00</td></tr></table></div>"},"extension":[{"url":"http://hl7.org/fhir/StructureDefinition/structuredefinition-standards-status","valueCode":"informative","_valueCode":{"extension":[{"url":"http://hl7.org/fhir/StructureDefinition/structuredefinition-conformance-derivedFrom","valueCanonical":"http://farmaco.maxapex.net/brig/fhir/ImplementationGuide/brig.idmp.brazil"}]}}],"url":"http://farmaco.maxapex.net/brig/fhir/CodeSystem/organization-size-category-br","version":"0.0.2","name":"OrganizationSizeCategoryBR","title":"Categorias de Porte de Organização - Brasil","status":"draft","experimental":true,"date":"2025-08-02","publisher":"Eugênio Neves","contact":[{"name":"Eugênio Neves","telecom":[{"system":"url","value":"https://farmaco.maxapex.net"},{"system":"email","value":"eugenio@farmaco.io"}]},{"name":"Eugênio Neves","telecom":[{"system":"email","value":"eugenio@farmaco.io"},{"system":"url","value":"https://farmaco.maxapex.net/brig/fhir"}]}],"description":"Sistema de códigos para categorias de porte de organizações no Brasil","jurisdiction":[{"coding":[{"system":"urn:iso:std:iso:3166","code":"BR"}]}],"copyright":"Copyright © 2025 Farmaco.io. Este trabalho está licenciado sob a MIT License. FHIR® é marca registrada da HL7 International, usada com permissão.","caseSensitive":true,"content":"complete","count":4,"concept":[{"code":"microempresa","display":"Microempresa","definition":"Microempresa - receita bruta anual igual ou inferior a R$ 360.000,00","designation":[{"use":{"system":"http://terminology.hl7.org/CodeSystem/designation-usage","code":"display"},"value":"Microempresa"}]},{"code":"pequena-empresa","display":"Empresa de Pequeno Porte","definition":"Empresa de Pequeno Porte - receita bruta anual superior a R$ 360.000,00 e igual ou inferior a R$ 4.800.000,00","designation":[{"use":{"system":"http://terminology.hl7.org/CodeSystem/designation-usage","code":"display"},"value":"Empresa de Pequeno Porte"}]},{"code":"media-empresa","display":"Empresa de Médio Porte","definition":"Empresa de Médio Porte - receita bruta anual entre R$ 4.800.000,00 e R$ 300.000.000,00","designation":[{"use":{"system":"http://terminology.hl7.org/CodeSystem/designation-usage","code":"display"},"value":"Empresa de Médio Porte"}]},{"code":"grande-empresa","display":"Empresa de Grande Porte","definition":"Empresa de Grande Porte - receita bruta anual superior a R$ 300.000.000,00","designation":[{"use":{"system":"http://terminology.hl7.org/CodeSystem/designation-usage","code":"display"},"value":"Empresa de Grande Porte"}]}]}