{"resourceType":"CodeSystem","id":"therapeutic-indications-br","text":{"status":"generated","div":"<div xmlns=\"http://www.w3.org/1999/xhtml\"><p class=\"res-header-id\"><b>Narrativa gerada: CodeSystem therapeutic-indications-br</b></p><a name=\"therapeutic-indications-br\"> </a><a name=\"hctherapeutic-indications-br\"> </a><p>Este case-sensitive sistema de código <code>http://farmaco.maxapex.net/brig/fhir/CodeSystem/therapeutic-indications-br</code> define o seguinte códigos:</p><table class=\"codes\"><tr><td style=\"white-space:nowrap\"><b>Código</b></td><td><b>Ecrã</b></td><td><b>Definição</b></td></tr><tr><td style=\"white-space:nowrap\">analgesic<a name=\"therapeutic-indications-br-analgesic\"> </a></td><td>Analgésico</td><td>Tratamento da dor</td></tr><tr><td style=\"white-space:nowrap\">antipyretic<a name=\"therapeutic-indications-br-antipyretic\"> </a></td><td>Antitérmico</td><td>Redução da febre</td></tr><tr><td style=\"white-space:nowrap\">anti-inflammatory<a name=\"therapeutic-indications-br-anti-inflammatory\"> </a></td><td>Anti-inflamatório</td><td>Tratamento de processos inflamatórios</td></tr><tr><td style=\"white-space:nowrap\">sedative<a name=\"therapeutic-indications-br-sedative\"> </a></td><td>Sedativo</td><td>Sedação e tranquilização</td></tr><tr><td style=\"white-space:nowrap\">anxiolytic<a name=\"therapeutic-indications-br-anxiolytic\"> </a></td><td>Ansiolítico</td><td>Tratamento da ansiedade</td></tr><tr><td style=\"white-space:nowrap\">antibiotic<a name=\"therapeutic-indications-br-antibiotic\"> </a></td><td>Antibiótico</td><td>Tratamento de infecções bacterianas</td></tr><tr><td style=\"white-space:nowrap\">antiviral<a name=\"therapeutic-indications-br-antiviral\"> </a></td><td>Antiviral</td><td>Tratamento de infecções virais</td></tr><tr><td style=\"white-space:nowrap\">antifungal<a name=\"therapeutic-indications-br-antifungal\"> </a></td><td>Antifúngico</td><td>Tratamento de infecções fúngicas</td></tr><tr><td style=\"white-space:nowrap\">antihistamine<a name=\"therapeutic-indications-br-antihistamine\"> </a></td><td>Anti-histamínico</td><td>Tratamento de reações alérgicas</td></tr><tr><td style=\"white-space:nowrap\">bronchodilator<a name=\"therapeutic-indications-br-bronchodilator\"> </a></td><td>Broncodilatador</td><td>Tratamento de broncoespasmo</td></tr><tr><td style=\"white-space:nowrap\">antihypertensive<a name=\"therapeutic-indications-br-antihypertensive\"> </a></td><td>Anti-hipertensivo</td><td>Tratamento da hipertensão arterial</td></tr><tr><td style=\"white-space:nowrap\">diuretic<a name=\"therapeutic-indications-br-diuretic\"> </a></td><td>Diurético</td><td>Aumento da diurese</td></tr><tr><td style=\"white-space:nowrap\">cardiotonic<a name=\"therapeutic-indications-br-cardiotonic\"> </a></td><td>Cardiotônico</td><td>Fortalecimento da contração cardíaca</td></tr><tr><td style=\"white-space:nowrap\">anticoagulant<a name=\"therapeutic-indications-br-anticoagulant\"> </a></td><td>Anticoagulante</td><td>Prevenção da coagulação sanguínea</td></tr><tr><td style=\"white-space:nowrap\">hypoglycemic<a name=\"therapeutic-indications-br-hypoglycemic\"> </a></td><td>Hipoglicemiante</td><td>Redução da glicemia</td></tr><tr><td style=\"white-space:nowrap\">hormone-replacement<a name=\"therapeutic-indications-br-hormone-replacement\"> </a></td><td>Reposição Hormonal</td><td>Reposição de hormônios deficientes</td></tr><tr><td style=\"white-space:nowrap\">contraceptive<a name=\"therapeutic-indications-br-contraceptive\"> </a></td><td>Contraceptivo</td><td>Prevenção da gravidez</td></tr><tr><td style=\"white-space:nowrap\">antineoplastic<a name=\"therapeutic-indications-br-antineoplastic\"> </a></td><td>Antineoplásico</td><td>Tratamento de neoplasias</td></tr><tr><td style=\"white-space:nowrap\">immunosuppressive<a name=\"therapeutic-indications-br-immunosuppressive\"> </a></td><td>Imunossupressor</td><td>Supressão do sistema imunológico</td></tr><tr><td style=\"white-space:nowrap\">vaccine<a name=\"therapeutic-indications-br-vaccine\"> </a></td><td>Vacina</td><td>Imunização ativa</td></tr></table></div>"},"extension":[{"url":"http://hl7.org/fhir/StructureDefinition/structuredefinition-standards-status","valueCode":"informative","_valueCode":{"extension":[{"url":"http://hl7.org/fhir/StructureDefinition/structuredefinition-conformance-derivedFrom","valueCanonical":"http://farmaco.maxapex.net/brig/fhir/ImplementationGuide/brig.idmp.brazil"}]}}],"url":"http://farmaco.maxapex.net/brig/fhir/CodeSystem/therapeutic-indications-br","version":"0.0.2","name":"TherapeuticIndicationsBR","title":"Indicações Terapêuticas - Brasil","status":"draft","experimental":true,"date":"2025-08-02","publisher":"Eugênio Neves","contact":[{"name":"Eugênio Neves","telecom":[{"system":"url","value":"https://farmaco.maxapex.net"},{"system":"email","value":"eugenio@farmaco.io"}]},{"name":"Eugênio Neves","telecom":[{"system":"email","value":"eugenio@farmaco.io"},{"system":"url","value":"https://farmaco.maxapex.net/brig/fhir"}]}],"description":"Sistema de códigos para indicações terapêuticas de produtos medicinais brasileiros","jurisdiction":[{"coding":[{"system":"urn:iso:std:iso:3166","code":"BR"}]}],"copyright":"Copyright © 2025 Farmaco.io. Este trabalho está licenciado sob a MIT License. FHIR® é marca registrada da HL7 International, usada com permissão.","caseSensitive":true,"content":"complete","count":20,"concept":[{"code":"analgesic","display":"Analgésico","definition":"Tratamento da dor","designation":[{"use":{"system":"http://terminology.hl7.org/CodeSystem/designation-usage","code":"display"},"value":"Analgésico"}]},{"code":"antipyretic","display":"Antitérmico","definition":"Redução da febre","designation":[{"use":{"system":"http://terminology.hl7.org/CodeSystem/designation-usage","code":"display"},"value":"Antitérmico"}]},{"code":"anti-inflammatory","display":"Anti-inflamatório","definition":"Tratamento de processos inflamatórios","designation":[{"use":{"system":"http://terminology.hl7.org/CodeSystem/designation-usage","code":"display"},"value":"Anti-inflamatório"}]},{"code":"sedative","display":"Sedativo","definition":"Sedação e tranquilização","designation":[{"use":{"system":"http://terminology.hl7.org/CodeSystem/designation-usage","code":"display"},"value":"Sedativo"}]},{"code":"anxiolytic","display":"Ansiolítico","definition":"Tratamento da ansiedade","designation":[{"use":{"system":"http://terminology.hl7.org/CodeSystem/designation-usage","code":"display"},"value":"Ansiolítico"}]},{"code":"antibiotic","display":"Antibiótico","definition":"Tratamento de infecções bacterianas","designation":[{"use":{"system":"http://terminology.hl7.org/CodeSystem/designation-usage","code":"display"},"value":"Antibiótico"}]},{"code":"antiviral","display":"Antiviral","definition":"Tratamento de infecções virais","designation":[{"use":{"system":"http://terminology.hl7.org/CodeSystem/designation-usage","code":"display"},"value":"Antiviral"}]},{"code":"antifungal","display":"Antifúngico","definition":"Tratamento de infecções fúngicas","designation":[{"use":{"system":"http://terminology.hl7.org/CodeSystem/designation-usage","code":"display"},"value":"Antifúngico"}]},{"code":"antihistamine","display":"Anti-histamínico","definition":"Tratamento de reações alérgicas","designation":[{"use":{"system":"http://terminology.hl7.org/CodeSystem/designation-usage","code":"display"},"value":"Anti-histamínico"}]},{"code":"bronchodilator","display":"Broncodilatador","definition":"Tratamento de broncoespasmo","designation":[{"use":{"system":"http://terminology.hl7.org/CodeSystem/designation-usage","code":"display"},"value":"Broncodilatador"}]},{"code":"antihypertensive","display":"Anti-hipertensivo","definition":"Tratamento da hipertensão arterial","designation":[{"use":{"system":"http://terminology.hl7.org/CodeSystem/designation-usage","code":"display"},"value":"Anti-hipertensivo"}]},{"code":"diuretic","display":"Diurético","definition":"Aumento da diurese","designation":[{"use":{"system":"http://terminology.hl7.org/CodeSystem/designation-usage","code":"display"},"value":"Diurético"}]},{"code":"cardiotonic","display":"Cardiotônico","definition":"Fortalecimento da contração cardíaca","designation":[{"use":{"system":"http://terminology.hl7.org/CodeSystem/designation-usage","code":"display"},"value":"Cardiotônico"}]},{"code":"anticoagulant","display":"Anticoagulante","definition":"Prevenção da coagulação sanguínea","designation":[{"use":{"system":"http://terminology.hl7.org/CodeSystem/designation-usage","code":"display"},"value":"Anticoagulante"}]},{"code":"hypoglycemic","display":"Hipoglicemiante","definition":"Redução da glicemia","designation":[{"use":{"system":"http://terminology.hl7.org/CodeSystem/designation-usage","code":"display"},"value":"Hipoglicemiante"}]},{"code":"hormone-replacement","display":"Reposição Hormonal","definition":"Reposição de hormônios deficientes","designation":[{"use":{"system":"http://terminology.hl7.org/CodeSystem/designation-usage","code":"display"},"value":"Reposição Hormonal"}]},{"code":"contraceptive","display":"Contraceptivo","definition":"Prevenção da gravidez","designation":[{"use":{"system":"http://terminology.hl7.org/CodeSystem/designation-usage","code":"display"},"value":"Contraceptivo"}]},{"code":"antineoplastic","display":"Antineoplásico","definition":"Tratamento de neoplasias","designation":[{"use":{"system":"http://terminology.hl7.org/CodeSystem/designation-usage","code":"display"},"value":"Antineoplásico"}]},{"code":"immunosuppressive","display":"Imunossupressor","definition":"Supressão do sistema imunológico","designation":[{"use":{"system":"http://terminology.hl7.org/CodeSystem/designation-usage","code":"display"},"value":"Imunossupressor"}]},{"code":"vaccine","display":"Vacina","definition":"Imunização ativa","designation":[{"use":{"system":"http://terminology.hl7.org/CodeSystem/designation-usage","code":"display"},"value":"Vacina"}]}]}