{"resourceType":"CodeSystem","id":"anvisa-substance-code","text":{"status":"generated","div":"<div xmlns=\"http://www.w3.org/1999/xhtml\"><p class=\"res-header-id\"><b>Narrativa gerada: CodeSystem anvisa-substance-code</b></p><a name=\"anvisa-substance-code\"> </a><a name=\"hcanvisa-substance-code\"> </a><p>Este case-sensitive sistema de código <code>http://farmaco.maxapex.net/brig/fhir/CodeSystem/anvisa-substance-code</code> fornece alguns códigoss <b>que são apenas exemplos</b>:</p><table class=\"codes\"><tr><td style=\"white-space:nowrap\"><b>Código</b></td><td><b>Ecrã</b></td><td><b>Definição</b></td></tr><tr><td style=\"white-space:nowrap\">SUB001<a name=\"anvisa-substance-code-SUB001\"> </a></td><td>Paracetamol</td><td>Paracetamol - código ANVISA</td></tr><tr><td style=\"white-space:nowrap\">SUB002<a name=\"anvisa-substance-code-SUB002\"> </a></td><td>Dipirona Sódica</td><td>Dipirona Sódica - código ANVISA</td></tr><tr><td style=\"white-space:nowrap\">SUB003<a name=\"anvisa-substance-code-SUB003\"> </a></td><td>Ácido Acetilsalicílico</td><td>Ácido Acetilsalicílico - código ANVISA</td></tr><tr><td style=\"white-space:nowrap\">SUB004<a name=\"anvisa-substance-code-SUB004\"> </a></td><td>Ibuprofeno</td><td>Ibuprofeno - código ANVISA</td></tr><tr><td style=\"white-space:nowrap\">SUB005<a name=\"anvisa-substance-code-SUB005\"> </a></td><td>Diclofenaco Sódico</td><td>Diclofenaco Sódico - código ANVISA</td></tr></table></div>"},"extension":[{"url":"http://hl7.org/fhir/StructureDefinition/structuredefinition-standards-status","valueCode":"informative","_valueCode":{"extension":[{"url":"http://hl7.org/fhir/StructureDefinition/structuredefinition-conformance-derivedFrom","valueCanonical":"http://farmaco.maxapex.net/brig/fhir/ImplementationGuide/brig.idmp.brazil"}]}}],"url":"http://farmaco.maxapex.net/brig/fhir/CodeSystem/anvisa-substance-code","version":"0.0.2","name":"ANVISASubstanceCode","title":"Códigos ANVISA de Substância","status":"draft","experimental":true,"date":"2025-08-02","publisher":"Eugênio Neves","contact":[{"name":"Eugênio Neves","telecom":[{"system":"url","value":"https://farmaco.maxapex.net"},{"system":"email","value":"eugenio@farmaco.io"}]},{"name":"Eugênio Neves","telecom":[{"system":"email","value":"eugenio@farmaco.io"},{"system":"url","value":"https://farmaco.maxapex.net/brig/fhir"}]}],"description":"Sistema de códigos específicos da ANVISA para substâncias","jurisdiction":[{"coding":[{"system":"urn:iso:std:iso:3166","code":"BR"}]}],"copyright":"Copyright © 2025 Farmaco.io. Este trabalho está licenciado sob a MIT License. FHIR® é marca registrada da HL7 International, usada com permissão.","caseSensitive":true,"content":"example","concept":[{"code":"SUB001","display":"Paracetamol","definition":"Paracetamol - código ANVISA"},{"code":"SUB002","display":"Dipirona Sódica","definition":"Dipirona Sódica - código ANVISA"},{"code":"SUB003","display":"Ácido Acetilsalicílico","definition":"Ácido Acetilsalicílico - código ANVISA"},{"code":"SUB004","display":"Ibuprofeno","definition":"Ibuprofeno - código ANVISA"},{"code":"SUB005","display":"Diclofenaco Sódico","definition":"Diclofenaco Sódico - código ANVISA"}]}