{"resourceType":"CodeSystem","id":"substance-name-type-br","text":{"status":"generated","div":"<div xmlns=\"http://www.w3.org/1999/xhtml\"><p class=\"res-header-id\"><b>Narrativa gerada: CodeSystem substance-name-type-br</b></p><a name=\"substance-name-type-br\"> </a><a name=\"hcsubstance-name-type-br\"> </a><p>Este case-sensitive sistema de código <code>http://farmaco.maxapex.net/brig/fhir/CodeSystem/substance-name-type-br</code> define o seguinte códigos:</p><table class=\"codes\"><tr><td style=\"white-space:nowrap\"><b>Código</b></td><td><b>Ecrã</b></td><td><b>Definição</b></td></tr><tr><td style=\"white-space:nowrap\">official<a name=\"substance-name-type-br-official\"> </a></td><td>Nome Oficial</td><td>Nome oficial ou sistemático da substância</td></tr><tr><td style=\"white-space:nowrap\">common<a name=\"substance-name-type-br-common\"> </a></td><td>Nome Comum</td><td>Nome comum ou trivial da substância</td></tr><tr><td style=\"white-space:nowrap\">dcb<a name=\"substance-name-type-br-dcb\"> </a></td><td>DCB</td><td>Denominação Comum Brasileira</td></tr><tr><td style=\"white-space:nowrap\">dci<a name=\"substance-name-type-br-dci\"> </a></td><td>DCI</td><td>Denominação Comum Internacional</td></tr><tr><td style=\"white-space:nowrap\">chemical<a name=\"substance-name-type-br-chemical\"> </a></td><td>Nome Químico</td><td>Nome químico sistemático (IUPAC)</td></tr><tr><td style=\"white-space:nowrap\">trade<a name=\"substance-name-type-br-trade\"> </a></td><td>Nome Comercial</td><td>Nome comercial ou de marca</td></tr><tr><td style=\"white-space:nowrap\">synonym<a name=\"substance-name-type-br-synonym\"> </a></td><td>Sinônimo</td><td>Nome sinônimo ou alternativo</td></tr></table></div>"},"extension":[{"url":"http://hl7.org/fhir/StructureDefinition/structuredefinition-standards-status","valueCode":"informative","_valueCode":{"extension":[{"url":"http://hl7.org/fhir/StructureDefinition/structuredefinition-conformance-derivedFrom","valueCanonical":"http://farmaco.maxapex.net/brig/fhir/ImplementationGuide/brig.idmp.brazil"}]}}],"url":"http://farmaco.maxapex.net/brig/fhir/CodeSystem/substance-name-type-br","version":"0.0.2","name":"SubstanceNameTypeBR","title":"Tipos de Nome de Substância - Brasil","status":"draft","experimental":true,"date":"2025-08-02","publisher":"Eugênio Neves","contact":[{"name":"Eugênio Neves","telecom":[{"system":"url","value":"https://farmaco.maxapex.net"},{"system":"email","value":"eugenio@farmaco.io"}]},{"name":"Eugênio Neves","telecom":[{"system":"email","value":"eugenio@farmaco.io"},{"system":"url","value":"https://farmaco.maxapex.net/brig/fhir"}]}],"description":"Sistema de códigos para tipos de nomes de substâncias","jurisdiction":[{"coding":[{"system":"urn:iso:std:iso:3166","code":"BR"}]}],"copyright":"Copyright © 2025 Farmaco.io. Este trabalho está licenciado sob a MIT License. FHIR® é marca registrada da HL7 International, usada com permissão.","caseSensitive":true,"content":"complete","count":7,"concept":[{"code":"official","display":"Nome Oficial","definition":"Nome oficial ou sistemático da substância","designation":[{"use":{"system":"http://terminology.hl7.org/CodeSystem/designation-usage","code":"display"},"value":"Nome Oficial"}]},{"code":"common","display":"Nome Comum","definition":"Nome comum ou trivial da substância","designation":[{"use":{"system":"http://terminology.hl7.org/CodeSystem/designation-usage","code":"display"},"value":"Nome Comum"}]},{"code":"dcb","display":"DCB","definition":"Denominação Comum Brasileira","designation":[{"use":{"system":"http://terminology.hl7.org/CodeSystem/designation-usage","code":"display"},"value":"DCB"}]},{"code":"dci","display":"DCI","definition":"Denominação Comum Internacional","designation":[{"use":{"system":"http://terminology.hl7.org/CodeSystem/designation-usage","code":"display"},"value":"DCI"}]},{"code":"chemical","display":"Nome Químico","definition":"Nome químico sistemático (IUPAC)","designation":[{"use":{"system":"http://terminology.hl7.org/CodeSystem/designation-usage","code":"display"},"value":"Nome Químico"}]},{"code":"trade","display":"Nome Comercial","definition":"Nome comercial ou de marca","designation":[{"use":{"system":"http://terminology.hl7.org/CodeSystem/designation-usage","code":"display"},"value":"Nome Comercial"}]},{"code":"synonym","display":"Sinônimo","definition":"Nome sinônimo ou alternativo","designation":[{"use":{"system":"http://terminology.hl7.org/CodeSystem/designation-usage","code":"display"},"value":"Sinônimo"}]}]}