{"resourceType":"ValueSet","id":"concentration-unit-br","text":{"status":"generated","div":"<div xmlns=\"http://www.w3.org/1999/xhtml\"><p class=\"res-header-id\"><b>Narrativa gerada: ValueSet concentration-unit-br</b></p><a name=\"concentration-unit-br\"> </a><a name=\"hcconcentration-unit-br\"> </a><p>Este conjunto de valores inclui códigos baseados nas seguintes regras:</p><ul><li>Incluir todos os códigos definidos em <a href=\"http://unitsofmeasure.org\"><code>http://unitsofmeasure.org</code></a></li><li>Incluir todos os códigos definidos em <a href=\"CodeSystem-concentration-unit-br.html\"><code>http://farmaco.maxapex.net/brig/fhir/CodeSystem/concentration-unit-br</code></a></li></ul></div>"},"extension":[{"url":"http://hl7.org/fhir/StructureDefinition/structuredefinition-standards-status","valueCode":"informative","_valueCode":{"extension":[{"url":"http://hl7.org/fhir/StructureDefinition/structuredefinition-conformance-derivedFrom","valueCanonical":"http://farmaco.maxapex.net/brig/fhir/ImplementationGuide/brig.idmp.brazil"}]}}],"url":"http://farmaco.maxapex.net/brig/fhir/ValueSet/concentration-unit-br","version":"0.0.2","name":"ConcentrationUnitBR","title":"Unidades de Concentração - Brasil","status":"draft","experimental":true,"date":"2025-08-02","publisher":"Eugênio Neves","contact":[{"name":"Eugênio Neves","telecom":[{"system":"url","value":"https://farmaco.maxapex.net"},{"system":"email","value":"eugenio@farmaco.io"}]},{"name":"Eugênio Neves","telecom":[{"system":"email","value":"eugenio@farmaco.io"},{"system":"url","value":"https://farmaco.maxapex.net/brig/fhir"}]}],"description":"Unidades utilizadas para expressar concentrações de ingredientes","jurisdiction":[{"coding":[{"system":"urn:iso:std:iso:3166","code":"BR"}]}],"copyright":"Copyright © 2025 Farmaco.io. Este trabalho está licenciado sob a MIT License. FHIR® é marca registrada da HL7 International, usada com permissão.","compose":{"include":[{"system":"http://unitsofmeasure.org"},{"system":"http://farmaco.maxapex.net/brig/fhir/CodeSystem/concentration-unit-br"}]}}