{"resourceType":"ValueSet","id":"substance-classification-gsrs-br","text":{"status":"generated","div":"<div xmlns=\"http://www.w3.org/1999/xhtml\"><p class=\"res-header-id\"><b>Narrativa gerada: ValueSet substance-classification-gsrs-br</b></p><a name=\"substance-classification-gsrs-br\"> </a><a name=\"hcsubstance-classification-gsrs-br\"> </a><p>Este conjunto de valores inclui códigos baseados nas seguintes regras:</p><ul><li>Incluir todos os códigos definidos em <a href=\"CodeSystem-gsrs-substance-classification-br.html\"><code>http://farmaco.maxapex.net/brig/fhir/CodeSystem/gsrs-substance-classification-br</code></a></li><li>Incluir todos os códigos definidos em <a href=\"CodeSystem-substance-classification-br.html\"><code>http://farmaco.maxapex.net/brig/fhir/CodeSystem/substance-classification-br</code></a></li></ul></div>"},"extension":[{"url":"http://hl7.org/fhir/StructureDefinition/structuredefinition-standards-status","valueCode":"informative","_valueCode":{"extension":[{"url":"http://hl7.org/fhir/StructureDefinition/structuredefinition-conformance-derivedFrom","valueCanonical":"http://farmaco.maxapex.net/brig/fhir/ImplementationGuide/brig.idmp.brazil"}]}}],"url":"http://farmaco.maxapex.net/brig/fhir/ValueSet/substance-classification-gsrs-br","version":"0.0.2","name":"SubstanceClassificationGSRSBR","title":"Classificação de Substância GSRS/Brasil","status":"draft","experimental":true,"date":"2025-09-07","publisher":"Eugênio Neves","contact":[{"name":"Eugênio Neves","telecom":[{"system":"url","value":"https://farmaco.maxapex.net"},{"system":"email","value":"eugenio@farmaco.io"}]},{"name":"Eugênio Neves","telecom":[{"system":"email","value":"eugenio@farmaco.io"},{"system":"url","value":"https://farmaco.maxapex.net/brig/fhir"}]}],"description":"Conjunto de valores para classificação de substâncias GSRS e brasileiro","jurisdiction":[{"coding":[{"system":"urn:iso:std:iso:3166","code":"BR"}]}],"copyright":"Copyright © 2025 Farmaco.io. Este trabalho está licenciado sob a MIT License. FHIR® é marca registrada da HL7 International, usada com permissão.","compose":{"include":[{"system":"http://farmaco.maxapex.net/brig/fhir/CodeSystem/gsrs-substance-classification-br"},{"system":"http://farmaco.maxapex.net/brig/fhir/CodeSystem/substance-classification-br"}]}}