{"resourceType":"ValueSet","id":"regulatory-procedure-type-br","text":{"status":"generated","div":"<div xmlns=\"http://www.w3.org/1999/xhtml\"><p class=\"res-header-id\"><b>Narrativa gerada: ValueSet regulatory-procedure-type-br</b></p><a name=\"regulatory-procedure-type-br\"> </a><a name=\"hcregulatory-procedure-type-br\"> </a><ul><li>Include todos os códigos definidos em <a href=\"CodeSystem-regulatory-procedure-type-br.html\"><code>http://farmaco.maxapex.net/brig/fhir/CodeSystem/regulatory-procedure-type-br</code></a></li></ul></div>"},"extension":[{"url":"http://hl7.org/fhir/StructureDefinition/structuredefinition-standards-status","valueCode":"informative","_valueCode":{"extension":[{"url":"http://hl7.org/fhir/StructureDefinition/structuredefinition-conformance-derivedFrom","valueCanonical":"http://farmaco.maxapex.net/brig/fhir/ImplementationGuide/brig.idmp.brazil"}]}}],"url":"http://farmaco.maxapex.net/brig/fhir/ValueSet/regulatory-procedure-type-br","version":"0.0.2","name":"RegulatoryProcedureTypeBR","title":"Tipo de Procedimento Regulatório Brasil","status":"draft","experimental":true,"date":"2025-09-07","publisher":"Eugênio Neves","contact":[{"name":"Eugênio Neves","telecom":[{"system":"url","value":"https://farmaco.maxapex.net"},{"system":"email","value":"eugenio@farmaco.io"}]},{"name":"Eugênio Neves","telecom":[{"system":"email","value":"eugenio@farmaco.io"},{"system":"url","value":"https://farmaco.maxapex.net/brig/fhir"}]}],"description":"Conjunto de valores para tipos de procedimentos regulatórios","jurisdiction":[{"coding":[{"system":"urn:iso:std:iso:3166","code":"BR"}]}],"copyright":"Copyright © 2025 Farmaco.io. Este trabalho está licenciado sob a MIT License. FHIR® é marca registrada da HL7 International, usada com permissão.","compose":{"include":[{"system":"http://farmaco.maxapex.net/brig/fhir/CodeSystem/regulatory-procedure-type-br"}]}}