{"resourceType":"ValueSet","id":"brazilian-government-systems","text":{"status":"generated","div":"<div xmlns=\"http://www.w3.org/1999/xhtml\"><p class=\"res-header-id\"><b>Narrativa gerada: ValueSet brazilian-government-systems</b></p><a name=\"brazilian-government-systems\"> </a><a name=\"hcbrazilian-government-systems\"> </a><ul><li>Include todos os códigos definidos em <a href=\"CodeSystem-brazilian-government-systems.html\"><code>http://farmaco.maxapex.net/brig/fhir/CodeSystem/brazilian-government-systems</code></a></li></ul></div>"},"extension":[{"url":"http://hl7.org/fhir/StructureDefinition/structuredefinition-standards-status","valueCode":"informative","_valueCode":{"extension":[{"url":"http://hl7.org/fhir/StructureDefinition/structuredefinition-conformance-derivedFrom","valueCanonical":"http://farmaco.maxapex.net/brig/fhir/ImplementationGuide/brig.idmp.brazil"}]}}],"url":"http://farmaco.maxapex.net/brig/fhir/ValueSet/brazilian-government-systems","version":"0.0.2","name":"BrazilianGovernmentSystems","title":"Sistemas Oficiais do Governo Brasileiro","status":"draft","experimental":true,"date":"2025-08-02","publisher":"Eugênio Neves","contact":[{"name":"Eugênio Neves","telecom":[{"system":"url","value":"https://farmaco.maxapex.net"},{"system":"email","value":"eugenio@farmaco.io"}]},{"name":"Eugênio Neves","telecom":[{"system":"email","value":"eugenio@farmaco.io"},{"system":"url","value":"https://farmaco.maxapex.net/brig/fhir"}]}],"description":"Sistemas de identificação oficiais do governo brasileiro utilizados no BRIG","jurisdiction":[{"coding":[{"system":"urn:iso:std:iso:3166","code":"BR"}]}],"purpose":"Documentar sistemas oficiais brasileiros utilizados nos profiles BRIG","copyright":"Copyright © 2025 Farmaco.io. Este trabalho está licenciado sob a MIT License. FHIR® é marca registrada da HL7 International, usada com permissão.","compose":{"include":[{"system":"http://farmaco.maxapex.net/brig/fhir/CodeSystem/brazilian-government-systems"}]}}