{"resourceType":"ValueSet","id":"adverse-effect-frequency-br","language":"pt-BR","text":{"status":"generated","div":"<div xmlns=\"http://www.w3.org/1999/xhtml\" xml:lang=\"pt-BR\" lang=\"pt-BR\"><p class=\"res-header-id\"><b>Narrativa gerada: ValueSet adverse-effect-frequency-br</b></p><a name=\"adverse-effect-frequency-br\"> </a><a name=\"hcadverse-effect-frequency-br\"> </a><div style=\"display: inline-block; background-color: #d9e0e7; padding: 6px; margin: 4px; border: 1px solid #8da1b4; border-radius: 5px; line-height: 60%\"><p style=\"margin-bottom: 0px\">Língua: pt-BR</p></div><ul><li>Include estes códigos, tal como definidos em <a href=\"http://www.snomed.org/\"><code>http://snomed.info/sct</code></a><table class=\"none\"><tr><td style=\"white-space:nowrap\"><b>Código</b></td><td><b>Ecrã</b></td></tr><tr><td><a href=\"http://snomed.info/id/255212004\">255212004</a></td><td>Frequent (qualifier value)</td></tr><tr><td><a href=\"http://snomed.info/id/84638005\">84638005</a></td><td>Occasional (qualifier value)</td></tr><tr><td><a href=\"http://snomed.info/id/103356009\">103356009</a></td><td>Rare (qualifier value)</td></tr></table></li></ul></div>"},"extension":[{"url":"http://hl7.org/fhir/StructureDefinition/structuredefinition-standards-status","valueCode":"informative","_valueCode":{"extension":[{"url":"http://hl7.org/fhir/StructureDefinition/structuredefinition-conformance-derivedFrom","valueCanonical":"http://farmaco.maxapex.net/brig/fhir/ImplementationGuide/brig.idmp.brazil"}]}}],"url":"http://farmaco.maxapex.net/brig/fhir/ValueSet/adverse-effect-frequency-br","version":"0.0.2","name":"AdverseEffectFrequencyBRValueSet","title":"Frequência de Efeitos Adversos - Brasil","status":"draft","experimental":true,"date":"2025-09-07","publisher":"Eugênio Neves","contact":[{"name":"Eugênio Neves","telecom":[{"system":"url","value":"https://farmaco.maxapex.net"},{"system":"email","value":"eugenio@farmaco.io"}]},{"name":"Eugênio Neves","telecom":[{"system":"email","value":"eugenio@farmaco.io"},{"system":"url","value":"https://farmaco.maxapex.net/brig/fhir"}]}],"description":"ValueSet de classificação de frequência de efeitos adversos conforme padrão brasileiro.","jurisdiction":[{"coding":[{"system":"urn:iso:std:iso:3166","code":"BR"}]}],"immutable":false,"copyright":"Copyright © 2025 Farmaco.io. Este trabalho está licenciado sob a MIT License. FHIR® é marca registrada da HL7 International, usada com permissão.","compose":{"include":[{"system":"http://snomed.info/sct","concept":[{"code":"255212004","display":"Frequent (qualifier value)"},{"code":"84638005","display":"Occasional (qualifier value)"},{"code":"103356009","display":"Rare (qualifier value)"}]}]}}