{"resourceType":"ValueSet","id":"organization-contact-purpose-br","text":{"status":"generated","div":"<div xmlns=\"http://www.w3.org/1999/xhtml\"><p class=\"res-header-id\"><b>Narrativa gerada: ValueSet organization-contact-purpose-br</b></p><a name=\"organization-contact-purpose-br\"> </a><a name=\"hcorganization-contact-purpose-br\"> </a><ul><li>Include todos os códigos definidos em <a href=\"CodeSystem-organization-contact-purpose-br.html\"><code>http://farmaco.maxapex.net/brig/fhir/CodeSystem/organization-contact-purpose-br</code></a></li></ul></div>"},"extension":[{"url":"http://hl7.org/fhir/StructureDefinition/structuredefinition-standards-status","valueCode":"informative","_valueCode":{"extension":[{"url":"http://hl7.org/fhir/StructureDefinition/structuredefinition-conformance-derivedFrom","valueCanonical":"http://farmaco.maxapex.net/brig/fhir/ImplementationGuide/brig.idmp.brazil"}]}}],"url":"http://farmaco.maxapex.net/brig/fhir/ValueSet/organization-contact-purpose-br","version":"0.0.2","name":"OrganizationContactPurposeBR","title":"Finalidades de Contato Organizacional - Brasil","status":"draft","experimental":true,"date":"2025-08-02","publisher":"Eugênio Neves","contact":[{"name":"Eugênio Neves","telecom":[{"system":"url","value":"https://farmaco.maxapex.net"},{"system":"email","value":"eugenio@farmaco.io"}]},{"name":"Eugênio Neves","telecom":[{"system":"email","value":"eugenio@farmaco.io"},{"system":"url","value":"https://farmaco.maxapex.net/brig/fhir"}]}],"description":"Finalidades específicas de contatos organizacionais no contexto regulatório brasileiro","jurisdiction":[{"coding":[{"system":"urn:iso:std:iso:3166","code":"BR"}]}],"copyright":"Copyright © 2025 Farmaco.io. Este trabalho está licenciado sob a MIT License. FHIR® é marca registrada da HL7 International, usada com permissão.","compose":{"include":[{"system":"http://farmaco.maxapex.net/brig/fhir/CodeSystem/organization-contact-purpose-br"}]}}