{"resourceType":"ValueSet","id":"interaction-substance-br","language":"pt-BR","text":{"status":"generated","div":"<div xmlns=\"http://www.w3.org/1999/xhtml\" xml:lang=\"pt-BR\" lang=\"pt-BR\"><p class=\"res-header-id\"><b>Narrativa gerada: ValueSet interaction-substance-br</b></p><a name=\"interaction-substance-br\"> </a><a name=\"hcinteraction-substance-br\"> </a><div style=\"display: inline-block; background-color: #d9e0e7; padding: 6px; margin: 4px; border: 1px solid #8da1b4; border-radius: 5px; line-height: 60%\"><p style=\"margin-bottom: 0px\">Língua: pt-BR</p></div><ul><li>Include estes códigos, tal como definidos em <a href=\"http://www.snomed.org/\"><code>http://snomed.info/sct</code></a><table class=\"none\"><tr><td style=\"white-space:nowrap\"><b>Código</b></td><td><b>Ecrã</b></td></tr><tr><td><a href=\"http://snomed.info/id/419442005\">419442005</a></td><td>Ethyl alcohol (substance)</td></tr><tr><td><a href=\"http://snomed.info/id/387517004\">387517004</a></td><td>Paracetamol (substance)</td></tr><tr><td><a href=\"http://snomed.info/id/387207008\">387207008</a></td><td>Dipyrone (substance)</td></tr><tr><td><a href=\"http://snomed.info/id/387458008\">387458008</a></td><td>Aspirin (substance)</td></tr><tr><td><a href=\"http://snomed.info/id/387467008\">387467008</a></td><td>Caffeine (substance)</td></tr></table></li></ul></div>"},"extension":[{"url":"http://hl7.org/fhir/StructureDefinition/structuredefinition-standards-status","valueCode":"informative","_valueCode":{"extension":[{"url":"http://hl7.org/fhir/StructureDefinition/structuredefinition-conformance-derivedFrom","valueCanonical":"http://farmaco.maxapex.net/brig/fhir/ImplementationGuide/brig.idmp.brazil"}]}}],"url":"http://farmaco.maxapex.net/brig/fhir/ValueSet/interaction-substance-br","version":"0.0.2","name":"InteractionSubstanceBRValueSet","title":"Substâncias para Interação - Brasil","status":"draft","experimental":true,"date":"2025-09-07","publisher":"Eugênio Neves","contact":[{"name":"Eugênio Neves","telecom":[{"system":"url","value":"https://farmaco.maxapex.net"},{"system":"email","value":"eugenio@farmaco.io"}]},{"name":"Eugênio Neves","telecom":[{"system":"email","value":"eugenio@farmaco.io"},{"system":"url","value":"https://farmaco.maxapex.net/brig/fhir"}]}],"description":"ValueSet de substâncias comuns que causam interações medicamentosas no contexto brasileiro.","jurisdiction":[{"coding":[{"system":"urn:iso:std:iso:3166","code":"BR"}]}],"immutable":false,"copyright":"Copyright © 2025 Farmaco.io. Este trabalho está licenciado sob a MIT License. FHIR® é marca registrada da HL7 International, usada com permissão.","compose":{"include":[{"system":"http://snomed.info/sct","concept":[{"code":"419442005","display":"Ethyl alcohol (substance)"},{"code":"387517004","display":"Paracetamol (substance)"},{"code":"387207008","display":"Dipyrone (substance)"},{"code":"387458008","display":"Aspirin (substance)"},{"code":"387467008","display":"Caffeine (substance)"}]}]}}