{"resourceType":"ValueSet","id":"therapeutic-indication-br","language":"pt-BR","text":{"status":"generated","div":"<div xmlns=\"http://www.w3.org/1999/xhtml\" xml:lang=\"pt-BR\" lang=\"pt-BR\"><p class=\"res-header-id\"><b>Narrativa gerada: ValueSet therapeutic-indication-br</b></p><a name=\"therapeutic-indication-br\"> </a><a name=\"hctherapeutic-indication-br\"> </a><div style=\"display: inline-block; background-color: #d9e0e7; padding: 6px; margin: 4px; border: 1px solid #8da1b4; border-radius: 5px; line-height: 60%\"><p style=\"margin-bottom: 0px\">Língua: pt-BR</p></div><p>Este conjunto de valores inclui códigos baseados nas seguintes regras:</p><ul><li>Incluir estes códigos, tal como definidos em <a href=\"http://terminology.hl7.org/5.0.0/CodeSystem-icd10.html\"><code>http://hl7.org/fhir/sid/icd-10</code></a><table class=\"none\"><tr><td style=\"white-space:nowrap\"><b>Código</b></td><td><b>Ecrã</b></td></tr><tr><td>R50.9</td><td>Febre não especificada</td></tr><tr><td>R52.9</td><td>Dor não especificada</td></tr><tr><td>G43.9</td><td>Enxaqueca não especificada</td></tr><tr><td>M25.50</td><td>Dor articular</td></tr><tr><td>K08.89</td><td>Dor odontológica</td></tr><tr><td>N94.6</td><td>Dismenorreia</td></tr><tr><td>I10</td><td>Hipertensão essencial</td></tr><tr><td>E78.5</td><td>Hiperlipidemia</td></tr><tr><td>E11.9</td><td>Diabetes mellitus tipo 2</td></tr><tr><td>J06.9</td><td>Infecção aguda das vias aéreas superiores</td></tr></table></li><li>Incluir estes códigos, tal como definidos em <a href=\"http://www.snomed.org/\"><code>http://snomed.info/sct</code></a><table class=\"none\"><tr><td style=\"white-space:nowrap\"><b>Código</b></td><td><b>Ecrã</b></td></tr><tr><td><a href=\"http://snomed.info/id/386661006\">386661006</a></td><td>Fever (finding)</td></tr><tr><td><a href=\"http://snomed.info/id/22253000\">22253000</a></td><td>Pain (finding)</td></tr><tr><td><a href=\"http://snomed.info/id/37796009\">37796009</a></td><td>Migraine (disorder)</td></tr><tr><td><a href=\"http://snomed.info/id/57676002\">57676002</a></td><td>Arthralgia (finding)</td></tr><tr><td><a href=\"http://snomed.info/id/27355003\">27355003</a></td><td>Toothache (finding)</td></tr></table></li></ul></div>"},"extension":[{"url":"http://hl7.org/fhir/StructureDefinition/structuredefinition-standards-status","valueCode":"informative","_valueCode":{"extension":[{"url":"http://hl7.org/fhir/StructureDefinition/structuredefinition-conformance-derivedFrom","valueCanonical":"http://farmaco.maxapex.net/brig/fhir/ImplementationGuide/brig.idmp.brazil"}]}}],"url":"http://farmaco.maxapex.net/brig/fhir/ValueSet/therapeutic-indication-br","version":"0.0.2","name":"TherapeuticIndicationBRValueSet","title":"Indicações Terapêuticas - Brasil","status":"draft","experimental":true,"date":"2025-09-07","publisher":"Eugênio Neves","contact":[{"name":"Eugênio Neves","telecom":[{"system":"url","value":"https://farmaco.maxapex.net"},{"system":"email","value":"eugenio@farmaco.io"}]},{"name":"Eugênio Neves","telecom":[{"system":"email","value":"eugenio@farmaco.io"},{"system":"url","value":"https://farmaco.maxapex.net/brig/fhir"}]}],"description":"ValueSet de indicações terapêuticas baseado em CID-10 e SNOMED-CT para o contexto brasileiro.","jurisdiction":[{"coding":[{"system":"urn:iso:std:iso:3166","code":"BR"}]}],"immutable":false,"copyright":"Copyright © 2025 Farmaco.io. Este trabalho está licenciado sob a MIT License. FHIR® é marca registrada da HL7 International, usada com permissão.","compose":{"include":[{"system":"http://hl7.org/fhir/sid/icd-10","concept":[{"code":"R50.9","display":"Febre não especificada"},{"code":"R52.9","display":"Dor não especificada"},{"code":"G43.9","display":"Enxaqueca não especificada"},{"code":"M25.50","display":"Dor articular"},{"code":"K08.89","display":"Dor odontológica"},{"code":"N94.6","display":"Dismenorreia"},{"code":"I10","display":"Hipertensão essencial"},{"code":"E78.5","display":"Hiperlipidemia"},{"code":"E11.9","display":"Diabetes mellitus tipo 2"},{"code":"J06.9","display":"Infecção aguda das vias aéreas superiores"}]},{"system":"http://snomed.info/sct","concept":[{"code":"386661006","display":"Fever (finding)"},{"code":"22253000","display":"Pain (finding)"},{"code":"37796009","display":"Migraine (disorder)"},{"code":"57676002","display":"Arthralgia (finding)"},{"code":"27355003","display":"Toothache (finding)"}]}]}}