{"resourceType":"ValueSet","id":"clinical-use-status-br","language":"pt-BR","text":{"status":"extensions","div":"<div xmlns=\"http://www.w3.org/1999/xhtml\" xml:lang=\"pt-BR\" lang=\"pt-BR\"><p class=\"res-header-id\"><b>Narrativa gerada: ValueSet clinical-use-status-br</b></p><a name=\"clinical-use-status-br\"> </a><a name=\"hcclinical-use-status-br\"> </a><div style=\"display: inline-block; background-color: #d9e0e7; padding: 6px; margin: 4px; border: 1px solid #8da1b4; border-radius: 5px; line-height: 60%\"><p style=\"margin-bottom: 0px\">Língua: pt-BR</p></div><ul><li>Include estes códigos, tal como definidos em <a href=\"CodeSystem-clinical-use-status-br.html\"><code>http://farmaco.maxapex.net/brig/fhir/CodeSystem/clinical-use-status-br</code></a><table class=\"none\"><tr><td style=\"white-space:nowrap\"><b>Código</b></td><td><b>Ecrã</b></td><td><b>Definição</b></td></tr><tr><td><a href=\"CodeSystem-clinical-use-status-br.html#clinical-use-status-br-active\">active</a></td><td>Ativo</td><td>Definição de uso clínico ativa e aplicável</td></tr><tr><td><a href=\"CodeSystem-clinical-use-status-br.html#clinical-use-status-br-suspended\">suspended</a></td><td>Suspenso</td><td>Definição temporariamente suspensa por decisão regulatória ou técnica</td></tr><tr><td><a href=\"CodeSystem-clinical-use-status-br.html#clinical-use-status-br-deprecated\">deprecated</a></td><td>Depreciado</td><td>Definição depreciada mantida por compatibilidade histórica</td></tr><tr><td><a href=\"CodeSystem-clinical-use-status-br.html#clinical-use-status-br-under-review\">under-review</a></td><td>Em revisão</td><td>Definição sob revisão técnica ou regulatória</td></tr><tr><td><a href=\"CodeSystem-clinical-use-status-br.html#clinical-use-status-br-pending-approval\">pending-approval</a></td><td>Pendente aprovação</td><td>Definição pendente de aprovação regulatória</td></tr><tr><td><a href=\"CodeSystem-clinical-use-status-br.html#clinical-use-status-br-rejected\">rejected</a></td><td>Rejeitado</td><td>Definição rejeitada por não conformidade técnica ou regulatória</td></tr></table></li></ul></div>"},"extension":[{"url":"http://hl7.org/fhir/StructureDefinition/structuredefinition-standards-status","valueCode":"informative","_valueCode":{"extension":[{"url":"http://hl7.org/fhir/StructureDefinition/structuredefinition-conformance-derivedFrom","valueCanonical":"http://farmaco.maxapex.net/brig/fhir/ImplementationGuide/brig.idmp.brazil"}]}}],"url":"http://farmaco.maxapex.net/brig/fhir/ValueSet/clinical-use-status-br","version":"0.0.2","name":"ClinicalUseStatusBRValueSet","title":"Status de Uso Clínico - Brasil","status":"draft","experimental":true,"date":"2025-09-07","publisher":"Eugênio Neves","contact":[{"name":"Eugênio Neves","telecom":[{"system":"url","value":"https://farmaco.maxapex.net"},{"system":"email","value":"eugenio@farmaco.io"}]},{"name":"Eugênio Neves","telecom":[{"system":"email","value":"eugenio@farmaco.io"},{"system":"url","value":"https://farmaco.maxapex.net/brig/fhir"}]}],"description":"ValueSet dos status das definições de uso clínico para o contexto brasileiro.","jurisdiction":[{"coding":[{"system":"urn:iso:std:iso:3166","code":"BR"}]}],"immutable":false,"copyright":"Copyright © 2025 Farmaco.io. Este trabalho está licenciado sob a MIT License. FHIR® é marca registrada da HL7 International, usada com permissão.","compose":{"include":[{"system":"http://farmaco.maxapex.net/brig/fhir/CodeSystem/clinical-use-status-br","concept":[{"code":"active","display":"Ativo"},{"code":"suspended","display":"Suspenso"},{"code":"deprecated","display":"Depreciado"},{"code":"under-review","display":"Em revisão"},{"code":"pending-approval","display":"Pendente aprovação"},{"code":"rejected","display":"Rejeitado"}]}]}}