{
  "resourceType" : "ClinicalUseDefinition",
  "id" : "dipirona-clinical-indication-example",
  "meta" : {
    "profile" : ["http://farmaco.maxapex.net/brig/fhir/StructureDefinition/ClinicalUseDefinition-br"]
  },
  "text" : {
    "status" : "generated",
    "div" : "<div xmlns=\"http://www.w3.org/1999/xhtml\"><p class=\"res-header-id\"><b>Narrativa gerada: ClinicalUseDefinition dipirona-clinical-indication-example</b></p><a name=\"dipirona-clinical-indication-example\"> </a><a name=\"hcdipirona-clinical-indication-example\"> </a><div style=\"display: inline-block; background-color: #d9e0e7; padding: 6px; margin: 4px; border: 1px solid #8da1b4; border-radius: 5px; line-height: 60%\"><p style=\"margin-bottom: 0px\"/><p style=\"margin-bottom: 0px\">Perfil: <a href=\"StructureDefinition-ClinicalUseDefinition-br.html\">Definição de Uso Clínico - Brasil</a></p></div><p><b>identifier</b>: <code>http://farmaco.maxapex.net/brig/fhir/CodeSystem/clinical-use-id-br</code>/BRIG-CU-DIP-001</p><p><b>type</b>: Indication</p><p><b>category</b>: <span title=\"Códigos:{http://farmaco.maxapex.net/brig/fhir/CodeSystem/clinical-use-category-br cbaf}\">Componente Básico da Assistência Farmacêutica</span>, <span title=\"Códigos:{http://farmaco.maxapex.net/brig/fhir/CodeSystem/clinical-use-category-br otc}\">Medicamento isento de prescrição</span></p><p><b>subject</b>: <a href=\"MedicinalProductDefinition-dipirona-500mg-example.html\">MedicinalProductDefinition: identifier = http://farmaco.maxapex.net/brig/fhir/CodeSystem/mpid-br#BRIG-MPID-DIP-500,http://anvisa.gov.br/medicamentos/registro#100000000001; type = Medicamento; domain = Human use; status = Active; combinedPharmaceuticalDoseForm = Tablet; route = Oral; legalStatusOfSupply = Prescrição Médica; classification = metamizole sodium</a></p><p><b>status</b>: <span title=\"Códigos:{http://farmaco.maxapex.net/brig/fhir/CodeSystem/clinical-use-status-br active}\">Ativo</span></p><blockquote><p><b>indication</b></p><h3>DiseaseSymptomProcedures</h3><table class=\"grid\"><tr><td style=\"display: none\">-</td><td><b>Concept</b></td></tr><tr><td style=\"display: none\">*</td><td><span title=\"Códigos:{http://hl7.org/fhir/sid/icd-10 R52.9}\">Dor não especificada</span></td></tr></table><h3>DiseaseStatuses</h3><table class=\"grid\"><tr><td style=\"display: none\">-</td><td><b>Concept</b></td></tr><tr><td style=\"display: none\">*</td><td><span title=\"Códigos:{http://snomed.info/sct 255212004}\">Dor aguda a moderada</span></td></tr></table><h3>Comorbidities</h3><table class=\"grid\"><tr><td style=\"display: none\">-</td><td><b>Concept</b></td></tr><tr><td style=\"display: none\">*</td><td><span title=\"Códigos:{http://hl7.org/fhir/sid/icd-10 R50.9}\">Febre não especificada</span></td></tr></table><h3>IntendedEffects</h3><table class=\"grid\"><tr><td style=\"display: none\">-</td><td><b>Concept</b></td></tr><tr><td style=\"display: none\">*</td><td><span title=\"Códigos:{http://snomed.info/sct 182856006}\">Analgesia (procedure)</span></td></tr></table><p><b>duration</b>: 5 dias</p></blockquote></div>"
  },
  "identifier" : [{
    "system" : "http://farmaco.maxapex.net/brig/fhir/CodeSystem/clinical-use-id-br",
    "value" : "BRIG-CU-DIP-001"
  }],
  "type" : "indication",
  "category" : [{
    "coding" : [{
      "system" : "http://farmaco.maxapex.net/brig/fhir/CodeSystem/clinical-use-category-br",
      "code" : "cbaf"
    }]
  },
  {
    "coding" : [{
      "system" : "http://farmaco.maxapex.net/brig/fhir/CodeSystem/clinical-use-category-br",
      "code" : "otc"
    }]
  }],
  "subject" : [{
    "reference" : "MedicinalProductDefinition/dipirona-500mg-example"
  }],
  "status" : {
    "coding" : [{
      "system" : "http://farmaco.maxapex.net/brig/fhir/CodeSystem/clinical-use-status-br",
      "code" : "active"
    }]
  },
  "indication" : {
    "diseaseSymptomProcedure" : {
      "concept" : {
        "coding" : [{
          "system" : "http://hl7.org/fhir/sid/icd-10",
          "code" : "R52.9",
          "display" : "Dor não especificada"
        }]
      }
    },
    "diseaseStatus" : {
      "concept" : {
        "coding" : [{
          "system" : "http://snomed.info/sct",
          "code" : "255212004",
          "display" : "Acute (qualifier value)"
        }],
        "text" : "Dor aguda a moderada"
      }
    },
    "comorbidity" : [{
      "concept" : {
        "coding" : [{
          "system" : "http://hl7.org/fhir/sid/icd-10",
          "code" : "R50.9",
          "display" : "Febre não especificada"
        }]
      }
    }],
    "intendedEffect" : {
      "concept" : {
        "coding" : [{
          "system" : "http://snomed.info/sct",
          "code" : "182856006",
          "display" : "Analgesia (procedure)"
        }]
      }
    },
    "durationString" : "5 dias"
  }
}