<?xml version="1.0" encoding="UTF-8"?><CodeSystem xmlns="http://hl7.org/fhir"><id value="interaction-type"/><text><status value="generated"/><div xmlns="http://www.w3.org/1999/xhtml"><p class="res-header-id"><b>Narrativa gerada: CodeSystem interaction-type</b></p><a name="interaction-type"> </a><a name="hcinteraction-type"> </a><p>Este  sistema de código  define o seguinte código:</p><table class="codes"><tr><td style="white-space:nowrap"><b>Código</b></td><td><b>Ecrã</b></td><td><b>Definição</b></td></tr><tr><td style="white-space:nowrap">drug-drug<a name="interaction-type-drug-drug"> </a></td><td>Medicamento-Medicamento</td><td>Interação entre medicamentos</td></tr><tr><td style="white-space:nowrap">drug-food<a name="interaction-type-drug-food"> </a></td><td>Medicamento-Alimento</td><td>Interação com alimentos</td></tr><tr><td style="white-space:nowrap">drug-herb<a name="interaction-type-drug-herb"> </a></td><td>Medicamento-Fitoterápico</td><td>Interação com produtos fitoterápicos</td></tr><tr><td style="white-space:nowrap">drug-lab<a name="interaction-type-drug-lab"> </a></td><td>Medicamento-Exame Laboratorial</td><td>Interferência em exames laboratoriais</td></tr><tr><td style="white-space:nowrap">drug-disease<a name="interaction-type-drug-disease"> </a></td><td>Medicamento-Doença</td><td>Interação com condições médicas</td></tr><tr><td style="white-space:nowrap">pharmacokinetic<a name="interaction-type-pharmacokinetic"> </a></td><td>Farmacocinética</td><td>Interação farmacocinética (absorção, distribuição, metabolismo, excreção)</td></tr><tr><td style="white-space:nowrap">pharmacodynamic<a name="interaction-type-pharmacodynamic"> </a></td><td>Farmacodinâmica</td><td>Interação farmacodinâmica (efeitos sinérgicos ou antagônicos)</td></tr></table></div></text><extension url="http://hl7.org/fhir/StructureDefinition/structuredefinition-fmm"><valueInteger value="0"><extension url="http://hl7.org/fhir/StructureDefinition/structuredefinition-conformance-derivedFrom"><valueCanonical value="https://idmp-br.github.io/brig-idmp-brasil/ImplementationGuide/brig.idmp.brazil"/></extension></valueInteger></extension><extension url="http://hl7.org/fhir/StructureDefinition/structuredefinition-standards-status"><valueCode value="draft"><extension url="http://hl7.org/fhir/StructureDefinition/structuredefinition-conformance-derivedFrom"><valueCanonical value="https://idmp-br.github.io/brig-idmp-brasil/ImplementationGuide/brig.idmp.brazil"/></extension></valueCode></extension><url value="https://idmp-br.github.io/brig-idmp-brasil/CodeSystem/interaction-type"/><version value="0.0.3"/><name value="InteractionType"/><title value="Tipo de Interação"/><status value="active"/><experimental value="false"/><date value="2025-10-31"/><publisher value="IDMP Brasil"/><contact><name value="IDMP Brasil"/><telecom><system value="url"/><value value="https://idmp-br.github.io"/></telecom><telecom><system value="email"/><value value="eugenio@farmaco.io"/></telecom></contact><contact><name value="IDMP Brasil"/><telecom><system value="email"/><value value="eugenio@farmaco.io"/></telecom><telecom><system value="url"/><value value="https://idmp-br.github.io/brig-idmp-brasil"/></telecom></contact><description value="Tipos de interação medicamentosa e com alimentos"/><jurisdiction><coding><system value="urn:iso:std:iso:3166"/><code value="BR"/></coding></jurisdiction><copyright value="Copyright © 2025 Farmaco.io. Este trabalho está licenciado sob a MIT License. FHIR® é marca registrada da HL7 International, usada com permissão."/><caseSensitive value="true"/><content value="complete"/><count value="7"/><concept><code value="drug-drug"/><display value="Medicamento-Medicamento"/><definition value="Interação entre medicamentos"/><designation><use><system value="http://terminology.hl7.org/CodeSystem/hl7TermMaintInfra"/><code value="preferredForLanguage"/></use><value value="Medicamento-Medicamento"/></designation></concept><concept><code value="drug-food"/><display value="Medicamento-Alimento"/><definition value="Interação com alimentos"/><designation><use><system value="http://terminology.hl7.org/CodeSystem/hl7TermMaintInfra"/><code value="preferredForLanguage"/></use><value value="Medicamento-Alimento"/></designation></concept><concept><code value="drug-herb"/><display value="Medicamento-Fitoterápico"/><definition value="Interação com produtos fitoterápicos"/><designation><use><system value="http://terminology.hl7.org/CodeSystem/hl7TermMaintInfra"/><code value="preferredForLanguage"/></use><value value="Medicamento-Fitoterápico"/></designation></concept><concept><code value="drug-lab"/><display value="Medicamento-Exame Laboratorial"/><definition value="Interferência em exames laboratoriais"/><designation><use><system value="http://terminology.hl7.org/CodeSystem/hl7TermMaintInfra"/><code value="preferredForLanguage"/></use><value value="Medicamento-Exame Laboratorial"/></designation></concept><concept><code value="drug-disease"/><display value="Medicamento-Doença"/><definition value="Interação com condições médicas"/><designation><use><system value="http://terminology.hl7.org/CodeSystem/hl7TermMaintInfra"/><code value="preferredForLanguage"/></use><value value="Medicamento-Doença"/></designation></concept><concept><code value="pharmacokinetic"/><display value="Farmacocinética"/><definition value="Interação farmacocinética (absorção, distribuição, metabolismo, excreção)"/><designation><use><system value="http://terminology.hl7.org/CodeSystem/hl7TermMaintInfra"/><code value="preferredForLanguage"/></use><value value="Farmacocinética"/></designation></concept><concept><code value="pharmacodynamic"/><display value="Farmacodinâmica"/><definition value="Interação farmacodinâmica (efeitos sinérgicos ou antagônicos)"/><designation><use><system value="http://terminology.hl7.org/CodeSystem/hl7TermMaintInfra"/><code value="preferredForLanguage"/></use><value value="Farmacodinâmica"/></designation></concept></CodeSystem>