<?xml version="1.0" encoding="UTF-8"?><CodeSystem xmlns="http://hl7.org/fhir"><id value="organism-part"/><text><status value="generated"/><div xmlns="http://www.w3.org/1999/xhtml"><p class="res-header-id"><b>Narrativa gerada: CodeSystem organism-part</b></p><a name="organism-part"> </a><a name="hcorganism-part"> </a><p>Este  sistema de código  define o seguinte código:</p><table class="codes"><tr><td style="white-space:nowrap"><b>Código</b></td><td><b>Ecrã</b></td><td><b>Definição</b></td></tr><tr><td style="white-space:nowrap">root<a name="organism-part-root"> </a></td><td>Raiz</td><td>Raiz da planta</td></tr><tr><td style="white-space:nowrap">stem<a name="organism-part-stem"> </a></td><td>Caule</td><td>Caule da planta</td></tr><tr><td style="white-space:nowrap">leaf<a name="organism-part-leaf"> </a></td><td>Folha</td><td>Folha da planta</td></tr><tr><td style="white-space:nowrap">flower<a name="organism-part-flower"> </a></td><td>Flor</td><td>Flor da planta</td></tr><tr><td style="white-space:nowrap">fruit<a name="organism-part-fruit"> </a></td><td>Fruto</td><td>Fruto da planta</td></tr><tr><td style="white-space:nowrap">seed<a name="organism-part-seed"> </a></td><td>Semente</td><td>Semente da planta</td></tr><tr><td style="white-space:nowrap">bark<a name="organism-part-bark"> </a></td><td>Casca</td><td>Casca da planta</td></tr><tr><td style="white-space:nowrap">resin<a name="organism-part-resin"> </a></td><td>Resina</td><td>Resina ou exsudato</td></tr><tr><td style="white-space:nowrap">whole-organism<a name="organism-part-whole-organism"> </a></td><td>Organismo Inteiro</td><td>Organismo completo</td></tr><tr><td style="white-space:nowrap">blood<a name="organism-part-blood"> </a></td><td>Sangue</td><td>Sangue ou plasma</td></tr><tr><td style="white-space:nowrap">tissue<a name="organism-part-tissue"> </a></td><td>Tecido</td><td>Tecido específico</td></tr><tr><td style="white-space:nowrap">organ<a name="organism-part-organ"> </a></td><td>Órgão</td><td>Órgão específico</td></tr><tr><td style="white-space:nowrap">gland<a name="organism-part-gland"> </a></td><td>Glândula</td><td>Secreção glandular</td></tr><tr><td style="white-space:nowrap">whole-cell<a name="organism-part-whole-cell"> </a></td><td>Célula Inteira</td><td>Célula microbiana inteira</td></tr><tr><td style="white-space:nowrap">cell-wall<a name="organism-part-cell-wall"> </a></td><td>Parede Celular</td><td>Parede celular</td></tr><tr><td style="white-space:nowrap">cell-culture<a name="organism-part-cell-culture"> </a></td><td>Cultura Celular</td><td>Produto de cultura celular</td></tr><tr><td style="white-space:nowrap">fermentation-broth<a name="organism-part-fermentation-broth"> </a></td><td>Caldo de Fermentação</td><td>Caldo de fermentação microbiana</td></tr></table></div></text><extension url="http://hl7.org/fhir/StructureDefinition/structuredefinition-fmm"><valueInteger value="0"><extension url="http://hl7.org/fhir/StructureDefinition/structuredefinition-conformance-derivedFrom"><valueCanonical value="https://idmp-br.github.io/brig-idmp-brasil/ImplementationGuide/brig.idmp.brazil"/></extension></valueInteger></extension><extension url="http://hl7.org/fhir/StructureDefinition/structuredefinition-standards-status"><valueCode value="draft"><extension url="http://hl7.org/fhir/StructureDefinition/structuredefinition-conformance-derivedFrom"><valueCanonical value="https://idmp-br.github.io/brig-idmp-brasil/ImplementationGuide/brig.idmp.brazil"/></extension></valueCode></extension><url value="https://idmp-br.github.io/brig-idmp-brasil/CodeSystem/organism-part"/><version value="0.0.3"/><name value="OrganismPart"/><title value="Parte do Organismo"/><status value="active"/><date value="2025-10-30"/><publisher value="IDMP Brasil"/><contact><name value="IDMP Brasil"/><telecom><system value="url"/><value value="https://idmp-br.github.io"/></telecom><telecom><system value="email"/><value value="eugenio@farmaco.io"/></telecom></contact><contact><name value="IDMP Brasil"/><telecom><system value="email"/><value value="eugenio@farmaco.io"/></telecom><telecom><system value="url"/><value value="https://idmp-br.github.io/brig-idmp-brasil"/></telecom></contact><description value="Partes de organismos usadas como fonte de substâncias"/><jurisdiction><coding><system value="urn:iso:std:iso:3166"/><code value="BR"/></coding></jurisdiction><copyright value="Copyright © 2025 Farmaco.io. Este trabalho está licenciado sob a MIT License. FHIR® é marca registrada da HL7 International, usada com permissão."/><caseSensitive value="true"/><content value="complete"/><count value="17"/><concept><code value="root"/><display value="Raiz"/><definition value="Raiz da planta"/><designation><use><system value="http://terminology.hl7.org/CodeSystem/hl7TermMaintInfra"/><code value="preferredForLanguage"/></use><value value="Raiz"/></designation></concept><concept><code value="stem"/><display value="Caule"/><definition value="Caule da planta"/><designation><use><system value="http://terminology.hl7.org/CodeSystem/hl7TermMaintInfra"/><code value="preferredForLanguage"/></use><value value="Caule"/></designation></concept><concept><code value="leaf"/><display value="Folha"/><definition value="Folha da planta"/><designation><use><system value="http://terminology.hl7.org/CodeSystem/hl7TermMaintInfra"/><code value="preferredForLanguage"/></use><value value="Folha"/></designation></concept><concept><code value="flower"/><display value="Flor"/><definition value="Flor da planta"/><designation><use><system value="http://terminology.hl7.org/CodeSystem/hl7TermMaintInfra"/><code value="preferredForLanguage"/></use><value value="Flor"/></designation></concept><concept><code value="fruit"/><display value="Fruto"/><definition value="Fruto da planta"/><designation><use><system value="http://terminology.hl7.org/CodeSystem/hl7TermMaintInfra"/><code value="preferredForLanguage"/></use><value value="Fruto"/></designation></concept><concept><code value="seed"/><display value="Semente"/><definition value="Semente da planta"/><designation><use><system value="http://terminology.hl7.org/CodeSystem/hl7TermMaintInfra"/><code value="preferredForLanguage"/></use><value value="Semente"/></designation></concept><concept><code value="bark"/><display value="Casca"/><definition value="Casca da planta"/><designation><use><system value="http://terminology.hl7.org/CodeSystem/hl7TermMaintInfra"/><code value="preferredForLanguage"/></use><value value="Casca"/></designation></concept><concept><code value="resin"/><display value="Resina"/><definition value="Resina ou exsudato"/><designation><use><system value="http://terminology.hl7.org/CodeSystem/hl7TermMaintInfra"/><code value="preferredForLanguage"/></use><value value="Resina"/></designation></concept><concept><code value="whole-organism"/><display value="Organismo Inteiro"/><definition value="Organismo completo"/><designation><use><system value="http://terminology.hl7.org/CodeSystem/hl7TermMaintInfra"/><code value="preferredForLanguage"/></use><value value="Organismo Inteiro"/></designation></concept><concept><code value="blood"/><display value="Sangue"/><definition value="Sangue ou plasma"/><designation><use><system value="http://terminology.hl7.org/CodeSystem/hl7TermMaintInfra"/><code value="preferredForLanguage"/></use><value value="Sangue"/></designation></concept><concept><code value="tissue"/><display value="Tecido"/><definition value="Tecido específico"/><designation><use><system value="http://terminology.hl7.org/CodeSystem/hl7TermMaintInfra"/><code value="preferredForLanguage"/></use><value value="Tecido"/></designation></concept><concept><code value="organ"/><display value="Órgão"/><definition value="Órgão específico"/><designation><use><system value="http://terminology.hl7.org/CodeSystem/hl7TermMaintInfra"/><code value="preferredForLanguage"/></use><value value="Órgão"/></designation></concept><concept><code value="gland"/><display value="Glândula"/><definition value="Secreção glandular"/><designation><use><system value="http://terminology.hl7.org/CodeSystem/hl7TermMaintInfra"/><code value="preferredForLanguage"/></use><value value="Glândula"/></designation></concept><concept><code value="whole-cell"/><display value="Célula Inteira"/><definition value="Célula microbiana inteira"/><designation><use><system value="http://terminology.hl7.org/CodeSystem/hl7TermMaintInfra"/><code value="preferredForLanguage"/></use><value value="Célula Inteira"/></designation></concept><concept><code value="cell-wall"/><display value="Parede Celular"/><definition value="Parede celular"/><designation><use><system value="http://terminology.hl7.org/CodeSystem/hl7TermMaintInfra"/><code value="preferredForLanguage"/></use><value value="Parede Celular"/></designation></concept><concept><code value="cell-culture"/><display value="Cultura Celular"/><definition value="Produto de cultura celular"/><designation><use><system value="http://terminology.hl7.org/CodeSystem/hl7TermMaintInfra"/><code value="preferredForLanguage"/></use><value value="Cultura Celular"/></designation></concept><concept><code value="fermentation-broth"/><display value="Caldo de Fermentação"/><definition value="Caldo de fermentação microbiana"/><designation><use><system value="http://terminology.hl7.org/CodeSystem/hl7TermMaintInfra"/><code value="preferredForLanguage"/></use><value value="Caldo de Fermentação"/></designation></concept></CodeSystem>