<?xml version="1.0" encoding="UTF-8"?><CodeSystem xmlns="http://hl7.org/fhir"><id value="substance-amount-type"/><text><status value="generated"/><div xmlns="http://www.w3.org/1999/xhtml"><p class="res-header-id"><b>Narrativa gerada: CodeSystem substance-amount-type</b></p><a name="substance-amount-type"> </a><a name="hcsubstance-amount-type"> </a><p>Este  sistema de código  define o seguinte código:</p><table class="codes"><tr><td style="white-space:nowrap"><b>Código</b></td><td><b>Ecrã</b></td><td><b>Definição</b></td></tr><tr><td style="white-space:nowrap">mass<a name="substance-amount-type-mass"> </a></td><td>Massa</td><td>Quantidade expressa em unidade de massa</td></tr><tr><td style="white-space:nowrap">molar<a name="substance-amount-type-molar"> </a></td><td>Molar</td><td>Quantidade expressa em mols</td></tr><tr><td style="white-space:nowrap">volume<a name="substance-amount-type-volume"> </a></td><td>Volume</td><td>Quantidade expressa em unidade de volume</td></tr><tr><td style="white-space:nowrap">concentration-mass<a name="substance-amount-type-concentration-mass"> </a></td><td>Concentração em Massa</td><td>Massa por unidade de volume</td></tr><tr><td style="white-space:nowrap">concentration-molar<a name="substance-amount-type-concentration-molar"> </a></td><td>Concentração Molar</td><td>Mols por unidade de volume</td></tr><tr><td style="white-space:nowrap">percentage-mass<a name="substance-amount-type-percentage-mass"> </a></td><td>Percentual em Massa</td><td>Percentual massa/massa</td></tr><tr><td style="white-space:nowrap">percentage-volume<a name="substance-amount-type-percentage-volume"> </a></td><td>Percentual em Volume</td><td>Percentual volume/volume</td></tr><tr><td style="white-space:nowrap">percentage-mass-volume<a name="substance-amount-type-percentage-mass-volume"> </a></td><td>Percentual Massa/Volume</td><td>Percentual massa/volume</td></tr><tr><td style="white-space:nowrap">ratio<a name="substance-amount-type-ratio"> </a></td><td>Razão</td><td>Razão entre componentes</td></tr><tr><td style="white-space:nowrap">activity<a name="substance-amount-type-activity"> </a></td><td>Atividade</td><td>Unidades internacionais de atividade biológica</td></tr></table></div></text><extension url="http://hl7.org/fhir/StructureDefinition/structuredefinition-fmm"><valueInteger value="0"><extension url="http://hl7.org/fhir/StructureDefinition/structuredefinition-conformance-derivedFrom"><valueCanonical value="https://idmp-br.github.io/brig-idmp-brasil/ImplementationGuide/brig.idmp.brazil"/></extension></valueInteger></extension><extension url="http://hl7.org/fhir/StructureDefinition/structuredefinition-standards-status"><valueCode value="draft"><extension url="http://hl7.org/fhir/StructureDefinition/structuredefinition-conformance-derivedFrom"><valueCanonical value="https://idmp-br.github.io/brig-idmp-brasil/ImplementationGuide/brig.idmp.brazil"/></extension></valueCode></extension><url value="https://idmp-br.github.io/brig-idmp-brasil/CodeSystem/substance-amount-type"/><version value="0.0.3"/><name value="SubstanceAmountType"/><title value="Tipo de Medida de Quantidade de Substância"/><status value="active"/><date value="2025-10-30"/><publisher value="IDMP Brasil"/><contact><name value="IDMP Brasil"/><telecom><system value="url"/><value value="https://idmp-br.github.io"/></telecom><telecom><system value="email"/><value value="eugenio@farmaco.io"/></telecom></contact><contact><name value="IDMP Brasil"/><telecom><system value="email"/><value value="eugenio@farmaco.io"/></telecom><telecom><system value="url"/><value value="https://idmp-br.github.io/brig-idmp-brasil"/></telecom></contact><description value="Tipos de medidas para quantificar substâncias"/><jurisdiction><coding><system value="urn:iso:std:iso:3166"/><code value="BR"/></coding></jurisdiction><copyright value="Copyright © 2025 Farmaco.io. Este trabalho está licenciado sob a MIT License. FHIR® é marca registrada da HL7 International, usada com permissão."/><caseSensitive value="true"/><content value="complete"/><count value="10"/><concept><code value="mass"/><display value="Massa"/><definition value="Quantidade expressa em unidade de massa"/><designation><use><system value="http://terminology.hl7.org/CodeSystem/hl7TermMaintInfra"/><code value="preferredForLanguage"/></use><value value="Massa"/></designation></concept><concept><code value="molar"/><display value="Molar"/><definition value="Quantidade expressa em mols"/><designation><use><system value="http://terminology.hl7.org/CodeSystem/hl7TermMaintInfra"/><code value="preferredForLanguage"/></use><value value="Molar"/></designation></concept><concept><code value="volume"/><display value="Volume"/><definition value="Quantidade expressa em unidade de volume"/><designation><use><system value="http://terminology.hl7.org/CodeSystem/hl7TermMaintInfra"/><code value="preferredForLanguage"/></use><value value="Volume"/></designation></concept><concept><code value="concentration-mass"/><display value="Concentração em Massa"/><definition value="Massa por unidade de volume"/><designation><use><system value="http://terminology.hl7.org/CodeSystem/hl7TermMaintInfra"/><code value="preferredForLanguage"/></use><value value="Concentração em Massa"/></designation></concept><concept><code value="concentration-molar"/><display value="Concentração Molar"/><definition value="Mols por unidade de volume"/><designation><use><system value="http://terminology.hl7.org/CodeSystem/hl7TermMaintInfra"/><code value="preferredForLanguage"/></use><value value="Concentração Molar"/></designation></concept><concept><code value="percentage-mass"/><display value="Percentual em Massa"/><definition value="Percentual massa/massa"/><designation><use><system value="http://terminology.hl7.org/CodeSystem/hl7TermMaintInfra"/><code value="preferredForLanguage"/></use><value value="Percentual em Massa"/></designation></concept><concept><code value="percentage-volume"/><display value="Percentual em Volume"/><definition value="Percentual volume/volume"/><designation><use><system value="http://terminology.hl7.org/CodeSystem/hl7TermMaintInfra"/><code value="preferredForLanguage"/></use><value value="Percentual em Volume"/></designation></concept><concept><code value="percentage-mass-volume"/><display value="Percentual Massa/Volume"/><definition value="Percentual massa/volume"/><designation><use><system value="http://terminology.hl7.org/CodeSystem/hl7TermMaintInfra"/><code value="preferredForLanguage"/></use><value value="Percentual Massa/Volume"/></designation></concept><concept><code value="ratio"/><display value="Razão"/><definition value="Razão entre componentes"/><designation><use><system value="http://terminology.hl7.org/CodeSystem/hl7TermMaintInfra"/><code value="preferredForLanguage"/></use><value value="Razão"/></designation></concept><concept><code value="activity"/><display value="Atividade"/><definition value="Unidades internacionais de atividade biológica"/><designation><use><system value="http://terminology.hl7.org/CodeSystem/hl7TermMaintInfra"/><code value="preferredForLanguage"/></use><value value="Atividade"/></designation></concept></CodeSystem>