<?xml version="1.0" encoding="UTF-8"?><CodeSystem xmlns="http://hl7.org/fhir"><id value="clinical-use-definition-type"/><text><status value="generated"/><div xmlns="http://www.w3.org/1999/xhtml"><p class="res-header-id"><b>Narrativa gerada: CodeSystem clinical-use-definition-type</b></p><a name="clinical-use-definition-type"> </a><a name="hcclinical-use-definition-type"> </a><p>Este  sistema de código  define o seguinte código:</p><table class="codes"><tr><td style="white-space:nowrap"><b>Código</b></td><td><b>Ecrã</b></td><td><b>Definição</b></td></tr><tr><td style="white-space:nowrap">indication<a name="clinical-use-definition-type-indication"> </a></td><td>Indicação Terapêutica</td><td>Condição médica para a qual o produto é indicado</td></tr><tr><td style="white-space:nowrap">contraindication<a name="clinical-use-definition-type-contraindication"> </a></td><td>Contraindicação</td><td>Situação em que o produto não deve ser utilizado</td></tr><tr><td style="white-space:nowrap">interaction<a name="clinical-use-definition-type-interaction"> </a></td><td>Interação</td><td>Interação com outros medicamentos, alimentos ou substâncias</td></tr><tr><td style="white-space:nowrap">undesirable-effect<a name="clinical-use-definition-type-undesirable-effect"> </a></td><td>Efeito Indesejável</td><td>Efeito adverso ou reação adversa</td></tr><tr><td style="white-space:nowrap">warning<a name="clinical-use-definition-type-warning"> </a></td><td>Advertência</td><td>Advertência ou precaução especial</td></tr></table></div></text><extension url="http://hl7.org/fhir/StructureDefinition/structuredefinition-fmm"><valueInteger value="0"><extension url="http://hl7.org/fhir/StructureDefinition/structuredefinition-conformance-derivedFrom"><valueCanonical value="https://idmp-br.github.io/brig-idmp-brasil/ImplementationGuide/brig.idmp.brazil"/></extension></valueInteger></extension><extension url="http://hl7.org/fhir/StructureDefinition/structuredefinition-standards-status"><valueCode value="draft"><extension url="http://hl7.org/fhir/StructureDefinition/structuredefinition-conformance-derivedFrom"><valueCanonical value="https://idmp-br.github.io/brig-idmp-brasil/ImplementationGuide/brig.idmp.brazil"/></extension></valueCode></extension><url value="https://idmp-br.github.io/brig-idmp-brasil/CodeSystem/clinical-use-definition-type"/><version value="0.0.3"/><name value="ClinicalUseDefinitionType"/><title value="Tipo de Definição de Uso Clínico"/><status value="active"/><experimental value="false"/><date value="2025-10-31"/><publisher value="IDMP Brasil"/><contact><name value="IDMP Brasil"/><telecom><system value="url"/><value value="https://idmp-br.github.io"/></telecom><telecom><system value="email"/><value value="eugenio@farmaco.io"/></telecom></contact><contact><name value="IDMP Brasil"/><telecom><system value="email"/><value value="eugenio@farmaco.io"/></telecom><telecom><system value="url"/><value value="https://idmp-br.github.io/brig-idmp-brasil"/></telecom></contact><description value="Tipos de definição de uso clínico de produtos medicinais"/><jurisdiction><coding><system value="urn:iso:std:iso:3166"/><code value="BR"/></coding></jurisdiction><copyright value="Copyright © 2025 Farmaco.io. Este trabalho está licenciado sob a MIT License. FHIR® é marca registrada da HL7 International, usada com permissão."/><caseSensitive value="true"/><content value="complete"/><count value="5"/><concept><code value="indication"/><display value="Indicação Terapêutica"/><definition value="Condição médica para a qual o produto é indicado"/><designation><use><system value="http://terminology.hl7.org/CodeSystem/hl7TermMaintInfra"/><code value="preferredForLanguage"/></use><value value="Indicação Terapêutica"/></designation></concept><concept><code value="contraindication"/><display value="Contraindicação"/><definition value="Situação em que o produto não deve ser utilizado"/><designation><use><system value="http://terminology.hl7.org/CodeSystem/hl7TermMaintInfra"/><code value="preferredForLanguage"/></use><value value="Contraindicação"/></designation></concept><concept><code value="interaction"/><display value="Interação"/><definition value="Interação com outros medicamentos, alimentos ou substâncias"/><designation><use><system value="http://terminology.hl7.org/CodeSystem/hl7TermMaintInfra"/><code value="preferredForLanguage"/></use><value value="Interação"/></designation></concept><concept><code value="undesirable-effect"/><display value="Efeito Indesejável"/><definition value="Efeito adverso ou reação adversa"/><designation><use><system value="http://terminology.hl7.org/CodeSystem/hl7TermMaintInfra"/><code value="preferredForLanguage"/></use><value value="Efeito Indesejável"/></designation></concept><concept><code value="warning"/><display value="Advertência"/><definition value="Advertência ou precaução especial"/><designation><use><system value="http://terminology.hl7.org/CodeSystem/hl7TermMaintInfra"/><code value="preferredForLanguage"/></use><value value="Advertência"/></designation></concept></CodeSystem>