<?xml version="1.0" encoding="UTF-8"?><CodeSystem xmlns="http://hl7.org/fhir"><id value="legal-basis-anvisa-br"/><text><status value="generated"/><div xmlns="http://www.w3.org/1999/xhtml"><p class="res-header-id"><b>Narrativa gerada: CodeSystem legal-basis-anvisa-br</b></p><a name="legal-basis-anvisa-br"> </a><a name="hclegal-basis-anvisa-br"> </a><p>Este  sistema de código  define o seguinte código:</p><table class="codes"><tr><td style="white-space:nowrap"><b>Código</b></td><td><b>Ecrã</b></td><td><b>Definição</b></td></tr><tr><td style="white-space:nowrap">rdc-753-2022<a name="legal-basis-anvisa-br-rdc-753-2022"> </a></td><td>RDC 753/2022</td><td>Resolução que dispõe sobre registro de medicamentos sintéticos e semissintéticos</td></tr><tr><td style="white-space:nowrap">rdc-948-2024<a name="legal-basis-anvisa-br-rdc-948-2024"> </a></td><td>RDC 948/2024</td><td>Resolução que dispõe sobre requisitos sanitários para regularização de medicamentos</td></tr><tr><td style="white-space:nowrap">rdc-317-2019<a name="legal-basis-anvisa-br-rdc-317-2019"> </a></td><td>RDC 317/2019</td><td>Resolução sobre validade de registros de medicamentos</td></tr><tr><td style="white-space:nowrap">lei-6360-1976<a name="legal-basis-anvisa-br-lei-6360-1976"> </a></td><td>Lei 6.360/1976</td><td>Lei de Vigilância Sanitária</td></tr><tr><td style="white-space:nowrap">lei-9782-1999<a name="legal-basis-anvisa-br-lei-9782-1999"> </a></td><td>Lei 9.782/1999</td><td>Lei de criação da ANVISA</td></tr><tr><td style="white-space:nowrap">decreto-8077-2013<a name="legal-basis-anvisa-br-decreto-8077-2013"> </a></td><td>Decreto 8.077/2013</td><td>Decreto sobre regulamentação da Lei 12.401/2011</td></tr></table></div></text><extension url="http://hl7.org/fhir/StructureDefinition/structuredefinition-standards-status"><valueCode value="informative"><extension url="http://hl7.org/fhir/StructureDefinition/structuredefinition-conformance-derivedFrom"><valueCanonical value="https://idmp-br.github.io/brig-idmp-brasil/ImplementationGuide/brig.idmp.brazil"/></extension></valueCode></extension><url value="http://farmaco.maxapex.net/brig/fhir/CodeSystem/legal-basis-anvisa-br"/><version value="0.0.3"/><name value="LegalBasisANVISABR"/><title value="Base Legal ANVISA"/><status value="draft"/><experimental value="true"/><date value="2025-09-07"/><publisher value="IDMP Brasil"/><contact><name value="IDMP Brasil"/><telecom><system value="url"/><value value="https://idmp-br.github.io"/></telecom><telecom><system value="email"/><value value="eugenio@farmaco.io"/></telecom></contact><contact><name value="IDMP Brasil"/><telecom><system value="email"/><value value="eugenio@farmaco.io"/></telecom><telecom><system value="url"/><value value="https://idmp-br.github.io/brig-idmp-brasil"/></telecom></contact><description value="Bases legais para autorizações regulatórias ANVISA"/><jurisdiction><coding><system value="urn:iso:std:iso:3166"/><code value="BR"/></coding></jurisdiction><copyright value="Copyright © 2025 Farmaco.io. Este trabalho está licenciado sob a MIT License. FHIR® é marca registrada da HL7 International, usada com permissão."/><caseSensitive value="true"/><content value="complete"/><count value="6"/><concept><code value="rdc-753-2022"/><display value="RDC 753/2022"/><definition value="Resolução que dispõe sobre registro de medicamentos sintéticos e semissintéticos"/><designation><use><system value="http://terminology.hl7.org/CodeSystem/hl7TermMaintInfra"/><code value="preferredForLanguage"/></use><value value="RDC 753/2022"/></designation></concept><concept><code value="rdc-948-2024"/><display value="RDC 948/2024"/><definition value="Resolução que dispõe sobre requisitos sanitários para regularização de medicamentos"/><designation><use><system value="http://terminology.hl7.org/CodeSystem/hl7TermMaintInfra"/><code value="preferredForLanguage"/></use><value value="RDC 948/2024"/></designation></concept><concept><code value="rdc-317-2019"/><display value="RDC 317/2019"/><definition value="Resolução sobre validade de registros de medicamentos"/><designation><use><system value="http://terminology.hl7.org/CodeSystem/hl7TermMaintInfra"/><code value="preferredForLanguage"/></use><value value="RDC 317/2019"/></designation></concept><concept><code value="lei-6360-1976"/><display value="Lei 6.360/1976"/><definition value="Lei de Vigilância Sanitária"/><designation><use><system value="http://terminology.hl7.org/CodeSystem/hl7TermMaintInfra"/><code value="preferredForLanguage"/></use><value value="Lei 6.360/1976"/></designation></concept><concept><code value="lei-9782-1999"/><display value="Lei 9.782/1999"/><definition value="Lei de criação da ANVISA"/><designation><use><system value="http://terminology.hl7.org/CodeSystem/hl7TermMaintInfra"/><code value="preferredForLanguage"/></use><value value="Lei 9.782/1999"/></designation></concept><concept><code value="decreto-8077-2013"/><display value="Decreto 8.077/2013"/><definition value="Decreto sobre regulamentação da Lei 12.401/2011"/><designation><use><system value="http://terminology.hl7.org/CodeSystem/hl7TermMaintInfra"/><code value="preferredForLanguage"/></use><value value="Decreto 8.077/2013"/></designation></concept></CodeSystem>