<?xml version="1.0" encoding="UTF-8"?><CodeSystem xmlns="http://hl7.org/fhir"><id value="undesirable-effect-frequency"/><text><status value="generated"/><div xmlns="http://www.w3.org/1999/xhtml"><p class="res-header-id"><b>Narrativa gerada: CodeSystem undesirable-effect-frequency</b></p><a name="undesirable-effect-frequency"> </a><a name="hcundesirable-effect-frequency"> </a><p>Este  sistema de código  define o seguinte código:</p><table class="codes"><tr><td style="white-space:nowrap"><b>Código</b></td><td><b>Ecrã</b></td><td><b>Definição</b></td></tr><tr><td style="white-space:nowrap">very-common<a name="undesirable-effect-frequency-very-common"> </a></td><td>Muito Comum</td><td>≥ 1/10 (≥ 10%) - Afeta mais de 1 usuário em 10</td></tr><tr><td style="white-space:nowrap">common<a name="undesirable-effect-frequency-common"> </a></td><td>Comum</td><td>≥ 1/100 e &lt; 1/10 (≥ 1% e &lt; 10%) - Afeta 1 a 10 usuários em 100</td></tr><tr><td style="white-space:nowrap">uncommon<a name="undesirable-effect-frequency-uncommon"> </a></td><td>Incomum</td><td>≥ 1/1.000 e &lt; 1/100 (≥ 0,1% e &lt; 1%) - Afeta 1 a 10 usuários em 1.000</td></tr><tr><td style="white-space:nowrap">rare<a name="undesirable-effect-frequency-rare"> </a></td><td>Raro</td><td>≥ 1/10.000 e &lt; 1/1.000 (≥ 0,01% e &lt; 0,1%) - Afeta 1 a 10 usuários em 10.000</td></tr><tr><td style="white-space:nowrap">very-rare<a name="undesirable-effect-frequency-very-rare"> </a></td><td>Muito Raro</td><td>&lt; 1/10.000 (&lt; 0,01%) - Afeta menos de 1 usuário em 10.000</td></tr><tr><td style="white-space:nowrap">unknown<a name="undesirable-effect-frequency-unknown"> </a></td><td>Frequência Desconhecida</td><td>Não pode ser estimada a partir dos dados disponíveis</td></tr></table></div></text><extension url="http://hl7.org/fhir/StructureDefinition/structuredefinition-fmm"><valueInteger value="0"><extension url="http://hl7.org/fhir/StructureDefinition/structuredefinition-conformance-derivedFrom"><valueCanonical value="https://idmp-br.github.io/brig-idmp-brasil/ImplementationGuide/brig.idmp.brazil"/></extension></valueInteger></extension><extension url="http://hl7.org/fhir/StructureDefinition/structuredefinition-standards-status"><valueCode value="draft"><extension url="http://hl7.org/fhir/StructureDefinition/structuredefinition-conformance-derivedFrom"><valueCanonical value="https://idmp-br.github.io/brig-idmp-brasil/ImplementationGuide/brig.idmp.brazil"/></extension></valueCode></extension><url value="https://idmp-br.github.io/brig-idmp-brasil/CodeSystem/undesirable-effect-frequency"/><version value="0.0.3"/><name value="UndesirableEffectFrequency"/><title value="Frequência de Efeito Indesejável"/><status value="active"/><experimental value="false"/><date value="2025-10-31"/><publisher value="IDMP Brasil"/><contact><name value="IDMP Brasil"/><telecom><system value="url"/><value value="https://idmp-br.github.io"/></telecom><telecom><system value="email"/><value value="eugenio@farmaco.io"/></telecom></contact><contact><name value="IDMP Brasil"/><telecom><system value="email"/><value value="eugenio@farmaco.io"/></telecom><telecom><system value="url"/><value value="https://idmp-br.github.io/brig-idmp-brasil"/></telecom></contact><description value="Frequência de ocorrência de efeitos indesejáveis conforme CIOMS"/><jurisdiction><coding><system value="urn:iso:std:iso:3166"/><code value="BR"/></coding></jurisdiction><copyright value="Copyright © 2025 Farmaco.io. Este trabalho está licenciado sob a MIT License. FHIR® é marca registrada da HL7 International, usada com permissão."/><caseSensitive value="true"/><content value="complete"/><count value="6"/><concept><code value="very-common"/><display value="Muito Comum"/><definition value="≥ 1/10 (≥ 10%) - Afeta mais de 1 usuário em 10"/><designation><use><system value="http://terminology.hl7.org/CodeSystem/hl7TermMaintInfra"/><code value="preferredForLanguage"/></use><value value="Muito Comum"/></designation></concept><concept><code value="common"/><display value="Comum"/><definition value="≥ 1/100 e &lt; 1/10 (≥ 1% e &lt; 10%) - Afeta 1 a 10 usuários em 100"/><designation><use><system value="http://terminology.hl7.org/CodeSystem/hl7TermMaintInfra"/><code value="preferredForLanguage"/></use><value value="Comum"/></designation></concept><concept><code value="uncommon"/><display value="Incomum"/><definition value="≥ 1/1.000 e &lt; 1/100 (≥ 0,1% e &lt; 1%) - Afeta 1 a 10 usuários em 1.000"/><designation><use><system value="http://terminology.hl7.org/CodeSystem/hl7TermMaintInfra"/><code value="preferredForLanguage"/></use><value value="Incomum"/></designation></concept><concept><code value="rare"/><display value="Raro"/><definition value="≥ 1/10.000 e &lt; 1/1.000 (≥ 0,01% e &lt; 0,1%) - Afeta 1 a 10 usuários em 10.000"/><designation><use><system value="http://terminology.hl7.org/CodeSystem/hl7TermMaintInfra"/><code value="preferredForLanguage"/></use><value value="Raro"/></designation></concept><concept><code value="very-rare"/><display value="Muito Raro"/><definition value="&lt; 1/10.000 (&lt; 0,01%) - Afeta menos de 1 usuário em 10.000"/><designation><use><system value="http://terminology.hl7.org/CodeSystem/hl7TermMaintInfra"/><code value="preferredForLanguage"/></use><value value="Muito Raro"/></designation></concept><concept><code value="unknown"/><display value="Frequência Desconhecida"/><definition value="Não pode ser estimada a partir dos dados disponíveis"/><designation><use><system value="http://terminology.hl7.org/CodeSystem/hl7TermMaintInfra"/><code value="preferredForLanguage"/></use><value value="Frequência Desconhecida"/></designation></concept></CodeSystem>