<?xml version="1.0" encoding="UTF-8"?><CodeSystem xmlns="http://hl7.org/fhir"><id value="interaction-effect"/><text><status value="generated"/><div xmlns="http://www.w3.org/1999/xhtml"><p class="res-header-id"><b>Narrativa gerada: CodeSystem interaction-effect</b></p><a name="interaction-effect"> </a><a name="hcinteraction-effect"> </a><p>Este  sistema de código  define o seguinte código:</p><table class="codes"><tr><td style="white-space:nowrap"><b>Código</b></td><td><b>Ecrã</b></td><td><b>Definição</b></td></tr><tr><td style="white-space:nowrap">increased-effect<a name="interaction-effect-increased-effect"> </a></td><td>Aumento de Efeito</td><td>Aumento do efeito terapêutico ou tóxico</td></tr><tr><td style="white-space:nowrap">decreased-effect<a name="interaction-effect-decreased-effect"> </a></td><td>Diminuição de Efeito</td><td>Diminuição do efeito terapêutico</td></tr><tr><td style="white-space:nowrap">increased-toxicity<a name="interaction-effect-increased-toxicity"> </a></td><td>Aumento de Toxicidade</td><td>Aumento do risco de toxicidade</td></tr><tr><td style="white-space:nowrap">increased-adverse-effects<a name="interaction-effect-increased-adverse-effects"> </a></td><td>Aumento de Efeitos Adversos</td><td>Aumento da frequência ou gravidade de efeitos adversos</td></tr><tr><td style="white-space:nowrap">altered-bioavailability<a name="interaction-effect-altered-bioavailability"> </a></td><td>Alteração de Biodisponibilidade</td><td>Alteração na absorção ou biodisponibilidade</td></tr><tr><td style="white-space:nowrap">altered-metabolism<a name="interaction-effect-altered-metabolism"> </a></td><td>Alteração de Metabolismo</td><td>Alteração no metabolismo da substância</td></tr><tr><td style="white-space:nowrap">altered-excretion<a name="interaction-effect-altered-excretion"> </a></td><td>Alteração de Excreção</td><td>Alteração na excreção da substância</td></tr><tr><td style="white-space:nowrap">additive-effect<a name="interaction-effect-additive-effect"> </a></td><td>Efeito Aditivo</td><td>Soma dos efeitos</td></tr><tr><td style="white-space:nowrap">synergistic-effect<a name="interaction-effect-synergistic-effect"> </a></td><td>Efeito Sinérgico</td><td>Efeito maior que a soma</td></tr><tr><td style="white-space:nowrap">antagonistic-effect<a name="interaction-effect-antagonistic-effect"> </a></td><td>Efeito Antagônico</td><td>Efeitos opostos que se anulam</td></tr></table></div></text><extension url="http://hl7.org/fhir/StructureDefinition/structuredefinition-fmm"><valueInteger value="0"><extension url="http://hl7.org/fhir/StructureDefinition/structuredefinition-conformance-derivedFrom"><valueCanonical value="https://idmp-br.github.io/brig-idmp-brasil/ImplementationGuide/brig.idmp.brazil"/></extension></valueInteger></extension><extension url="http://hl7.org/fhir/StructureDefinition/structuredefinition-standards-status"><valueCode value="draft"><extension url="http://hl7.org/fhir/StructureDefinition/structuredefinition-conformance-derivedFrom"><valueCanonical value="https://idmp-br.github.io/brig-idmp-brasil/ImplementationGuide/brig.idmp.brazil"/></extension></valueCode></extension><url value="https://idmp-br.github.io/brig-idmp-brasil/CodeSystem/interaction-effect"/><version value="0.0.3"/><name value="InteractionEffect"/><title value="Efeito da Interação"/><status value="active"/><experimental value="false"/><date value="2025-10-31"/><publisher value="IDMP Brasil"/><contact><name value="IDMP Brasil"/><telecom><system value="url"/><value value="https://idmp-br.github.io"/></telecom><telecom><system value="email"/><value value="eugenio@farmaco.io"/></telecom></contact><contact><name value="IDMP Brasil"/><telecom><system value="email"/><value value="eugenio@farmaco.io"/></telecom><telecom><system value="url"/><value value="https://idmp-br.github.io/brig-idmp-brasil"/></telecom></contact><description value="Efeito clínico resultante de uma interação"/><jurisdiction><coding><system value="urn:iso:std:iso:3166"/><code value="BR"/></coding></jurisdiction><copyright value="Copyright © 2025 Farmaco.io. Este trabalho está licenciado sob a MIT License. FHIR® é marca registrada da HL7 International, usada com permissão."/><caseSensitive value="true"/><content value="complete"/><count value="10"/><concept><code value="increased-effect"/><display value="Aumento de Efeito"/><definition value="Aumento do efeito terapêutico ou tóxico"/><designation><use><system value="http://terminology.hl7.org/CodeSystem/hl7TermMaintInfra"/><code value="preferredForLanguage"/></use><value value="Aumento de Efeito"/></designation></concept><concept><code value="decreased-effect"/><display value="Diminuição de Efeito"/><definition value="Diminuição do efeito terapêutico"/><designation><use><system value="http://terminology.hl7.org/CodeSystem/hl7TermMaintInfra"/><code value="preferredForLanguage"/></use><value value="Diminuição de Efeito"/></designation></concept><concept><code value="increased-toxicity"/><display value="Aumento de Toxicidade"/><definition value="Aumento do risco de toxicidade"/><designation><use><system value="http://terminology.hl7.org/CodeSystem/hl7TermMaintInfra"/><code value="preferredForLanguage"/></use><value value="Aumento de Toxicidade"/></designation></concept><concept><code value="increased-adverse-effects"/><display value="Aumento de Efeitos Adversos"/><definition value="Aumento da frequência ou gravidade de efeitos adversos"/><designation><use><system value="http://terminology.hl7.org/CodeSystem/hl7TermMaintInfra"/><code value="preferredForLanguage"/></use><value value="Aumento de Efeitos Adversos"/></designation></concept><concept><code value="altered-bioavailability"/><display value="Alteração de Biodisponibilidade"/><definition value="Alteração na absorção ou biodisponibilidade"/><designation><use><system value="http://terminology.hl7.org/CodeSystem/hl7TermMaintInfra"/><code value="preferredForLanguage"/></use><value value="Alteração de Biodisponibilidade"/></designation></concept><concept><code value="altered-metabolism"/><display value="Alteração de Metabolismo"/><definition value="Alteração no metabolismo da substância"/><designation><use><system value="http://terminology.hl7.org/CodeSystem/hl7TermMaintInfra"/><code value="preferredForLanguage"/></use><value value="Alteração de Metabolismo"/></designation></concept><concept><code value="altered-excretion"/><display value="Alteração de Excreção"/><definition value="Alteração na excreção da substância"/><designation><use><system value="http://terminology.hl7.org/CodeSystem/hl7TermMaintInfra"/><code value="preferredForLanguage"/></use><value value="Alteração de Excreção"/></designation></concept><concept><code value="additive-effect"/><display value="Efeito Aditivo"/><definition value="Soma dos efeitos"/><designation><use><system value="http://terminology.hl7.org/CodeSystem/hl7TermMaintInfra"/><code value="preferredForLanguage"/></use><value value="Efeito Aditivo"/></designation></concept><concept><code value="synergistic-effect"/><display value="Efeito Sinérgico"/><definition value="Efeito maior que a soma"/><designation><use><system value="http://terminology.hl7.org/CodeSystem/hl7TermMaintInfra"/><code value="preferredForLanguage"/></use><value value="Efeito Sinérgico"/></designation></concept><concept><code value="antagonistic-effect"/><display value="Efeito Antagônico"/><definition value="Efeitos opostos que se anulam"/><designation><use><system value="http://terminology.hl7.org/CodeSystem/hl7TermMaintInfra"/><code value="preferredForLanguage"/></use><value value="Efeito Antagônico"/></designation></concept></CodeSystem>