<?xml version="1.0" encoding="UTF-8"?><CodeSystem xmlns="http://hl7.org/fhir"><id value="product-intended-use"/><text><status value="generated"/><div xmlns="http://www.w3.org/1999/xhtml"><p class="res-header-id"><b>Narrativa gerada: CodeSystem product-intended-use</b></p><a name="product-intended-use"> </a><a name="hcproduct-intended-use"> </a><p>Este  sistema de código  define o seguinte código:</p><table class="codes"><tr><td style="white-space:nowrap"><b>Código</b></td><td><b>Ecrã</b></td><td><b>Definição</b></td></tr><tr><td style="white-space:nowrap">prevention<a name="product-intended-use-prevention"> </a></td><td>Prevenção</td><td>Produto destinado à prevenção de doenças</td></tr><tr><td style="white-space:nowrap">diagnosis<a name="product-intended-use-diagnosis"> </a></td><td>Diagnóstico</td><td>Produto destinado ao diagnóstico de condições de saúde</td></tr><tr><td style="white-space:nowrap">treatment<a name="product-intended-use-treatment"> </a></td><td>Tratamento</td><td>Produto destinado ao tratamento de doenças ou sintomas</td></tr><tr><td style="white-space:nowrap">palliation<a name="product-intended-use-palliation"> </a></td><td>Paliação</td><td>Produto destinado ao alívio de sintomas sem tratamento curativo</td></tr><tr><td style="white-space:nowrap">contraception<a name="product-intended-use-contraception"> </a></td><td>Contracepção</td><td>Produto destinado à prevenção de gravidez</td></tr><tr><td style="white-space:nowrap">immunization<a name="product-intended-use-immunization"> </a></td><td>Imunização</td><td>Produto destinado à imunização contra doenças infecciosas</td></tr></table></div></text><extension url="http://hl7.org/fhir/StructureDefinition/structuredefinition-fmm"><valueInteger value="0"><extension url="http://hl7.org/fhir/StructureDefinition/structuredefinition-conformance-derivedFrom"><valueCanonical value="https://idmp-br.github.io/brig-idmp-brasil/ImplementationGuide/brig.idmp.brazil"/></extension></valueInteger></extension><extension url="http://hl7.org/fhir/StructureDefinition/structuredefinition-standards-status"><valueCode value="draft"><extension url="http://hl7.org/fhir/StructureDefinition/structuredefinition-conformance-derivedFrom"><valueCanonical value="https://idmp-br.github.io/brig-idmp-brasil/ImplementationGuide/brig.idmp.brazil"/></extension></valueCode></extension><url value="https://idmp-br.github.io/brig-idmp-brasil/CodeSystem/product-intended-use"/><version value="0.0.3"/><name value="ProductIntendedUse"/><title value="Uso Pretendido do Produto"/><status value="active"/><experimental value="false"/><date value="2025-10-30"/><publisher value="IDMP Brasil"/><contact><name value="IDMP Brasil"/><telecom><system value="url"/><value value="https://idmp-br.github.io"/></telecom><telecom><system value="email"/><value value="eugenio@farmaco.io"/></telecom></contact><contact><name value="IDMP Brasil"/><telecom><system value="email"/><value value="eugenio@farmaco.io"/></telecom><telecom><system value="url"/><value value="https://idmp-br.github.io/brig-idmp-brasil"/></telecom></contact><description value="Classificação do uso pretendido de produtos farmacêuticos"/><jurisdiction><coding><system value="urn:iso:std:iso:3166"/><code value="BR"/></coding></jurisdiction><copyright value="Copyright © 2025 Farmaco.io. Este trabalho está licenciado sob a MIT License. FHIR® é marca registrada da HL7 International, usada com permissão."/><caseSensitive value="true"/><content value="complete"/><count value="6"/><concept><code value="prevention"/><display value="Prevenção"/><definition value="Produto destinado à prevenção de doenças"/><designation><use><system value="http://terminology.hl7.org/CodeSystem/hl7TermMaintInfra"/><code value="preferredForLanguage"/></use><value value="Prevenção"/></designation></concept><concept><code value="diagnosis"/><display value="Diagnóstico"/><definition value="Produto destinado ao diagnóstico de condições de saúde"/><designation><use><system value="http://terminology.hl7.org/CodeSystem/hl7TermMaintInfra"/><code value="preferredForLanguage"/></use><value value="Diagnóstico"/></designation></concept><concept><code value="treatment"/><display value="Tratamento"/><definition value="Produto destinado ao tratamento de doenças ou sintomas"/><designation><use><system value="http://terminology.hl7.org/CodeSystem/hl7TermMaintInfra"/><code value="preferredForLanguage"/></use><value value="Tratamento"/></designation></concept><concept><code value="palliation"/><display value="Paliação"/><definition value="Produto destinado ao alívio de sintomas sem tratamento curativo"/><designation><use><system value="http://terminology.hl7.org/CodeSystem/hl7TermMaintInfra"/><code value="preferredForLanguage"/></use><value value="Paliação"/></designation></concept><concept><code value="contraception"/><display value="Contracepção"/><definition value="Produto destinado à prevenção de gravidez"/><designation><use><system value="http://terminology.hl7.org/CodeSystem/hl7TermMaintInfra"/><code value="preferredForLanguage"/></use><value value="Contracepção"/></designation></concept><concept><code value="immunization"/><display value="Imunização"/><definition value="Produto destinado à imunização contra doenças infecciosas"/><designation><use><system value="http://terminology.hl7.org/CodeSystem/hl7TermMaintInfra"/><code value="preferredForLanguage"/></use><value value="Imunização"/></designation></concept></CodeSystem>