<?xml version="1.0" encoding="UTF-8"?><CodeSystem xmlns="http://hl7.org/fhir"><id value="biological-species"/><text><status value="generated"/><div xmlns="http://www.w3.org/1999/xhtml"><p class="res-header-id"><b>Narrativa gerada: CodeSystem biological-species</b></p><a name="biological-species"> </a><a name="hcbiological-species"> </a><p>Este  sistema de código  define o seguinte código:</p><table class="codes"><tr><td style="white-space:nowrap"><b>Código</b></td><td><b>Ecrã</b></td><td><b>Definição</b></td></tr><tr><td style="white-space:nowrap">Papaver-somniferum<a name="biological-species-Papaver-somniferum"> </a></td><td>Papaver somniferum</td><td>Papoula do ópio</td></tr><tr><td style="white-space:nowrap">Cannabis-sativa<a name="biological-species-Cannabis-sativa"> </a></td><td>Cannabis sativa</td><td>Cannabis sativa</td></tr><tr><td style="white-space:nowrap">Digitalis-purpurea<a name="biological-species-Digitalis-purpurea"> </a></td><td>Digitalis purpurea</td><td>Dedaleira roxa</td></tr><tr><td style="white-space:nowrap">Cinchona-officinalis<a name="biological-species-Cinchona-officinalis"> </a></td><td>Cinchona officinalis</td><td>Quineira</td></tr><tr><td style="white-space:nowrap">Penicillium-chrysogenum<a name="biological-species-Penicillium-chrysogenum"> </a></td><td>Penicillium chrysogenum</td><td>Fungo produtor de penicilina</td></tr><tr><td style="white-space:nowrap">Streptomyces-griseus<a name="biological-species-Streptomyces-griseus"> </a></td><td>Streptomyces griseus</td><td>Bactéria produtora de estreptomicina</td></tr><tr><td style="white-space:nowrap">Saccharomyces-cerevisiae<a name="biological-species-Saccharomyces-cerevisiae"> </a></td><td>Saccharomyces cerevisiae</td><td>Levedura de cerveja</td></tr><tr><td style="white-space:nowrap">Escherichia-coli<a name="biological-species-Escherichia-coli"> </a></td><td>Escherichia coli</td><td>E. coli (produção recombinante)</td></tr><tr><td style="white-space:nowrap">Bos-taurus<a name="biological-species-Bos-taurus"> </a></td><td>Bos taurus</td><td>Bovino doméstico</td></tr><tr><td style="white-space:nowrap">Sus-scrofa<a name="biological-species-Sus-scrofa"> </a></td><td>Sus scrofa</td><td>Suíno doméstico</td></tr></table></div></text><extension url="http://hl7.org/fhir/StructureDefinition/structuredefinition-fmm"><valueInteger value="0"><extension url="http://hl7.org/fhir/StructureDefinition/structuredefinition-conformance-derivedFrom"><valueCanonical value="https://idmp-br.github.io/brig-idmp-brasil/ImplementationGuide/brig.idmp.brazil"/></extension></valueInteger></extension><extension url="http://hl7.org/fhir/StructureDefinition/structuredefinition-standards-status"><valueCode value="draft"><extension url="http://hl7.org/fhir/StructureDefinition/structuredefinition-conformance-derivedFrom"><valueCanonical value="https://idmp-br.github.io/brig-idmp-brasil/ImplementationGuide/brig.idmp.brazil"/></extension></valueCode></extension><url value="https://idmp-br.github.io/brig-idmp-brasil/CodeSystem/biological-species"/><version value="0.0.3"/><name value="BiologicalSpecies"/><title value="Espécie Biológica"/><status value="active"/><date value="2025-10-30"/><publisher value="IDMP Brasil"/><contact><name value="IDMP Brasil"/><telecom><system value="url"/><value value="https://idmp-br.github.io"/></telecom><telecom><system value="email"/><value value="eugenio@farmaco.io"/></telecom></contact><contact><name value="IDMP Brasil"/><telecom><system value="email"/><value value="eugenio@farmaco.io"/></telecom><telecom><system value="url"/><value value="https://idmp-br.github.io/brig-idmp-brasil"/></telecom></contact><description value="Espécies biológicas comuns em substâncias farmacêuticas"/><jurisdiction><coding><system value="urn:iso:std:iso:3166"/><code value="BR"/></coding></jurisdiction><copyright value="Copyright © 2025 Farmaco.io. Este trabalho está licenciado sob a MIT License. FHIR® é marca registrada da HL7 International, usada com permissão."/><caseSensitive value="true"/><content value="complete"/><count value="10"/><concept><code value="Papaver-somniferum"/><display value="Papaver somniferum"/><definition value="Papoula do ópio"/><designation><use><system value="http://terminology.hl7.org/CodeSystem/hl7TermMaintInfra"/><code value="preferredForLanguage"/></use><value value="Papaver somniferum"/></designation></concept><concept><code value="Cannabis-sativa"/><display value="Cannabis sativa"/><definition value="Cannabis sativa"/><designation><use><system value="http://terminology.hl7.org/CodeSystem/hl7TermMaintInfra"/><code value="preferredForLanguage"/></use><value value="Cannabis sativa"/></designation></concept><concept><code value="Digitalis-purpurea"/><display value="Digitalis purpurea"/><definition value="Dedaleira roxa"/><designation><use><system value="http://terminology.hl7.org/CodeSystem/hl7TermMaintInfra"/><code value="preferredForLanguage"/></use><value value="Digitalis purpurea"/></designation></concept><concept><code value="Cinchona-officinalis"/><display value="Cinchona officinalis"/><definition value="Quineira"/><designation><use><system value="http://terminology.hl7.org/CodeSystem/hl7TermMaintInfra"/><code value="preferredForLanguage"/></use><value value="Cinchona officinalis"/></designation></concept><concept><code value="Penicillium-chrysogenum"/><display value="Penicillium chrysogenum"/><definition value="Fungo produtor de penicilina"/><designation><use><system value="http://terminology.hl7.org/CodeSystem/hl7TermMaintInfra"/><code value="preferredForLanguage"/></use><value value="Penicillium chrysogenum"/></designation></concept><concept><code value="Streptomyces-griseus"/><display value="Streptomyces griseus"/><definition value="Bactéria produtora de estreptomicina"/><designation><use><system value="http://terminology.hl7.org/CodeSystem/hl7TermMaintInfra"/><code value="preferredForLanguage"/></use><value value="Streptomyces griseus"/></designation></concept><concept><code value="Saccharomyces-cerevisiae"/><display value="Saccharomyces cerevisiae"/><definition value="Levedura de cerveja"/><designation><use><system value="http://terminology.hl7.org/CodeSystem/hl7TermMaintInfra"/><code value="preferredForLanguage"/></use><value value="Saccharomyces cerevisiae"/></designation></concept><concept><code value="Escherichia-coli"/><display value="Escherichia coli"/><definition value="E. coli (produção recombinante)"/><designation><use><system value="http://terminology.hl7.org/CodeSystem/hl7TermMaintInfra"/><code value="preferredForLanguage"/></use><value value="Escherichia coli"/></designation></concept><concept><code value="Bos-taurus"/><display value="Bos taurus"/><definition value="Bovino doméstico"/><designation><use><system value="http://terminology.hl7.org/CodeSystem/hl7TermMaintInfra"/><code value="preferredForLanguage"/></use><value value="Bos taurus"/></designation></concept><concept><code value="Sus-scrofa"/><display value="Sus scrofa"/><definition value="Suíno doméstico"/><designation><use><system value="http://terminology.hl7.org/CodeSystem/hl7TermMaintInfra"/><code value="preferredForLanguage"/></use><value value="Sus scrofa"/></designation></concept></CodeSystem>