<?xml version="1.0" encoding="UTF-8"?><CodeSystem xmlns="http://hl7.org/fhir"><id value="special-measures"/><text><status value="generated"/><div xmlns="http://www.w3.org/1999/xhtml"><p class="res-header-id"><b>Narrativa gerada: CodeSystem special-measures</b></p><a name="special-measures"> </a><a name="hcspecial-measures"> </a><p>Este  sistema de código  define o seguinte código:</p><table class="codes"><tr><td style="white-space:nowrap"><b>Código</b></td><td><b>Ecrã</b></td><td><b>Definição</b></td></tr><tr><td style="white-space:nowrap">post-authorization-study<a name="special-measures-post-authorization-study"> </a></td><td>Estudo Pós-Autorização</td><td>Obrigatoriedade de conduzir estudos adicionais após aprovação regulatória</td></tr><tr><td style="white-space:nowrap">risk-management-plan<a name="special-measures-risk-management-plan"> </a></td><td>Plano de Gestão de Risco</td><td>Exigência de implementar e manter plano formal de gestão de riscos</td></tr><tr><td style="white-space:nowrap">additional-monitoring<a name="special-measures-additional-monitoring"> </a></td><td>Monitorização Adicional</td><td>Produto sujeito a monitorização adicional intensiva</td></tr><tr><td style="white-space:nowrap">restricted-prescribing<a name="special-measures-restricted-prescribing"> </a></td><td>Prescrição Restrita</td><td>Prescrição limitada a especialistas ou em contextos específicos</td></tr><tr><td style="white-space:nowrap">patient-registry<a name="special-measures-patient-registry"> </a></td><td>Registro de Pacientes Obrigatório</td><td>Obrigatoriedade de manter registro de pacientes em uso do medicamento</td></tr><tr><td style="white-space:nowrap">controlled-distribution<a name="special-measures-controlled-distribution"> </a></td><td>Distribuição Controlada</td><td>Restrições na distribuição e dispensação do produto</td></tr><tr><td style="white-space:nowrap">pregnancy-prevention<a name="special-measures-pregnancy-prevention"> </a></td><td>Programa de Prevenção de Gravidez</td><td>Requisitos específicos para prevenção de uso em gestação (ex: programa similar ao iPLEDGE)</td></tr><tr><td style="white-space:nowrap">educational-program<a name="special-measures-educational-program"> </a></td><td>Programa Educacional Obrigatório</td><td>Exigência de programas educacionais para prescritores e/ou pacientes</td></tr></table></div></text><extension url="http://hl7.org/fhir/StructureDefinition/structuredefinition-fmm"><valueInteger value="0"><extension url="http://hl7.org/fhir/StructureDefinition/structuredefinition-conformance-derivedFrom"><valueCanonical value="https://idmp-br.github.io/brig-idmp-brasil/ImplementationGuide/brig.idmp.brazil"/></extension></valueInteger></extension><extension url="http://hl7.org/fhir/StructureDefinition/structuredefinition-standards-status"><valueCode value="draft"><extension url="http://hl7.org/fhir/StructureDefinition/structuredefinition-conformance-derivedFrom"><valueCanonical value="https://idmp-br.github.io/brig-idmp-brasil/ImplementationGuide/brig.idmp.brazil"/></extension></valueCode></extension><url value="https://idmp-br.github.io/brig-idmp-brasil/CodeSystem/special-measures"/><version value="0.0.3"/><name value="SpecialMeasures"/><title value="Medidas Especiais para Produto Medicinal"/><status value="active"/><experimental value="false"/><date value="2025-10-30"/><publisher value="IDMP Brasil"/><contact><name value="IDMP Brasil"/><telecom><system value="url"/><value value="https://idmp-br.github.io"/></telecom><telecom><system value="email"/><value value="eugenio@farmaco.io"/></telecom></contact><contact><name value="IDMP Brasil"/><telecom><system value="email"/><value value="eugenio@farmaco.io"/></telecom><telecom><system value="url"/><value value="https://idmp-br.github.io/brig-idmp-brasil"/></telecom></contact><description value="Medidas especiais definidas para produtos medicinais, como requisitos de estudos pós-autorização, planos de gestão de risco ou restrições de prescrição"/><jurisdiction><coding><system value="urn:iso:std:iso:3166"/><code value="BR"/></coding></jurisdiction><copyright value="Copyright © 2025 Farmaco.io. Este trabalho está licenciado sob a MIT License. FHIR® é marca registrada da HL7 International, usada com permissão."/><caseSensitive value="true"/><content value="complete"/><count value="8"/><concept><code value="post-authorization-study"/><display value="Estudo Pós-Autorização"/><definition value="Obrigatoriedade de conduzir estudos adicionais após aprovação regulatória"/><designation><use><system value="http://terminology.hl7.org/CodeSystem/hl7TermMaintInfra"/><code value="preferredForLanguage"/></use><value value="Estudo Pós-Autorização"/></designation></concept><concept><code value="risk-management-plan"/><display value="Plano de Gestão de Risco"/><definition value="Exigência de implementar e manter plano formal de gestão de riscos"/><designation><use><system value="http://terminology.hl7.org/CodeSystem/hl7TermMaintInfra"/><code value="preferredForLanguage"/></use><value value="Plano de Gestão de Risco"/></designation></concept><concept><code value="additional-monitoring"/><display value="Monitorização Adicional"/><definition value="Produto sujeito a monitorização adicional intensiva"/><designation><use><system value="http://terminology.hl7.org/CodeSystem/hl7TermMaintInfra"/><code value="preferredForLanguage"/></use><value value="Monitorização Adicional"/></designation></concept><concept><code value="restricted-prescribing"/><display value="Prescrição Restrita"/><definition value="Prescrição limitada a especialistas ou em contextos específicos"/><designation><use><system value="http://terminology.hl7.org/CodeSystem/hl7TermMaintInfra"/><code value="preferredForLanguage"/></use><value value="Prescrição Restrita"/></designation></concept><concept><code value="patient-registry"/><display value="Registro de Pacientes Obrigatório"/><definition value="Obrigatoriedade de manter registro de pacientes em uso do medicamento"/><designation><use><system value="http://terminology.hl7.org/CodeSystem/hl7TermMaintInfra"/><code value="preferredForLanguage"/></use><value value="Registro de Pacientes Obrigatório"/></designation></concept><concept><code value="controlled-distribution"/><display value="Distribuição Controlada"/><definition value="Restrições na distribuição e dispensação do produto"/><designation><use><system value="http://terminology.hl7.org/CodeSystem/hl7TermMaintInfra"/><code value="preferredForLanguage"/></use><value value="Distribuição Controlada"/></designation></concept><concept><code value="pregnancy-prevention"/><display value="Programa de Prevenção de Gravidez"/><definition value="Requisitos específicos para prevenção de uso em gestação (ex: programa similar ao iPLEDGE)"/><designation><use><system value="http://terminology.hl7.org/CodeSystem/hl7TermMaintInfra"/><code value="preferredForLanguage"/></use><value value="Programa de Prevenção de Gravidez"/></designation></concept><concept><code value="educational-program"/><display value="Programa Educacional Obrigatório"/><definition value="Exigência de programas educacionais para prescritores e/ou pacientes"/><designation><use><system value="http://terminology.hl7.org/CodeSystem/hl7TermMaintInfra"/><code value="preferredForLanguage"/></use><value value="Programa Educacional Obrigatório"/></designation></concept></CodeSystem>