<?xml version="1.0" encoding="UTF-8"?><CodeSystem xmlns="http://hl7.org/fhir"><id value="interaction-management"/><text><status value="generated"/><div xmlns="http://www.w3.org/1999/xhtml"><p class="res-header-id"><b>Narrativa gerada: CodeSystem interaction-management</b></p><a name="interaction-management"> </a><a name="hcinteraction-management"> </a><p>Este  sistema de código  define o seguinte código:</p><table class="codes"><tr><td style="white-space:nowrap"><b>Código</b></td><td><b>Ecrã</b></td><td><b>Definição</b></td></tr><tr><td style="white-space:nowrap">avoid-combination<a name="interaction-management-avoid-combination"> </a></td><td>Evitar Combinação</td><td>A combinação deve ser evitada</td></tr><tr><td style="white-space:nowrap">use-alternative<a name="interaction-management-use-alternative"> </a></td><td>Usar Alternativa</td><td>Considerar terapia alternativa</td></tr><tr><td style="white-space:nowrap">monitor-closely<a name="interaction-management-monitor-closely"> </a></td><td>Monitorar Rigorosamente</td><td>Usar com monitoramento clínico rigoroso</td></tr><tr><td style="white-space:nowrap">adjust-dose<a name="interaction-management-adjust-dose"> </a></td><td>Ajustar Dose</td><td>Ajuste de dose pode ser necessário</td></tr><tr><td style="white-space:nowrap">separate-administration<a name="interaction-management-separate-administration"> </a></td><td>Separar Administração</td><td>Administrar em horários diferentes</td></tr><tr><td style="white-space:nowrap">monitor-lab<a name="interaction-management-monitor-lab"> </a></td><td>Monitorar Exames Laboratoriais</td><td>Monitorar parâmetros laboratoriais</td></tr><tr><td style="white-space:nowrap">inform-patient<a name="interaction-management-inform-patient"> </a></td><td>Informar Paciente</td><td>Orientar paciente sobre sinais de alerta</td></tr><tr><td style="white-space:nowrap">no-action-needed<a name="interaction-management-no-action-needed"> </a></td><td>Nenhuma Ação Necessária</td><td>Interação clinicamente não significativa</td></tr></table></div></text><extension url="http://hl7.org/fhir/StructureDefinition/structuredefinition-fmm"><valueInteger value="0"><extension url="http://hl7.org/fhir/StructureDefinition/structuredefinition-conformance-derivedFrom"><valueCanonical value="https://idmp-br.github.io/brig-idmp-brasil/ImplementationGuide/brig.idmp.brazil"/></extension></valueInteger></extension><extension url="http://hl7.org/fhir/StructureDefinition/structuredefinition-standards-status"><valueCode value="draft"><extension url="http://hl7.org/fhir/StructureDefinition/structuredefinition-conformance-derivedFrom"><valueCanonical value="https://idmp-br.github.io/brig-idmp-brasil/ImplementationGuide/brig.idmp.brazil"/></extension></valueCode></extension><url value="https://idmp-br.github.io/brig-idmp-brasil/CodeSystem/interaction-management"/><version value="0.0.3"/><name value="InteractionManagement"/><title value="Manejo de Interação"/><status value="active"/><experimental value="false"/><date value="2025-10-31"/><publisher value="IDMP Brasil"/><contact><name value="IDMP Brasil"/><telecom><system value="url"/><value value="https://idmp-br.github.io"/></telecom><telecom><system value="email"/><value value="eugenio@farmaco.io"/></telecom></contact><contact><name value="IDMP Brasil"/><telecom><system value="email"/><value value="eugenio@farmaco.io"/></telecom><telecom><system value="url"/><value value="https://idmp-br.github.io/brig-idmp-brasil"/></telecom></contact><description value="Estratégias de manejo de interações medicamentosas"/><jurisdiction><coding><system value="urn:iso:std:iso:3166"/><code value="BR"/></coding></jurisdiction><copyright value="Copyright © 2025 Farmaco.io. Este trabalho está licenciado sob a MIT License. FHIR® é marca registrada da HL7 International, usada com permissão."/><caseSensitive value="true"/><content value="complete"/><count value="8"/><concept><code value="avoid-combination"/><display value="Evitar Combinação"/><definition value="A combinação deve ser evitada"/><designation><use><system value="http://terminology.hl7.org/CodeSystem/hl7TermMaintInfra"/><code value="preferredForLanguage"/></use><value value="Evitar Combinação"/></designation></concept><concept><code value="use-alternative"/><display value="Usar Alternativa"/><definition value="Considerar terapia alternativa"/><designation><use><system value="http://terminology.hl7.org/CodeSystem/hl7TermMaintInfra"/><code value="preferredForLanguage"/></use><value value="Usar Alternativa"/></designation></concept><concept><code value="monitor-closely"/><display value="Monitorar Rigorosamente"/><definition value="Usar com monitoramento clínico rigoroso"/><designation><use><system value="http://terminology.hl7.org/CodeSystem/hl7TermMaintInfra"/><code value="preferredForLanguage"/></use><value value="Monitorar Rigorosamente"/></designation></concept><concept><code value="adjust-dose"/><display value="Ajustar Dose"/><definition value="Ajuste de dose pode ser necessário"/><designation><use><system value="http://terminology.hl7.org/CodeSystem/hl7TermMaintInfra"/><code value="preferredForLanguage"/></use><value value="Ajustar Dose"/></designation></concept><concept><code value="separate-administration"/><display value="Separar Administração"/><definition value="Administrar em horários diferentes"/><designation><use><system value="http://terminology.hl7.org/CodeSystem/hl7TermMaintInfra"/><code value="preferredForLanguage"/></use><value value="Separar Administração"/></designation></concept><concept><code value="monitor-lab"/><display value="Monitorar Exames Laboratoriais"/><definition value="Monitorar parâmetros laboratoriais"/><designation><use><system value="http://terminology.hl7.org/CodeSystem/hl7TermMaintInfra"/><code value="preferredForLanguage"/></use><value value="Monitorar Exames Laboratoriais"/></designation></concept><concept><code value="inform-patient"/><display value="Informar Paciente"/><definition value="Orientar paciente sobre sinais de alerta"/><designation><use><system value="http://terminology.hl7.org/CodeSystem/hl7TermMaintInfra"/><code value="preferredForLanguage"/></use><value value="Informar Paciente"/></designation></concept><concept><code value="no-action-needed"/><display value="Nenhuma Ação Necessária"/><definition value="Interação clinicamente não significativa"/><designation><use><system value="http://terminology.hl7.org/CodeSystem/hl7TermMaintInfra"/><code value="preferredForLanguage"/></use><value value="Nenhuma Ação Necessária"/></designation></concept></CodeSystem>