<?xml version="1.0" encoding="UTF-8"?><CodeSystem xmlns="http://hl7.org/fhir"><id value="source-material-type"/><text><status value="generated"/><div xmlns="http://www.w3.org/1999/xhtml"><p class="res-header-id"><b>Narrativa gerada: CodeSystem source-material-type</b></p><a name="source-material-type"> </a><a name="hcsource-material-type"> </a><p>Este  sistema de código  define o seguinte código:</p><table class="codes"><tr><td style="white-space:nowrap"><b>Código</b></td><td><b>Ecrã</b></td><td><b>Definição</b></td></tr><tr><td style="white-space:nowrap">animal<a name="source-material-type-animal"> </a></td><td>Animal</td><td>Origem animal</td></tr><tr><td style="white-space:nowrap">plant<a name="source-material-type-plant"> </a></td><td>Vegetal</td><td>Origem vegetal</td></tr><tr><td style="white-space:nowrap">microbial<a name="source-material-type-microbial"> </a></td><td>Microbiano</td><td>Origem microbiana (bactérias, fungos, leveduras)</td></tr><tr><td style="white-space:nowrap">mineral<a name="source-material-type-mineral"> </a></td><td>Mineral</td><td>Origem mineral</td></tr><tr><td style="white-space:nowrap">synthetic<a name="source-material-type-synthetic"> </a></td><td>Sintético</td><td>Origem sintética</td></tr><tr><td style="white-space:nowrap">semi-synthetic<a name="source-material-type-semi-synthetic"> </a></td><td>Semi-sintético</td><td>Origem semi-sintética (modificação de produto natural)</td></tr><tr><td style="white-space:nowrap">human<a name="source-material-type-human"> </a></td><td>Humano</td><td>Origem humana</td></tr><tr><td style="white-space:nowrap">biotechnology<a name="source-material-type-biotechnology"> </a></td><td>Biotecnologia</td><td>Produzido por biotecnologia (recombinante)</td></tr></table></div></text><extension url="http://hl7.org/fhir/StructureDefinition/structuredefinition-fmm"><valueInteger value="0"><extension url="http://hl7.org/fhir/StructureDefinition/structuredefinition-conformance-derivedFrom"><valueCanonical value="https://idmp-br.github.io/brig-idmp-brasil/ImplementationGuide/brig.idmp.brazil"/></extension></valueInteger></extension><extension url="http://hl7.org/fhir/StructureDefinition/structuredefinition-standards-status"><valueCode value="draft"><extension url="http://hl7.org/fhir/StructureDefinition/structuredefinition-conformance-derivedFrom"><valueCanonical value="https://idmp-br.github.io/brig-idmp-brasil/ImplementationGuide/brig.idmp.brazil"/></extension></valueCode></extension><url value="https://idmp-br.github.io/brig-idmp-brasil/CodeSystem/source-material-type"/><version value="0.0.3"/><name value="SourceMaterialType"/><title value="Tipo de Material de Origem"/><status value="active"/><date value="2025-10-30"/><publisher value="IDMP Brasil"/><contact><name value="IDMP Brasil"/><telecom><system value="url"/><value value="https://idmp-br.github.io"/></telecom><telecom><system value="email"/><value value="eugenio@farmaco.io"/></telecom></contact><contact><name value="IDMP Brasil"/><telecom><system value="email"/><value value="eugenio@farmaco.io"/></telecom><telecom><system value="url"/><value value="https://idmp-br.github.io/brig-idmp-brasil"/></telecom></contact><description value="Tipos de material de origem para substâncias biológicas"/><jurisdiction><coding><system value="urn:iso:std:iso:3166"/><code value="BR"/></coding></jurisdiction><copyright value="Copyright © 2025 Farmaco.io. Este trabalho está licenciado sob a MIT License. FHIR® é marca registrada da HL7 International, usada com permissão."/><caseSensitive value="true"/><content value="complete"/><count value="8"/><concept><code value="animal"/><display value="Animal"/><definition value="Origem animal"/><designation><use><system value="http://terminology.hl7.org/CodeSystem/hl7TermMaintInfra"/><code value="preferredForLanguage"/></use><value value="Animal"/></designation></concept><concept><code value="plant"/><display value="Vegetal"/><definition value="Origem vegetal"/><designation><use><system value="http://terminology.hl7.org/CodeSystem/hl7TermMaintInfra"/><code value="preferredForLanguage"/></use><value value="Vegetal"/></designation></concept><concept><code value="microbial"/><display value="Microbiano"/><definition value="Origem microbiana (bactérias, fungos, leveduras)"/><designation><use><system value="http://terminology.hl7.org/CodeSystem/hl7TermMaintInfra"/><code value="preferredForLanguage"/></use><value value="Microbiano"/></designation></concept><concept><code value="mineral"/><display value="Mineral"/><definition value="Origem mineral"/><designation><use><system value="http://terminology.hl7.org/CodeSystem/hl7TermMaintInfra"/><code value="preferredForLanguage"/></use><value value="Mineral"/></designation></concept><concept><code value="synthetic"/><display value="Sintético"/><definition value="Origem sintética"/><designation><use><system value="http://terminology.hl7.org/CodeSystem/hl7TermMaintInfra"/><code value="preferredForLanguage"/></use><value value="Sintético"/></designation></concept><concept><code value="semi-synthetic"/><display value="Semi-sintético"/><definition value="Origem semi-sintética (modificação de produto natural)"/><designation><use><system value="http://terminology.hl7.org/CodeSystem/hl7TermMaintInfra"/><code value="preferredForLanguage"/></use><value value="Semi-sintético"/></designation></concept><concept><code value="human"/><display value="Humano"/><definition value="Origem humana"/><designation><use><system value="http://terminology.hl7.org/CodeSystem/hl7TermMaintInfra"/><code value="preferredForLanguage"/></use><value value="Humano"/></designation></concept><concept><code value="biotechnology"/><display value="Biotecnologia"/><definition value="Produzido por biotecnologia (recombinante)"/><designation><use><system value="http://terminology.hl7.org/CodeSystem/hl7TermMaintInfra"/><code value="preferredForLanguage"/></use><value value="Biotecnologia"/></designation></concept></CodeSystem>