<?xml version="1.0" encoding="UTF-8"?><CodeSystem xmlns="http://hl7.org/fhir"><id value="disease-status"/><text><status value="generated"/><div xmlns="http://www.w3.org/1999/xhtml"><p class="res-header-id"><b>Narrativa gerada: CodeSystem disease-status</b></p><a name="disease-status"> </a><a name="hcdisease-status"> </a><p>Este  sistema de código  define o seguinte código:</p><table class="codes"><tr><td style="white-space:nowrap"><b>Código</b></td><td><b>Ecrã</b></td><td><b>Definição</b></td></tr><tr><td style="white-space:nowrap">acute<a name="disease-status-acute"> </a></td><td>Agudo</td><td>Condição aguda de início recente</td></tr><tr><td style="white-space:nowrap">chronic<a name="disease-status-chronic"> </a></td><td>Crônico</td><td>Condição crônica de longa duração</td></tr><tr><td style="white-space:nowrap">recurrent<a name="disease-status-recurrent"> </a></td><td>Recorrente</td><td>Condição com episódios recorrentes</td></tr><tr><td style="white-space:nowrap">remission<a name="disease-status-remission"> </a></td><td>Remissão</td><td>Condição em remissão</td></tr><tr><td style="white-space:nowrap">relapse<a name="disease-status-relapse"> </a></td><td>Recidiva</td><td>Recidiva de condição previamente tratada</td></tr><tr><td style="white-space:nowrap">resolved<a name="disease-status-resolved"> </a></td><td>Resolvido</td><td>Condição resolvida</td></tr><tr><td style="white-space:nowrap">mild<a name="disease-status-mild"> </a></td><td>Leve</td><td>Forma leve da condição</td></tr><tr><td style="white-space:nowrap">moderate<a name="disease-status-moderate"> </a></td><td>Moderado</td><td>Forma moderada da condição</td></tr><tr><td style="white-space:nowrap">severe<a name="disease-status-severe"> </a></td><td>Grave</td><td>Forma grave da condição</td></tr><tr><td style="white-space:nowrap">life-threatening<a name="disease-status-life-threatening"> </a></td><td>Risco de Vida</td><td>Condição com risco de vida</td></tr></table></div></text><extension url="http://hl7.org/fhir/StructureDefinition/structuredefinition-fmm"><valueInteger value="0"><extension url="http://hl7.org/fhir/StructureDefinition/structuredefinition-conformance-derivedFrom"><valueCanonical value="https://idmp-br.github.io/brig-idmp-brasil/ImplementationGuide/brig.idmp.brazil"/></extension></valueInteger></extension><extension url="http://hl7.org/fhir/StructureDefinition/structuredefinition-standards-status"><valueCode value="draft"><extension url="http://hl7.org/fhir/StructureDefinition/structuredefinition-conformance-derivedFrom"><valueCanonical value="https://idmp-br.github.io/brig-idmp-brasil/ImplementationGuide/brig.idmp.brazil"/></extension></valueCode></extension><url value="https://idmp-br.github.io/brig-idmp-brasil/CodeSystem/disease-status"/><version value="0.0.3"/><name value="DiseaseStatus"/><title value="Status da Doença"/><status value="active"/><experimental value="false"/><date value="2025-10-31"/><publisher value="IDMP Brasil"/><contact><name value="IDMP Brasil"/><telecom><system value="url"/><value value="https://idmp-br.github.io"/></telecom><telecom><system value="email"/><value value="eugenio@farmaco.io"/></telecom></contact><contact><name value="IDMP Brasil"/><telecom><system value="email"/><value value="eugenio@farmaco.io"/></telecom><telecom><system value="url"/><value value="https://idmp-br.github.io/brig-idmp-brasil"/></telecom></contact><description value="Status ou estágio de uma condição médica"/><jurisdiction><coding><system value="urn:iso:std:iso:3166"/><code value="BR"/></coding></jurisdiction><copyright value="Copyright © 2025 Farmaco.io. Este trabalho está licenciado sob a MIT License. FHIR® é marca registrada da HL7 International, usada com permissão."/><caseSensitive value="true"/><content value="complete"/><count value="10"/><concept><code value="acute"/><display value="Agudo"/><definition value="Condição aguda de início recente"/><designation><use><system value="http://terminology.hl7.org/CodeSystem/hl7TermMaintInfra"/><code value="preferredForLanguage"/></use><value value="Agudo"/></designation></concept><concept><code value="chronic"/><display value="Crônico"/><definition value="Condição crônica de longa duração"/><designation><use><system value="http://terminology.hl7.org/CodeSystem/hl7TermMaintInfra"/><code value="preferredForLanguage"/></use><value value="Crônico"/></designation></concept><concept><code value="recurrent"/><display value="Recorrente"/><definition value="Condição com episódios recorrentes"/><designation><use><system value="http://terminology.hl7.org/CodeSystem/hl7TermMaintInfra"/><code value="preferredForLanguage"/></use><value value="Recorrente"/></designation></concept><concept><code value="remission"/><display value="Remissão"/><definition value="Condição em remissão"/><designation><use><system value="http://terminology.hl7.org/CodeSystem/hl7TermMaintInfra"/><code value="preferredForLanguage"/></use><value value="Remissão"/></designation></concept><concept><code value="relapse"/><display value="Recidiva"/><definition value="Recidiva de condição previamente tratada"/><designation><use><system value="http://terminology.hl7.org/CodeSystem/hl7TermMaintInfra"/><code value="preferredForLanguage"/></use><value value="Recidiva"/></designation></concept><concept><code value="resolved"/><display value="Resolvido"/><definition value="Condição resolvida"/><designation><use><system value="http://terminology.hl7.org/CodeSystem/hl7TermMaintInfra"/><code value="preferredForLanguage"/></use><value value="Resolvido"/></designation></concept><concept><code value="mild"/><display value="Leve"/><definition value="Forma leve da condição"/><designation><use><system value="http://terminology.hl7.org/CodeSystem/hl7TermMaintInfra"/><code value="preferredForLanguage"/></use><value value="Leve"/></designation></concept><concept><code value="moderate"/><display value="Moderado"/><definition value="Forma moderada da condição"/><designation><use><system value="http://terminology.hl7.org/CodeSystem/hl7TermMaintInfra"/><code value="preferredForLanguage"/></use><value value="Moderado"/></designation></concept><concept><code value="severe"/><display value="Grave"/><definition value="Forma grave da condição"/><designation><use><system value="http://terminology.hl7.org/CodeSystem/hl7TermMaintInfra"/><code value="preferredForLanguage"/></use><value value="Grave"/></designation></concept><concept><code value="life-threatening"/><display value="Risco de Vida"/><definition value="Condição com risco de vida"/><designation><use><system value="http://terminology.hl7.org/CodeSystem/hl7TermMaintInfra"/><code value="preferredForLanguage"/></use><value value="Risco de Vida"/></designation></concept></CodeSystem>