<?xml version="1.0" encoding="UTF-8"?><CodeSystem xmlns="http://hl7.org/fhir"><id value="clinical-use-definition-category"/><text><status value="generated"/><div xmlns="http://www.w3.org/1999/xhtml"><p class="res-header-id"><b>Narrativa gerada: CodeSystem clinical-use-definition-category</b></p><a name="clinical-use-definition-category"> </a><a name="hcclinical-use-definition-category"> </a><p>Este  sistema de código  define o seguinte código:</p><table class="codes"><tr><td style="white-space:nowrap"><b>Código</b></td><td><b>Ecrã</b></td><td><b>Definição</b></td></tr><tr><td style="white-space:nowrap">pregnancy<a name="clinical-use-definition-category-pregnancy"> </a></td><td>Gravidez</td><td>Uso durante a gravidez</td></tr><tr><td style="white-space:nowrap">lactation<a name="clinical-use-definition-category-lactation"> </a></td><td>Lactação</td><td>Uso durante amamentação</td></tr><tr><td style="white-space:nowrap">pediatric<a name="clinical-use-definition-category-pediatric"> </a></td><td>Pediátrico</td><td>Uso em população pediátrica</td></tr><tr><td style="white-space:nowrap">geriatric<a name="clinical-use-definition-category-geriatric"> </a></td><td>Geriátrico</td><td>Uso em população geriátrica</td></tr><tr><td style="white-space:nowrap">renal-impairment<a name="clinical-use-definition-category-renal-impairment"> </a></td><td>Insuficiência Renal</td><td>Uso em pacientes com insuficiência renal</td></tr><tr><td style="white-space:nowrap">hepatic-impairment<a name="clinical-use-definition-category-hepatic-impairment"> </a></td><td>Insuficiência Hepática</td><td>Uso em pacientes com insuficiência hepática</td></tr><tr><td style="white-space:nowrap">overdose<a name="clinical-use-definition-category-overdose"> </a></td><td>Superdosagem</td><td>Informações sobre superdosagem</td></tr><tr><td style="white-space:nowrap">driving<a name="clinical-use-definition-category-driving"> </a></td><td>Condução de Veículos</td><td>Efeitos sobre capacidade de dirigir</td></tr><tr><td style="white-space:nowrap">alcohol<a name="clinical-use-definition-category-alcohol"> </a></td><td>Álcool</td><td>Interação com álcool</td></tr></table></div></text><extension url="http://hl7.org/fhir/StructureDefinition/structuredefinition-fmm"><valueInteger value="0"><extension url="http://hl7.org/fhir/StructureDefinition/structuredefinition-conformance-derivedFrom"><valueCanonical value="https://idmp-br.github.io/brig-idmp-brasil/ImplementationGuide/brig.idmp.brazil"/></extension></valueInteger></extension><extension url="http://hl7.org/fhir/StructureDefinition/structuredefinition-standards-status"><valueCode value="draft"><extension url="http://hl7.org/fhir/StructureDefinition/structuredefinition-conformance-derivedFrom"><valueCanonical value="https://idmp-br.github.io/brig-idmp-brasil/ImplementationGuide/brig.idmp.brazil"/></extension></valueCode></extension><url value="https://idmp-br.github.io/brig-idmp-brasil/CodeSystem/clinical-use-definition-category"/><version value="0.0.3"/><name value="ClinicalUseDefinitionCategory"/><title value="Categoria de Definição de Uso Clínico"/><status value="active"/><experimental value="false"/><date value="2025-10-31"/><publisher value="IDMP Brasil"/><contact><name value="IDMP Brasil"/><telecom><system value="url"/><value value="https://idmp-br.github.io"/></telecom><telecom><system value="email"/><value value="eugenio@farmaco.io"/></telecom></contact><contact><name value="IDMP Brasil"/><telecom><system value="email"/><value value="eugenio@farmaco.io"/></telecom><telecom><system value="url"/><value value="https://idmp-br.github.io/brig-idmp-brasil"/></telecom></contact><description value="Categorias que classificam o uso clínico (gravidez, lactação, etc.)"/><jurisdiction><coding><system value="urn:iso:std:iso:3166"/><code value="BR"/></coding></jurisdiction><copyright value="Copyright © 2025 Farmaco.io. Este trabalho está licenciado sob a MIT License. FHIR® é marca registrada da HL7 International, usada com permissão."/><caseSensitive value="true"/><content value="complete"/><count value="9"/><concept><code value="pregnancy"/><display value="Gravidez"/><definition value="Uso durante a gravidez"/><designation><use><system value="http://terminology.hl7.org/CodeSystem/hl7TermMaintInfra"/><code value="preferredForLanguage"/></use><value value="Gravidez"/></designation></concept><concept><code value="lactation"/><display value="Lactação"/><definition value="Uso durante amamentação"/><designation><use><system value="http://terminology.hl7.org/CodeSystem/hl7TermMaintInfra"/><code value="preferredForLanguage"/></use><value value="Lactação"/></designation></concept><concept><code value="pediatric"/><display value="Pediátrico"/><definition value="Uso em população pediátrica"/><designation><use><system value="http://terminology.hl7.org/CodeSystem/hl7TermMaintInfra"/><code value="preferredForLanguage"/></use><value value="Pediátrico"/></designation></concept><concept><code value="geriatric"/><display value="Geriátrico"/><definition value="Uso em população geriátrica"/><designation><use><system value="http://terminology.hl7.org/CodeSystem/hl7TermMaintInfra"/><code value="preferredForLanguage"/></use><value value="Geriátrico"/></designation></concept><concept><code value="renal-impairment"/><display value="Insuficiência Renal"/><definition value="Uso em pacientes com insuficiência renal"/><designation><use><system value="http://terminology.hl7.org/CodeSystem/hl7TermMaintInfra"/><code value="preferredForLanguage"/></use><value value="Insuficiência Renal"/></designation></concept><concept><code value="hepatic-impairment"/><display value="Insuficiência Hepática"/><definition value="Uso em pacientes com insuficiência hepática"/><designation><use><system value="http://terminology.hl7.org/CodeSystem/hl7TermMaintInfra"/><code value="preferredForLanguage"/></use><value value="Insuficiência Hepática"/></designation></concept><concept><code value="overdose"/><display value="Superdosagem"/><definition value="Informações sobre superdosagem"/><designation><use><system value="http://terminology.hl7.org/CodeSystem/hl7TermMaintInfra"/><code value="preferredForLanguage"/></use><value value="Superdosagem"/></designation></concept><concept><code value="driving"/><display value="Condução de Veículos"/><definition value="Efeitos sobre capacidade de dirigir"/><designation><use><system value="http://terminology.hl7.org/CodeSystem/hl7TermMaintInfra"/><code value="preferredForLanguage"/></use><value value="Condução de Veículos"/></designation></concept><concept><code value="alcohol"/><display value="Álcool"/><definition value="Interação com álcool"/><designation><use><system value="http://terminology.hl7.org/CodeSystem/hl7TermMaintInfra"/><code value="preferredForLanguage"/></use><value value="Álcool"/></designation></concept></CodeSystem>