<?xml version="1.0" encoding="UTF-8"?><CodeSystem xmlns="http://hl7.org/fhir"><id value="brazilian-government-systems"/><text><status value="generated"/><div xmlns="http://www.w3.org/1999/xhtml"><p class="res-header-id"><b>Narrativa gerada: CodeSystem brazilian-government-systems</b></p><a name="brazilian-government-systems"> </a><a name="hcbrazilian-government-systems"> </a><p>Este  sistema de código  define o seguinte código:</p><table class="codes"><tr><td style="white-space:nowrap"><b>Código</b></td><td><b>Ecrã</b></td><td><b>Definição</b></td></tr><tr><td style="white-space:nowrap">cnpj-ms<a name="brazilian-government-systems-cnpj-ms"> </a></td><td>CNPJ - Ministério da Saúde</td><td>Sistema oficial de CNPJ conforme padrão do Ministério da Saúde: https://saude.gov.br/fhir/sid/cnpj</td></tr><tr><td style="white-space:nowrap">cnes<a name="brazilian-government-systems-cnes"> </a></td><td>CNES</td><td>Cadastro Nacional de Estabelecimentos de Saúde: http://cnes.datasus.gov.br</td></tr><tr><td style="white-space:nowrap">anvisa-medicamento-registro<a name="brazilian-government-systems-anvisa-medicamento-registro"> </a></td><td>Registro de Medicamentos ANVISA</td><td>Sistema de registro de medicamentos da ANVISA: http://anvisa.gov.br/medicamentos/registro</td></tr><tr><td style="white-space:nowrap">anvisa-dcb<a name="brazilian-government-systems-anvisa-dcb"> </a></td><td>DCB - Denominação Comum Brasileira</td><td>Denominação Comum Brasileira da ANVISA: https://anvisa.gov.br/dcb</td></tr><tr><td style="white-space:nowrap">anvisa-substancia-codigo<a name="brazilian-government-systems-anvisa-substancia-codigo"> </a></td><td>Código de Substância ANVISA</td><td>Código de substâncias da ANVISA: https://anvisa.gov.br/substancias/codigo</td></tr><tr><td style="white-space:nowrap">anvisa-afe<a name="brazilian-government-systems-anvisa-afe"> </a></td><td>AFE - Autorização de Funcionamento de Empresa</td><td>Autorização de Funcionamento de Empresa da ANVISA: http://anvisa.gov.br/afe</td></tr><tr><td style="white-space:nowrap">anvisa-autorizacao-especial<a name="brazilian-government-systems-anvisa-autorizacao-especial"> </a></td><td>Autorização Especial ANVISA</td><td>Autorização especial da ANVISA: http://anvisa.gov.br/autorizacao-especial</td></tr><tr><td style="white-space:nowrap">anvisa-produto-embalagem<a name="brazilian-government-systems-anvisa-produto-embalagem"> </a></td><td>Código de Produto Embalado ANVISA</td><td>Código de identificação de produto embalado da ANVISA: http://anvisa.gov.br/produtos/embalagem</td></tr><tr><td style="white-space:nowrap">gs1-gtin<a name="brazilian-government-systems-gs1-gtin"> </a></td><td>GS1 GTIN</td><td>Global Trade Item Number: http://hl7.org/fhir/sid/gs1</td></tr><tr><td style="white-space:nowrap">cas-number<a name="brazilian-government-systems-cas-number"> </a></td><td>CAS Number</td><td>Chemical Abstracts Service Registry Number: urn:oid:2.16.840.1.113883.6.61</td></tr><tr><td style="white-space:nowrap">fda-unii<a name="brazilian-government-systems-fda-unii"> </a></td><td>FDA UNII</td><td>FDA Unique Ingredient Identifier: http://fdasis.nlm.nih.gov</td></tr><tr><td style="white-space:nowrap">ema-sub-id<a name="brazilian-government-systems-ema-sub-id"> </a></td><td>EMA SUB-ID</td><td>European Medicines Agency Substance ID: http://ema.europa.eu/identifier</td></tr><tr><td style="white-space:nowrap">ema-spor-org<a name="brazilian-government-systems-ema-spor-org"> </a></td><td>EMA SPOR Organization</td><td>EMA SPOR Organization ID: http://spor.ema.europa.eu/v1/organisations</td></tr><tr><td style="white-space:nowrap">fda-establishment<a name="brazilian-government-systems-fda-establishment"> </a></td><td>FDA Establishment ID</td><td>FDA Establishment Identifier: http://www.fda.gov/establishment-identifier</td></tr><tr><td style="white-space:nowrap">duns<a name="brazilian-government-systems-duns"> </a></td><td>DUNS Number</td><td>Data Universal Numbering System: http://www.duns.com/</td></tr></table></div></text><extension url="http://hl7.org/fhir/StructureDefinition/structuredefinition-standards-status"><valueCode value="informative"><extension url="http://hl7.org/fhir/StructureDefinition/structuredefinition-conformance-derivedFrom"><valueCanonical value="https://idmp-br.github.io/brig-idmp-brasil/ImplementationGuide/brig.idmp.brazil"/></extension></valueCode></extension><url value="https://idmp-br.github.io/brig-idmp-brasil/CodeSystem/brazilian-government-systems"/><version value="0.0.3"/><name value="BrazilianGovernmentSystems"/><title value="Sistemas Oficiais do Governo Brasileiro"/><status value="draft"/><experimental value="true"/><date value="2025-08-02"/><publisher value="IDMP Brasil"/><contact><name value="IDMP Brasil"/><telecom><system value="url"/><value value="https://idmp-br.github.io"/></telecom><telecom><system value="email"/><value value="eugenio@farmaco.io"/></telecom></contact><contact><name value="IDMP Brasil"/><telecom><system value="email"/><value value="eugenio@farmaco.io"/></telecom><telecom><system value="url"/><value value="https://idmp-br.github.io/brig-idmp-brasil"/></telecom></contact><description value="Sistema de códigos para referenciar sistemas oficiais do governo brasileiro"/><jurisdiction><coding><system value="urn:iso:std:iso:3166"/><code value="BR"/></coding></jurisdiction><copyright value="Copyright © 2025 Farmaco.io. Este trabalho está licenciado sob a MIT License. FHIR® é marca registrada da HL7 International, usada com permissão."/><caseSensitive value="true"/><content value="complete"/><count value="15"/><concept><code value="cnpj-ms"/><display value="CNPJ - Ministério da Saúde"/><definition value="Sistema oficial de CNPJ conforme padrão do Ministério da Saúde: https://saude.gov.br/fhir/sid/cnpj"/></concept><concept><code value="cnes"/><display value="CNES"/><definition value="Cadastro Nacional de Estabelecimentos de Saúde: http://cnes.datasus.gov.br"/></concept><concept><code value="anvisa-medicamento-registro"/><display value="Registro de Medicamentos ANVISA"/><definition value="Sistema de registro de medicamentos da ANVISA: http://anvisa.gov.br/medicamentos/registro"/></concept><concept><code value="anvisa-dcb"/><display value="DCB - Denominação Comum Brasileira"/><definition value="Denominação Comum Brasileira da ANVISA: https://anvisa.gov.br/dcb"/></concept><concept><code value="anvisa-substancia-codigo"/><display value="Código de Substância ANVISA"/><definition value="Código de substâncias da ANVISA: https://anvisa.gov.br/substancias/codigo"/></concept><concept><code value="anvisa-afe"/><display value="AFE - Autorização de Funcionamento de Empresa"/><definition value="Autorização de Funcionamento de Empresa da ANVISA: http://anvisa.gov.br/afe"/></concept><concept><code value="anvisa-autorizacao-especial"/><display value="Autorização Especial ANVISA"/><definition value="Autorização especial da ANVISA: http://anvisa.gov.br/autorizacao-especial"/></concept><concept><code value="anvisa-produto-embalagem"/><display value="Código de Produto Embalado ANVISA"/><definition value="Código de identificação de produto embalado da ANVISA: http://anvisa.gov.br/produtos/embalagem"/></concept><concept><code value="gs1-gtin"/><display value="GS1 GTIN"/><definition value="Global Trade Item Number: http://hl7.org/fhir/sid/gs1"/></concept><concept><code value="cas-number"/><display value="CAS Number"/><definition value="Chemical Abstracts Service Registry Number: urn:oid:2.16.840.1.113883.6.61"/></concept><concept><code value="fda-unii"/><display value="FDA UNII"/><definition value="FDA Unique Ingredient Identifier: http://fdasis.nlm.nih.gov"/></concept><concept><code value="ema-sub-id"/><display value="EMA SUB-ID"/><definition value="European Medicines Agency Substance ID: http://ema.europa.eu/identifier"/></concept><concept><code value="ema-spor-org"/><display value="EMA SPOR Organization"/><definition value="EMA SPOR Organization ID: http://spor.ema.europa.eu/v1/organisations"/></concept><concept><code value="fda-establishment"/><display value="FDA Establishment ID"/><definition value="FDA Establishment Identifier: http://www.fda.gov/establishment-identifier"/></concept><concept><code value="duns"/><display value="DUNS Number"/><definition value="Data Universal Numbering System: http://www.duns.com/"/></concept></CodeSystem>