<?xml version="1.0" encoding="UTF-8"?><ValueSet xmlns="http://hl7.org/fhir"><id value="product-characteristic-hybrid"/><text><status value="generated"/><div xmlns="http://www.w3.org/1999/xhtml"><p class="res-header-id"><b>Narrativa gerada: ValueSet product-characteristic-hybrid</b></p><a name="product-characteristic-hybrid"> </a><a name="hcproduct-characteristic-hybrid"> </a><p>Este conjunto de valores inclui códigos baseados nas seguintes regras:</p><ul><li>Incluir todos os códigos definidos em <a href="CodeSystem-product-characteristic.html"><code>https://idmp-br.github.io/brig-idmp-brasil/CodeSystem/product-characteristic</code></a><span title="Version is not explicitly stated, which means it is fixed to the version provided in this specification"> versão 📦0.0.3</span></li><li>Incluir códigos de<code>http://www.meddra.org</code><span title="Version is not explicity stated. No matching Code System found"> versão Not Stated (use latest from terminology server)</span> onde concept  descende de 10055458</li></ul></div></text><extension url="http://hl7.org/fhir/StructureDefinition/structuredefinition-fmm"><valueInteger value="0"><extension url="http://hl7.org/fhir/StructureDefinition/structuredefinition-conformance-derivedFrom"><valueCanonical value="https://idmp-br.github.io/brig-idmp-brasil/ImplementationGuide/brig.idmp.brazil"/></extension></valueInteger></extension><extension url="http://hl7.org/fhir/StructureDefinition/structuredefinition-standards-status"><valueCode value="draft"><extension url="http://hl7.org/fhir/StructureDefinition/structuredefinition-conformance-derivedFrom"><valueCanonical value="https://idmp-br.github.io/brig-idmp-brasil/ImplementationGuide/brig.idmp.brazil"/></extension></valueCode></extension><url value="https://idmp-br.github.io/brig-idmp-brasil/ValueSet/product-characteristic-hybrid"/><version value="0.0.3"/><name value="ProductCharacteristicHybrid"/><title value="Características de Produto (Brasil + MedDRA)"/><status value="active"/><experimental value="false"/><date value="2025-10-30"/><publisher value="IDMP Brasil"/><contact><name value="IDMP Brasil"/><telecom><system value="url"/><value value="https://idmp-br.github.io"/></telecom><telecom><system value="email"/><value value="eugenio@farmaco.io"/></telecom></contact><contact><name value="IDMP Brasil"/><telecom><system value="email"/><value value="eugenio@farmaco.io"/></telecom><telecom><system value="url"/><value value="https://idmp-br.github.io/brig-idmp-brasil"/></telecom></contact><description value="ValueSet híbrido que combina CodeSystem brasileiro de características de produto com terminologia MedDRA relevante"/><jurisdiction><coding><system value="urn:iso:std:iso:3166"/><code value="BR"/></coding></jurisdiction><purpose value="Fornecer vocabulário expandido para características de produto, combinando terminologia brasileira com MedDRA"/><copyright value="Copyright © 2025 Farmaco.io. Este trabalho está licenciado sob a MIT License. FHIR® é marca registrada da HL7 International, usada com permissão."/><compose><include><system value="https://idmp-br.github.io/brig-idmp-brasil/CodeSystem/product-characteristic"/></include><include><system value="http://www.meddra.org"/><filter><property value="concept"/><op value="descendent-of"/><value value="10055458"/></filter></include></compose></ValueSet>