<?xml version="1.0" encoding="UTF-8"?><ValueSet xmlns="http://hl7.org/fhir"><id value="administrable-dose-form"/><text><status value="generated"/><div xmlns="http://www.w3.org/1999/xhtml"><p class="res-header-id"><b>Narrativa gerada: ValueSet administrable-dose-form</b></p><a name="administrable-dose-form"> </a><a name="hcadministrable-dose-form"> </a><ul><li>Include estes códigos, tal como definidos em <code>http://standardterms.edqm.eu</code><span title="Version is not explicity stated. No matching Code System found"> versão Not Stated (use latest from terminology server)</span><table class="none"><tr><td style="white-space:nowrap"><b>Código</b></td><td><b>Ecrã</b></td></tr><tr><td>10117000</td><td>Oral solution</td></tr><tr><td>10118000</td><td>Oral suspension</td></tr><tr><td>11201000</td><td>Solution for injection</td></tr><tr><td>11203000</td><td>Suspension for injection</td></tr><tr><td>11202000</td><td>Emulsion for injection</td></tr><tr><td>10219000</td><td>Film-coated tablet</td></tr><tr><td>10210000</td><td>Hard capsule</td></tr><tr><td>10227000</td><td>Sublingual tablet</td></tr><tr><td>10228000</td><td>Buccal tablet</td></tr><tr><td>10504000</td><td>Cream</td></tr><tr><td>10513000</td><td>Ointment</td></tr><tr><td>10503000</td><td>Gel</td></tr><tr><td>10505000</td><td>Cutaneous solution</td></tr><tr><td>10304000</td><td>Pressurised inhalation</td></tr><tr><td>10308000</td><td>Nebuliser solution</td></tr><tr><td>10912000</td><td>Suppository</td></tr><tr><td>11007000</td><td>Vaginal capsule</td></tr></table></li></ul></div></text><extension url="http://hl7.org/fhir/StructureDefinition/structuredefinition-standards-status"><valueCode value="informative"><extension url="http://hl7.org/fhir/StructureDefinition/structuredefinition-conformance-derivedFrom"><valueCanonical value="https://idmp-br.github.io/brig-idmp-brasil/ImplementationGuide/brig.idmp.brazil"/></extension></valueCode></extension><url value="https://idmp-br.github.io/brig-idmp-brasil/ValueSet/administrable-dose-form"/><version value="0.0.3"/><name value="AdministrableDoseForm"/><title value="Formas Farmacêuticas Administráveis"/><status value="draft"/><experimental value="true"/><date value="2025-10-30"/><publisher value="IDMP Brasil"/><contact><name value="IDMP Brasil"/><telecom><system value="url"/><value value="https://idmp-br.github.io"/></telecom><telecom><system value="email"/><value value="eugenio@farmaco.io"/></telecom></contact><contact><name value="IDMP Brasil"/><telecom><system value="email"/><value value="eugenio@farmaco.io"/></telecom><telecom><system value="url"/><value value="https://idmp-br.github.io/brig-idmp-brasil"/></telecom></contact><description value="Formas farmacêuticas administráveis usando códigos EDQM Standard Terms"/><jurisdiction><coding><system value="urn:iso:std:iso:3166"/><code value="BR"/></coding></jurisdiction><copyright value="Copyright © 2025 Farmaco.io. Este trabalho está licenciado sob a MIT License. FHIR® é marca registrada da HL7 International, usada com permissão."/><compose><include><system value="http://standardterms.edqm.eu"/><concept><code value="10117000"/><display value="Oral solution"/></concept><concept><code value="10118000"/><display value="Oral suspension"/></concept><concept><code value="11201000"/><display value="Solution for injection"/></concept><concept><code value="11203000"/><display value="Suspension for injection"/></concept><concept><code value="11202000"/><display value="Emulsion for injection"/></concept><concept><code value="10219000"/><display value="Film-coated tablet"/></concept><concept><code value="10210000"/><display value="Hard capsule"/></concept><concept><code value="10227000"/><display value="Sublingual tablet"/></concept><concept><code value="10228000"/><display value="Buccal tablet"/></concept><concept><code value="10504000"/><display value="Cream"/></concept><concept><code value="10513000"/><display value="Ointment"/></concept><concept><code value="10503000"/><display value="Gel"/></concept><concept><code value="10505000"/><display value="Cutaneous solution"/></concept><concept><code value="10304000"/><display value="Pressurised inhalation"/></concept><concept><code value="10308000"/><display value="Nebuliser solution"/></concept><concept><code value="10912000"/><display value="Suppository"/></concept><concept><code value="11007000"/><display value="Vaginal capsule"/></concept></include></compose></ValueSet>