<?xml version="1.0" encoding="UTF-8"?><ValueSet xmlns="http://hl7.org/fhir"><id value="medicinal-product-code-atc"/><text><status value="generated"/><div xmlns="http://www.w3.org/1999/xhtml"><p class="res-header-id"><b>Narrativa gerada: ValueSet medicinal-product-code-atc</b></p><a name="medicinal-product-code-atc"> </a><a name="hcmedicinal-product-code-atc"> </a><ul><li>Include todos os códigos definidos em <a href="http://www.whocc.no/atc"><code>http://www.whocc.no/atc</code></a><span title="Version is not explicity stated. No matching Code System found"> versão Not Stated (use latest from terminology server)</span></li></ul></div></text><extension url="http://hl7.org/fhir/StructureDefinition/structuredefinition-fmm"><valueInteger value="0"><extension url="http://hl7.org/fhir/StructureDefinition/structuredefinition-conformance-derivedFrom"><valueCanonical value="https://idmp-br.github.io/brig-idmp-brasil/ImplementationGuide/brig.idmp.brazil"/></extension></valueInteger></extension><extension url="http://hl7.org/fhir/StructureDefinition/structuredefinition-standards-status"><valueCode value="draft"><extension url="http://hl7.org/fhir/StructureDefinition/structuredefinition-conformance-derivedFrom"><valueCanonical value="https://idmp-br.github.io/brig-idmp-brasil/ImplementationGuide/brig.idmp.brazil"/></extension></valueCode></extension><url value="https://idmp-br.github.io/brig-idmp-brasil/ValueSet/medicinal-product-code-atc"/><version value="0.0.3"/><name value="MedicinalProductCodeATC"/><title value="Códigos de Produto Medicinal (WHO ATC)"/><status value="active"/><experimental value="false"/><date value="2025-10-30"/><publisher value="IDMP Brasil"/><contact><name value="IDMP Brasil"/><telecom><system value="url"/><value value="https://idmp-br.github.io"/></telecom><telecom><system value="email"/><value value="eugenio@farmaco.io"/></telecom></contact><contact><name value="IDMP Brasil"/><telecom><system value="email"/><value value="eugenio@farmaco.io"/></telecom><telecom><system value="url"/><value value="https://idmp-br.github.io/brig-idmp-brasil"/></telecom></contact><description value="Códigos da Classificação Anatômica Terapêutica Química (ATC) da OMS para produtos medicinais e substâncias farmacêuticas."/><jurisdiction><coding><system value="urn:iso:std:iso:3166"/><code value="BR"/></coding></jurisdiction><purpose value="Classificar produtos medicinais conforme sistema ATC da OMS para interoperabilidade internacional"/><copyright value="WHO ATC é mantido pela Organização Mundial da Saúde. Uso permitido para fins de interoperabilidade em saúde."/><compose><include><system value="http://www.whocc.no/atc"/></include></compose></ValueSet>