<?xml version="1.0" encoding="UTF-8"?><ValueSet xmlns="http://hl7.org/fhir"><id value="publication-status"/><text><status value="generated"/><div xmlns="http://www.w3.org/1999/xhtml"><p class="res-header-id"><b>Narrativa gerada: ValueSet publication-status</b></p><a name="publication-status"> </a><a name="hcpublication-status"> </a><ul><li>Include todos os códigos definidos em <a href="http://hl7.org/fhir/R5/codesystem-publication-status.html"><code>http://hl7.org/fhir/publication-status</code></a><span title="Version is not explicitly stated, which means it is fixed to 5.0.0, the version found through the package references"> versão 📦5.0.0</span></li></ul></div></text><extension url="http://hl7.org/fhir/StructureDefinition/structuredefinition-fmm"><valueInteger value="0"><extension url="http://hl7.org/fhir/StructureDefinition/structuredefinition-conformance-derivedFrom"><valueCanonical value="https://idmp-br.github.io/brig-idmp-brasil/ImplementationGuide/brig.idmp.brazil"/></extension></valueInteger></extension><extension url="http://hl7.org/fhir/StructureDefinition/structuredefinition-standards-status"><valueCode value="draft"><extension url="http://hl7.org/fhir/StructureDefinition/structuredefinition-conformance-derivedFrom"><valueCanonical value="https://idmp-br.github.io/brig-idmp-brasil/ImplementationGuide/brig.idmp.brazil"/></extension></valueCode></extension><url value="https://idmp-br.github.io/brig-idmp-brasil/ValueSet/publication-status"/><version value="0.0.3"/><name value="PublicationStatus"/><title value="Status de Publicação"/><status value="active"/><experimental value="false"/><date value="2025-10-30"/><publisher value="IDMP Brasil"/><contact><name value="IDMP Brasil"/><telecom><system value="url"/><value value="https://idmp-br.github.io"/></telecom><telecom><system value="email"/><value value="eugenio@farmaco.io"/></telecom></contact><contact><name value="IDMP Brasil"/><telecom><system value="email"/><value value="eugenio@farmaco.io"/></telecom><telecom><system value="url"/><value value="https://idmp-br.github.io/brig-idmp-brasil"/></telecom></contact><description value="Status do ciclo de vida de publicação de um recurso FHIR. Este ValueSet referencia diretamente o CodeSystem oficial do FHIR R5."/><jurisdiction><coding><system value="urn:iso:std:iso:3166"/><code value="BR"/></coding></jurisdiction><purpose value="Definir status de publicação conforme especificação FHIR R5 para garantir interoperabilidade internacional"/><copyright value="Este ValueSet referencia o CodeSystem PublicationStatus do FHIR, que é de domínio público conforme licença HL7."/><compose><include><system value="http://hl7.org/fhir/publication-status"/></include></compose></ValueSet>