<?xml version="1.0" encoding="UTF-8"?><ValueSet xmlns="http://hl7.org/fhir"><id value="presentation-unit"/><text><status value="generated"/><div xmlns="http://www.w3.org/1999/xhtml"><p class="res-header-id"><b>Narrativa gerada: ValueSet presentation-unit</b></p><a name="presentation-unit"> </a><a name="hcpresentation-unit"> </a><ul><li>Include estes códigos, tal como definidos em <a href="http://unitsofmeasure.org"><code>http://unitsofmeasure.org</code></a><span title="Version is not explicity stated. No matching Code System found"> versão Not Stated (use latest from terminology server)</span><table class="none"><tr><td style="white-space:nowrap"><b>Código</b></td><td><b>Ecrã</b></td></tr><tr><td>{tablet}</td><td>tablet</td></tr><tr><td>{pill}</td><td>pill</td></tr><tr><td>{capsule}</td><td>capsule</td></tr><tr><td>{suppository}</td><td>suppository</td></tr><tr><td>{patch}</td><td>patch</td></tr><tr><td>{dose}</td><td>dose</td></tr><tr><td>{application}</td><td>application</td></tr><tr><td>{vial}</td><td>vial</td></tr><tr><td>{ampoule}</td><td>ampoule</td></tr><tr><td>{syringe}</td><td>syringe</td></tr><tr><td>{bottle}</td><td>bottle</td></tr><tr><td>{tube}</td><td>tube</td></tr></table></li></ul></div></text><extension url="http://hl7.org/fhir/StructureDefinition/structuredefinition-standards-status"><valueCode value="informative"><extension url="http://hl7.org/fhir/StructureDefinition/structuredefinition-conformance-derivedFrom"><valueCanonical value="https://idmp-br.github.io/brig-idmp-brasil/ImplementationGuide/brig.idmp.brazil"/></extension></valueCode></extension><url value="https://idmp-br.github.io/brig-idmp-brasil/ValueSet/presentation-unit"/><version value="0.0.3"/><name value="PresentationUnit"/><title value="Unidades de Apresentação"/><status value="draft"/><experimental value="true"/><date value="2025-10-30"/><publisher value="IDMP Brasil"/><contact><name value="IDMP Brasil"/><telecom><system value="url"/><value value="https://idmp-br.github.io"/></telecom><telecom><system value="email"/><value value="eugenio@farmaco.io"/></telecom></contact><contact><name value="IDMP Brasil"/><telecom><system value="email"/><value value="eugenio@farmaco.io"/></telecom><telecom><system value="url"/><value value="https://idmp-br.github.io/brig-idmp-brasil"/></telecom></contact><description value="Unidades de apresentação usando códigos UCUM (Unified Code for Units of Measure)"/><jurisdiction><coding><system value="urn:iso:std:iso:3166"/><code value="BR"/></coding></jurisdiction><copyright value="Copyright © 2025 Farmaco.io. Este trabalho está licenciado sob a MIT License. FHIR® é marca registrada da HL7 International, usada com permissão."/><compose><include><system value="http://unitsofmeasure.org"/><concept><code value="{tablet}"/><display value="tablet"/></concept><concept><code value="{pill}"/><display value="pill"/></concept><concept><code value="{capsule}"/><display value="capsule"/></concept><concept><code value="{suppository}"/><display value="suppository"/></concept><concept><code value="{patch}"/><display value="patch"/></concept><concept><code value="{dose}"/><display value="dose"/></concept><concept><code value="{application}"/><display value="application"/></concept><concept><code value="{vial}"/><display value="vial"/></concept><concept><code value="{ampoule}"/><display value="ampoule"/></concept><concept><code value="{syringe}"/><display value="syringe"/></concept><concept><code value="{bottle}"/><display value="bottle"/></concept><concept><code value="{tube}"/><display value="tube"/></concept></include></compose></ValueSet>