<?xml version="1.0" encoding="UTF-8"?><ValueSet xmlns="http://hl7.org/fhir"><id value="pcid-requiring-changes"/><text><status value="generated"/><div xmlns="http://www.w3.org/1999/xhtml"><p class="res-header-id"><b>Narrativa gerada: ValueSet pcid-requiring-changes</b></p><a name="pcid-requiring-changes"> </a><a name="hcpcid-requiring-changes"> </a><ul><li>Include estes códigos, tal como definidos em <code>http://farmaco.maxapex.net/brig/fhir/CodeSystem/identifier-change-reason</code><span title="Version is not explicity stated. No matching Code System found"> versão Not Stated (use latest from terminology server)</span><table class="none"><tr><td style="white-space:nowrap"><b>Código</b></td><td><b>Ecrã</b></td></tr><tr><td>package-change</td><td/></tr><tr><td>container-change</td><td/></tr><tr><td>quantity-change</td><td/></tr><tr><td>component-change</td><td/></tr></table></li></ul></div></text><extension url="http://hl7.org/fhir/StructureDefinition/structuredefinition-standards-status"><valueCode value="informative"><extension url="http://hl7.org/fhir/StructureDefinition/structuredefinition-conformance-derivedFrom"><valueCanonical value="https://idmp-br.github.io/brig-idmp-brasil/ImplementationGuide/brig.idmp.brazil"/></extension></valueCode></extension><url value="https://idmp-br.github.io/brig-idmp-brasil/ValueSet/pcid-requiring-changes"/><version value="0.0.3"/><name value="PCIDRequiringChanges"/><title value="Mudanças que Requerem Novo PCID"/><status value="draft"/><experimental value="true"/><date value="2025-08-04"/><publisher value="IDMP Brasil"/><contact><name value="IDMP Brasil"/><telecom><system value="url"/><value value="https://idmp-br.github.io"/></telecom><telecom><system value="email"/><value value="eugenio@farmaco.io"/></telecom></contact><contact><name value="IDMP Brasil"/><telecom><system value="email"/><value value="eugenio@farmaco.io"/></telecom><telecom><system value="url"/><value value="https://idmp-br.github.io/brig-idmp-brasil"/></telecom></contact><description value="Tipos de mudanças que requerem geração de novo PCID"/><jurisdiction><coding><system value="urn:iso:std:iso:3166"/><code value="BR"/></coding></jurisdiction><copyright value="Copyright © 2025 Farmaco.io. Este trabalho está licenciado sob a MIT License. FHIR® é marca registrada da HL7 International, usada com permissão."/><compose><include><system value="http://farmaco.maxapex.net/brig/fhir/CodeSystem/identifier-change-reason"/><concept><code value="package-change"/></concept><concept><code value="container-change"/></concept><concept><code value="quantity-change"/></concept><concept><code value="component-change"/></concept></include></compose></ValueSet>