<?xml version="1.0" encoding="UTF-8"?><ValueSet xmlns="http://hl7.org/fhir"><id value="combined-pharmaceutical-dose-form"/><text><status value="generated"/><div xmlns="http://www.w3.org/1999/xhtml"><p class="res-header-id"><b>Narrativa gerada: ValueSet combined-pharmaceutical-dose-form</b></p><a name="combined-pharmaceutical-dose-form"> </a><a name="hccombined-pharmaceutical-dose-form"> </a><ul><li>Include todos os códigos definidos em <code>http://standardterms.edqm.eu</code><span title="Version is not explicity stated. No matching Code System found"> versão Not Stated (use latest from terminology server)</span></li></ul></div></text><extension url="http://hl7.org/fhir/StructureDefinition/structuredefinition-standards-status"><valueCode value="informative"><extension url="http://hl7.org/fhir/StructureDefinition/structuredefinition-conformance-derivedFrom"><valueCanonical value="https://idmp-br.github.io/brig-idmp-brasil/ImplementationGuide/brig.idmp.brazil"/></extension></valueCode></extension><url value="https://idmp-br.github.io/brig-idmp-brasil/ValueSet/combined-pharmaceutical-dose-form"/><version value="0.0.3"/><name value="CombinedPharmaceuticalDoseForm"/><title value="Formas Farmacêuticas Combinadas"/><status value="draft"/><experimental value="true"/><date value="2025-10-30"/><publisher value="IDMP Brasil"/><contact><name value="IDMP Brasil"/><telecom><system value="url"/><value value="https://idmp-br.github.io"/></telecom><telecom><system value="email"/><value value="eugenio@farmaco.io"/></telecom></contact><contact><name value="IDMP Brasil"/><telecom><system value="email"/><value value="eugenio@farmaco.io"/></telecom><telecom><system value="url"/><value value="https://idmp-br.github.io/brig-idmp-brasil"/></telecom></contact><description value="Formas farmacêuticas para produtos como um todo, considerando todas as partes individuais, mas antes de qualquer mistura. Diferente de administrable-dose-form, este ValueSet contempla produtos complexos e combinados."/><jurisdiction><coding><system value="urn:iso:std:iso:3166"/><code value="BR"/></coding></jurisdiction><purpose value="Descrever a forma farmacêutica combinada de produtos medicinais complexos (ex: comprimidos multicamadas, cápsulas com pellets de liberação modificada, produtos de múltiplos componentes)"/><copyright value="Este ValueSet referencia códigos EDQM Standard Terms"/><compose><include><system value="http://standardterms.edqm.eu"/></include></compose></ValueSet>