<?xml version="1.0" encoding="UTF-8"?><ValueSet xmlns="http://hl7.org/fhir"><id value="adverse-effect-frequency-br"/><language value="pt-BR"/><text><status value="generated"/><div xmlns="http://www.w3.org/1999/xhtml" xml:lang="pt-BR" lang="pt-BR"><p class="res-header-id"><b>Narrativa gerada: ValueSet adverse-effect-frequency-br</b></p><a name="adverse-effect-frequency-br"> </a><a name="hcadverse-effect-frequency-br"> </a><div style="display: inline-block; background-color: #d9e0e7; padding: 6px; margin: 4px; border: 1px solid #8da1b4; border-radius: 5px; line-height: 60%"><p style="margin-bottom: 0px">Língua: pt-BR</p></div><ul><li>Include estes códigos, tal como definidos em <a href="http://www.snomed.org/"><code>http://snomed.info/sct</code></a><span title="Version is not explicity stated. No matching Code System found"> versão Not Stated (use latest from terminology server)</span><table class="none"><tr><td style="white-space:nowrap"><b>Código</b></td><td><b>Ecrã</b></td></tr><tr><td><a href="http://snomed.info/id/255212004">255212004</a></td><td>Frequent (qualifier value)</td></tr><tr><td><a href="http://snomed.info/id/84638005">84638005</a></td><td>Occasional (qualifier value)</td></tr><tr><td><a href="http://snomed.info/id/103356009">103356009</a></td><td>Rare (qualifier value)</td></tr></table></li></ul></div></text><extension url="http://hl7.org/fhir/StructureDefinition/structuredefinition-standards-status"><valueCode value="informative"><extension url="http://hl7.org/fhir/StructureDefinition/structuredefinition-conformance-derivedFrom"><valueCanonical value="https://idmp-br.github.io/brig-idmp-brasil/ImplementationGuide/brig.idmp.brazil"/></extension></valueCode></extension><url value="https://idmp-br.github.io/brig-idmp-brasil/ValueSet/adverse-effect-frequency-br"/><version value="0.0.3"/><name value="AdverseEffectFrequencyBRValueSet"/><title value="Frequência de Efeitos Adversos - Brasil"/><status value="draft"/><experimental value="true"/><date value="2025-09-07"/><publisher value="IDMP Brasil"/><contact><name value="IDMP Brasil"/><telecom><system value="url"/><value value="https://idmp-br.github.io"/></telecom><telecom><system value="email"/><value value="eugenio@farmaco.io"/></telecom></contact><contact><name value="IDMP Brasil"/><telecom><system value="email"/><value value="eugenio@farmaco.io"/></telecom><telecom><system value="url"/><value value="https://idmp-br.github.io/brig-idmp-brasil"/></telecom></contact><description value="ValueSet de classificação de frequência de efeitos adversos conforme padrão brasileiro."/><jurisdiction><coding><system value="urn:iso:std:iso:3166"/><code value="BR"/></coding></jurisdiction><immutable value="false"/><copyright value="Copyright © 2025 Farmaco.io. Este trabalho está licenciado sob a MIT License. FHIR® é marca registrada da HL7 International, usada com permissão."/><compose><include><system value="http://snomed.info/sct"/><concept><code value="255212004"/><display value="Frequent (qualifier value)"/></concept><concept><code value="84638005"/><display value="Occasional (qualifier value)"/></concept><concept><code value="103356009"/><display value="Rare (qualifier value)"/></concept></include></compose></ValueSet>