<?xml version="1.0" encoding="UTF-8"?><ValueSet xmlns="http://hl7.org/fhir"><id value="clinical-use-status-br"/><language value="pt-BR"/><text><status value="generated"/><div xmlns="http://www.w3.org/1999/xhtml" xml:lang="pt-BR" lang="pt-BR"><p class="res-header-id"><b>Narrativa gerada: ValueSet clinical-use-status-br</b></p><a name="clinical-use-status-br"> </a><a name="hcclinical-use-status-br"> </a><div style="display: inline-block; background-color: #d9e0e7; padding: 6px; margin: 4px; border: 1px solid #8da1b4; border-radius: 5px; line-height: 60%"><p style="margin-bottom: 0px">Língua: pt-BR</p></div><ul><li>Include estes códigos, tal como definidos em <code>http://farmaco.maxapex.net/brig/fhir/CodeSystem/clinical-use-status-br</code><span title="Version is not explicity stated. No matching Code System found"> versão Not Stated (use latest from terminology server)</span><table class="none"><tr><td style="white-space:nowrap"><b>Código</b></td><td><b>Ecrã</b></td></tr><tr><td>active</td><td>Ativo</td></tr><tr><td>suspended</td><td>Suspenso</td></tr><tr><td>deprecated</td><td>Depreciado</td></tr><tr><td>under-review</td><td>Em revisão</td></tr><tr><td>pending-approval</td><td>Pendente aprovação</td></tr><tr><td>rejected</td><td>Rejeitado</td></tr></table></li></ul></div></text><extension url="http://hl7.org/fhir/StructureDefinition/structuredefinition-standards-status"><valueCode value="informative"><extension url="http://hl7.org/fhir/StructureDefinition/structuredefinition-conformance-derivedFrom"><valueCanonical value="https://idmp-br.github.io/brig-idmp-brasil/ImplementationGuide/brig.idmp.brazil"/></extension></valueCode></extension><url value="https://idmp-br.github.io/brig-idmp-brasil/ValueSet/clinical-use-status-br"/><version value="0.0.3"/><name value="ClinicalUseStatusBRValueSet"/><title value="Status de Uso Clínico - Brasil"/><status value="draft"/><experimental value="true"/><date value="2025-09-07"/><publisher value="IDMP Brasil"/><contact><name value="IDMP Brasil"/><telecom><system value="url"/><value value="https://idmp-br.github.io"/></telecom><telecom><system value="email"/><value value="eugenio@farmaco.io"/></telecom></contact><contact><name value="IDMP Brasil"/><telecom><system value="email"/><value value="eugenio@farmaco.io"/></telecom><telecom><system value="url"/><value value="https://idmp-br.github.io/brig-idmp-brasil"/></telecom></contact><description value="ValueSet dos status das definições de uso clínico para o contexto brasileiro."/><jurisdiction><coding><system value="urn:iso:std:iso:3166"/><code value="BR"/></coding></jurisdiction><immutable value="false"/><copyright value="Copyright © 2025 Farmaco.io. Este trabalho está licenciado sob a MIT License. FHIR® é marca registrada da HL7 International, usada com permissão."/><compose><include><system value="http://farmaco.maxapex.net/brig/fhir/CodeSystem/clinical-use-status-br"/><concept><code value="active"/><display value="Ativo"/></concept><concept><code value="suspended"/><display value="Suspenso"/></concept><concept><code value="deprecated"/><display value="Depreciado"/></concept><concept><code value="under-review"/><display value="Em revisão"/></concept><concept><code value="pending-approval"/><display value="Pendente aprovação"/></concept><concept><code value="rejected"/><display value="Rejeitado"/></concept></include></compose></ValueSet>