<?xml version="1.0" encoding="UTF-8"?><ValueSet xmlns="http://hl7.org/fhir"><id value="unit-of-presentation"/><text><status value="generated"/><div xmlns="http://www.w3.org/1999/xhtml"><p class="res-header-id"><b>Narrativa gerada: ValueSet unit-of-presentation</b></p><a name="unit-of-presentation"> </a><a name="hcunit-of-presentation"> </a><ul><li>Include estes códigos, tal como definidos em <code>http://standardterms.edqm.eu</code><span title="Version is not explicity stated. No matching Code System found"> versão Not Stated (use latest from terminology server)</span><table class="none"><tr><td style="white-space:nowrap"><b>Código</b></td><td><b>Ecrã</b></td></tr><tr><td>15054000</td><td>Tablet</td></tr><tr><td>15009000</td><td>Capsule</td></tr><tr><td>15037000</td><td>Suppository</td></tr><tr><td>15018000</td><td>Dose</td></tr><tr><td>15058000</td><td>Vial</td></tr><tr><td>15003000</td><td>Ampoule</td></tr><tr><td>15051000</td><td>Syringe</td></tr><tr><td>15013000</td><td>Bottle</td></tr><tr><td>15056000</td><td>Tube</td></tr><tr><td>15046000</td><td>Sachet</td></tr><tr><td>15048000</td><td>Patch</td></tr></table></li></ul></div></text><extension url="http://hl7.org/fhir/StructureDefinition/structuredefinition-fmm"><valueInteger value="0"><extension url="http://hl7.org/fhir/StructureDefinition/structuredefinition-conformance-derivedFrom"><valueCanonical value="https://idmp-br.github.io/brig-idmp-brasil/ImplementationGuide/brig.idmp.brazil"/></extension></valueInteger></extension><extension url="http://hl7.org/fhir/StructureDefinition/structuredefinition-standards-status"><valueCode value="draft"><extension url="http://hl7.org/fhir/StructureDefinition/structuredefinition-conformance-derivedFrom"><valueCanonical value="https://idmp-br.github.io/brig-idmp-brasil/ImplementationGuide/brig.idmp.brazil"/></extension></valueCode></extension><url value="https://idmp-br.github.io/brig-idmp-brasil/ValueSet/unit-of-presentation"/><version value="0.0.3"/><name value="UnitOfPresentation"/><title value="Unidade de Apresentação"/><status value="active"/><experimental value="false"/><date value="2025-10-30"/><publisher value="IDMP Brasil"/><contact><name value="IDMP Brasil"/><telecom><system value="url"/><value value="https://idmp-br.github.io"/></telecom><telecom><system value="email"/><value value="eugenio@farmaco.io"/></telecom></contact><contact><name value="IDMP Brasil"/><telecom><system value="email"/><value value="eugenio@farmaco.io"/></telecom><telecom><system value="url"/><value value="https://idmp-br.github.io/brig-idmp-brasil"/></telecom></contact><description value="Unidades de apresentação usando códigos EDQM Standard Terms"/><jurisdiction><coding><system value="urn:iso:std:iso:3166"/><code value="BR"/></coding></jurisdiction><copyright value="Copyright © 2025 Farmaco.io. Este trabalho está licenciado sob a MIT License. FHIR® é marca registrada da HL7 International, usada com permissão."/><compose><include><system value="http://standardterms.edqm.eu"/><concept><code value="15054000"/><display value="Tablet"/></concept><concept><code value="15009000"/><display value="Capsule"/></concept><concept><code value="15037000"/><display value="Suppository"/></concept><concept><code value="15018000"/><display value="Dose"/></concept><concept><code value="15058000"/><display value="Vial"/></concept><concept><code value="15003000"/><display value="Ampoule"/></concept><concept><code value="15051000"/><display value="Syringe"/></concept><concept><code value="15013000"/><display value="Bottle"/></concept><concept><code value="15056000"/><display value="Tube"/></concept><concept><code value="15046000"/><display value="Sachet"/></concept><concept><code value="15048000"/><display value="Patch"/></concept></include></compose></ValueSet>