<?xml version="1.0" encoding="UTF-8"?><ValueSet xmlns="http://hl7.org/fhir"><id value="exemplo-valueset-brasileiro"/><language value="pt-BR"/><text><status value="generated"/><div xmlns="http://www.w3.org/1999/xhtml" xml:lang="pt-BR" lang="pt-BR"><p class="res-header-id"><b>Narrativa gerada: ValueSet exemplo-valueset-brasileiro</b></p><a name="exemplo-valueset-brasileiro"> </a><a name="hcexemplo-valueset-brasileiro"> </a><div style="display: inline-block; background-color: #d9e0e7; padding: 6px; margin: 4px; border: 1px solid #8da1b4; border-radius: 5px; line-height: 60%"><p style="margin-bottom: 0px">Língua: pt-BR</p></div><ul><li>Include todos os códigos definidos em <code>http://farmaco.maxapex.net/brig/fhir/CodeSystem/exemplo-brasileiro</code><span title="Version is not explicity stated. No matching Code System found"> versão Not Stated (use latest from terminology server)</span></li></ul></div></text><extension url="http://hl7.org/fhir/StructureDefinition/structuredefinition-standards-status"><valueCode value="informative"><extension url="http://hl7.org/fhir/StructureDefinition/structuredefinition-conformance-derivedFrom"><valueCanonical value="https://idmp-br.github.io/brig-idmp-brasil/ImplementationGuide/brig.idmp.brazil"/></extension></valueCode></extension><url value="https://idmp-br.github.io/brig-idmp-brasil/ValueSet/exemplo-valueset-brasileiro"/><version value="0.0.3"/><name value="ExemploValueSetBrasileiro"/><title value="Exemplo de ValueSet Brasileiro"/><status value="draft"/><experimental value="true"/><date value="2025-08-04"/><publisher value="IDMP Brasil"/><contact><name value="IDMP Brasil"/><telecom><system value="url"/><value value="https://idmp-br.github.io"/></telecom><telecom><system value="email"/><value value="eugenio@farmaco.io"/></telecom></contact><contact><name value="IDMP Brasil"/><telecom><system value="email"/><value value="eugenio@farmaco.io"/></telecom><telecom><system value="url"/><value value="https://idmp-br.github.io/brig-idmp-brasil"/></telecom></contact><description value="ValueSet de exemplo com terminologia farmacêutica brasileira padronizada conforme contexto regulatório nacional"/><jurisdiction><coding><system value="urn:iso:std:iso:3166"/><code value="BR"/></coding></jurisdiction><purpose value="Demonstrar estrutura de ValueSet com terminologia brasileira adequada"/><copyright value="Copyright © 2025 BRIG Brasil. Terminologia em português brasileiro."/><compose><include><system value="http://farmaco.maxapex.net/brig/fhir/CodeSystem/exemplo-brasileiro"/></include></compose></ValueSet>