{
  "resourceType" : "CodeSystem",
  "id" : "product-intended-use",
  "text" : {
    "status" : "generated",
    "div" : "<div xmlns=\"http://www.w3.org/1999/xhtml\"><p class=\"res-header-id\"><b>Narrativa gerada: CodeSystem product-intended-use</b></p><a name=\"product-intended-use\"> </a><a name=\"hcproduct-intended-use\"> </a><p>Este  sistema de código  define o seguinte código:</p><table class=\"codes\"><tr><td style=\"white-space:nowrap\"><b>Código</b></td><td><b>Ecrã</b></td><td><b>Definição</b></td></tr><tr><td style=\"white-space:nowrap\">prevention<a name=\"product-intended-use-prevention\"> </a></td><td>Prevenção</td><td>Produto destinado à prevenção de doenças</td></tr><tr><td style=\"white-space:nowrap\">diagnosis<a name=\"product-intended-use-diagnosis\"> </a></td><td>Diagnóstico</td><td>Produto destinado ao diagnóstico de condições de saúde</td></tr><tr><td style=\"white-space:nowrap\">treatment<a name=\"product-intended-use-treatment\"> </a></td><td>Tratamento</td><td>Produto destinado ao tratamento de doenças ou sintomas</td></tr><tr><td style=\"white-space:nowrap\">palliation<a name=\"product-intended-use-palliation\"> </a></td><td>Paliação</td><td>Produto destinado ao alívio de sintomas sem tratamento curativo</td></tr><tr><td style=\"white-space:nowrap\">contraception<a name=\"product-intended-use-contraception\"> </a></td><td>Contracepção</td><td>Produto destinado à prevenção de gravidez</td></tr><tr><td style=\"white-space:nowrap\">immunization<a name=\"product-intended-use-immunization\"> </a></td><td>Imunização</td><td>Produto destinado à imunização contra doenças infecciosas</td></tr></table></div>"
  },
  "extension" : [{
    "url" : "http://hl7.org/fhir/StructureDefinition/structuredefinition-fmm",
    "valueInteger" : 0,
    "_valueInteger" : {
      "extension" : [{
        "url" : "http://hl7.org/fhir/StructureDefinition/structuredefinition-conformance-derivedFrom",
        "valueCanonical" : "https://idmp-br.github.io/brig-idmp-brasil/ImplementationGuide/brig.idmp.brazil"
      }]
    }
  },
  {
    "url" : "http://hl7.org/fhir/StructureDefinition/structuredefinition-standards-status",
    "valueCode" : "draft",
    "_valueCode" : {
      "extension" : [{
        "url" : "http://hl7.org/fhir/StructureDefinition/structuredefinition-conformance-derivedFrom",
        "valueCanonical" : "https://idmp-br.github.io/brig-idmp-brasil/ImplementationGuide/brig.idmp.brazil"
      }]
    }
  }],
  "url" : "https://idmp-br.github.io/brig-idmp-brasil/CodeSystem/product-intended-use",
  "version" : "0.0.3",
  "name" : "ProductIntendedUse",
  "title" : "Uso Pretendido do Produto",
  "status" : "active",
  "experimental" : false,
  "date" : "2025-10-30",
  "publisher" : "IDMP Brasil",
  "contact" : [{
    "name" : "IDMP Brasil",
    "telecom" : [{
      "system" : "url",
      "value" : "https://idmp-br.github.io"
    },
    {
      "system" : "email",
      "value" : "eugenio@farmaco.io"
    }]
  },
  {
    "name" : "IDMP Brasil",
    "telecom" : [{
      "system" : "email",
      "value" : "eugenio@farmaco.io"
    },
    {
      "system" : "url",
      "value" : "https://idmp-br.github.io/brig-idmp-brasil"
    }]
  }],
  "description" : "Classificação do uso pretendido de produtos farmacêuticos",
  "jurisdiction" : [{
    "coding" : [{
      "system" : "urn:iso:std:iso:3166",
      "code" : "BR"
    }]
  }],
  "copyright" : "Copyright © 2025 Farmaco.io. Este trabalho está licenciado sob a MIT License. FHIR® é marca registrada da HL7 International, usada com permissão.",
  "caseSensitive" : true,
  "content" : "complete",
  "count" : 6,
  "concept" : [{
    "code" : "prevention",
    "display" : "Prevenção",
    "definition" : "Produto destinado à prevenção de doenças"
  },
  {
    "code" : "diagnosis",
    "display" : "Diagnóstico",
    "definition" : "Produto destinado ao diagnóstico de condições de saúde"
  },
  {
    "code" : "treatment",
    "display" : "Tratamento",
    "definition" : "Produto destinado ao tratamento de doenças ou sintomas"
  },
  {
    "code" : "palliation",
    "display" : "Paliação",
    "definition" : "Produto destinado ao alívio de sintomas sem tratamento curativo"
  },
  {
    "code" : "contraception",
    "display" : "Contracepção",
    "definition" : "Produto destinado à prevenção de gravidez"
  },
  {
    "code" : "immunization",
    "display" : "Imunização",
    "definition" : "Produto destinado à imunização contra doenças infecciosas"
  }]
}