{
  "resourceType" : "CodeSystem",
  "id" : "ingredient-function",
  "text" : {
    "status" : "generated",
    "div" : "<div xmlns=\"http://www.w3.org/1999/xhtml\"><p class=\"res-header-id\"><b>Narrativa gerada: CodeSystem ingredient-function</b></p><a name=\"ingredient-function\"> </a><a name=\"hcingredient-function\"> </a><p>Este  sistema de código  define o seguinte código:</p><table class=\"codes\"><tr><td style=\"white-space:nowrap\"><b>Código</b></td><td><b>Ecrã</b></td><td><b>Definição</b></td></tr><tr><td style=\"white-space:nowrap\">revestimento<a name=\"ingredient-function-revestimento\"> </a></td><td>Revestimento</td><td>Componente do revestimento de comprimidos/cápsulas</td></tr><tr><td style=\"white-space:nowrap\">nucleo<a name=\"ingredient-function-nucleo\"> </a></td><td>Núcleo</td><td>Componente do núcleo da forma farmacêutica</td></tr><tr><td style=\"white-space:nowrap\">liberacao-controlada<a name=\"ingredient-function-liberacao-controlada\"> </a></td><td>Liberação Controlada</td><td>Componente que modifica a liberação do fármaco</td></tr><tr><td style=\"white-space:nowrap\">gastroprotetor<a name=\"ingredient-function-gastroprotetor\"> </a></td><td>Gastroprotetor</td><td>Componente que protege contra o pH gástrico</td></tr><tr><td style=\"white-space:nowrap\">enterico<a name=\"ingredient-function-enterico\"> </a></td><td>Entérico</td><td>Componente do revestimento entérico</td></tr><tr><td style=\"white-space:nowrap\">quelante<a name=\"ingredient-function-quelante\"> </a></td><td>Quelante</td><td>Substância que complexa íons metálicos</td></tr><tr><td style=\"white-space:nowrap\">sequestrante<a name=\"ingredient-function-sequestrante\"> </a></td><td>Sequestrante</td><td>Substância que remove impurezas</td></tr><tr><td style=\"white-space:nowrap\">crioprotetor<a name=\"ingredient-function-crioprotetor\"> </a></td><td>Crioprotetor</td><td>Substância que protege contra congelamento</td></tr><tr><td style=\"white-space:nowrap\">identificacao<a name=\"ingredient-function-identificacao\"> </a></td><td>Identificação</td><td>Substância para identificação visual do produto</td></tr><tr><td style=\"white-space:nowrap\">diferenciacao<a name=\"ingredient-function-diferenciacao\"> </a></td><td>Diferenciação</td><td>Substância para diferenciação entre apresentações</td></tr></table></div>"
  },
  "extension" : [{
    "url" : "http://hl7.org/fhir/StructureDefinition/structuredefinition-standards-status",
    "valueCode" : "informative",
    "_valueCode" : {
      "extension" : [{
        "url" : "http://hl7.org/fhir/StructureDefinition/structuredefinition-conformance-derivedFrom",
        "valueCanonical" : "https://idmp-br.github.io/brig-idmp-brasil/ImplementationGuide/brig.idmp.brazil"
      }]
    }
  }],
  "url" : "https://idmp-br.github.io/brig-idmp-brasil/CodeSystem/ingredient-function",
  "version" : "0.0.3",
  "name" : "IngredientFunction",
  "title" : "Funções de Ingredientes",
  "status" : "draft",
  "experimental" : true,
  "date" : "2025-08-02",
  "publisher" : "IDMP Brasil",
  "contact" : [{
    "name" : "IDMP Brasil",
    "telecom" : [{
      "system" : "url",
      "value" : "https://idmp-br.github.io"
    },
    {
      "system" : "email",
      "value" : "eugenio@farmaco.io"
    }]
  },
  {
    "name" : "IDMP Brasil",
    "telecom" : [{
      "system" : "email",
      "value" : "eugenio@farmaco.io"
    },
    {
      "system" : "url",
      "value" : "https://idmp-br.github.io/brig-idmp-brasil"
    }]
  }],
  "description" : "Sistema de códigos para funções específicas de ingredientes (padrão internacional)",
  "jurisdiction" : [{
    "coding" : [{
      "system" : "urn:iso:std:iso:3166",
      "code" : "BR"
    }]
  }],
  "copyright" : "Copyright © 2025 Farmaco.io. Este trabalho está licenciado sob a MIT License. FHIR® é marca registrada da HL7 International, usada com permissão.",
  "caseSensitive" : true,
  "content" : "complete",
  "count" : 10,
  "concept" : [{
    "code" : "revestimento",
    "display" : "Revestimento",
    "definition" : "Componente do revestimento de comprimidos/cápsulas"
  },
  {
    "code" : "nucleo",
    "display" : "Núcleo",
    "definition" : "Componente do núcleo da forma farmacêutica"
  },
  {
    "code" : "liberacao-controlada",
    "display" : "Liberação Controlada",
    "definition" : "Componente que modifica a liberação do fármaco"
  },
  {
    "code" : "gastroprotetor",
    "display" : "Gastroprotetor",
    "definition" : "Componente que protege contra o pH gástrico"
  },
  {
    "code" : "enterico",
    "display" : "Entérico",
    "definition" : "Componente do revestimento entérico"
  },
  {
    "code" : "quelante",
    "display" : "Quelante",
    "definition" : "Substância que complexa íons metálicos"
  },
  {
    "code" : "sequestrante",
    "display" : "Sequestrante",
    "definition" : "Substância que remove impurezas"
  },
  {
    "code" : "crioprotetor",
    "display" : "Crioprotetor",
    "definition" : "Substância que protege contra congelamento"
  },
  {
    "code" : "identificacao",
    "display" : "Identificação",
    "definition" : "Substância para identificação visual do produto"
  },
  {
    "code" : "diferenciacao",
    "display" : "Diferenciação",
    "definition" : "Substância para diferenciação entre apresentações"
  }]
}