{
  "resourceType" : "CodeSystem",
  "id" : "brazilian-pharmaceutical-terminology",
  "text" : {
    "status" : "generated",
    "div" : "<div xmlns=\"http://www.w3.org/1999/xhtml\"><p class=\"res-header-id\"><b>Narrativa gerada: CodeSystem brazilian-pharmaceutical-terminology</b></p><a name=\"brazilian-pharmaceutical-terminology\"> </a><a name=\"hcbrazilian-pharmaceutical-terminology\"> </a><p>Este  sistema de código  define o seguinte código:</p><table class=\"codes\"><tr><td style=\"white-space:nowrap\"><b>Código</b></td><td><b>Ecrã</b></td><td><b>Definição</b></td></tr><tr><td style=\"white-space:nowrap\">marketing-authorization-holder<a name=\"brazilian-pharmaceutical-terminology-marketing-authorization-holder\"> </a></td><td>Detentor do Registro</td><td>Empresa responsável pelo registro do medicamento junto à ANVISA</td></tr><tr><td style=\"white-space:nowrap\">pharmaceutical-form<a name=\"brazilian-pharmaceutical-terminology-pharmaceutical-form\"> </a></td><td>Forma Farmacêutica</td><td>Forma física final do medicamento (comprimido, cápsula, solução, etc.)</td></tr><tr><td style=\"white-space:nowrap\">legal-status<a name=\"brazilian-pharmaceutical-terminology-legal-status\"> </a></td><td>Status Legal de Dispensação</td><td>Classificação legal para dispensação (prescrição médica, venda livre, controlado)</td></tr><tr><td style=\"white-space:nowrap\">package<a name=\"brazilian-pharmaceutical-terminology-package\"> </a></td><td>Embalagem</td><td>Sistema de acondicionamento do produto farmacêutico</td></tr><tr><td style=\"white-space:nowrap\">container<a name=\"brazilian-pharmaceutical-terminology-container\"> </a></td><td>Recipiente</td><td>Recipiente primário que contém diretamente o medicamento</td></tr><tr><td style=\"white-space:nowrap\">strength<a name=\"brazilian-pharmaceutical-terminology-strength\"> </a></td><td>Concentração</td><td>Quantidade de substância ativa por unidade de dosagem</td></tr><tr><td style=\"white-space:nowrap\">dosage<a name=\"brazilian-pharmaceutical-terminology-dosage\"> </a></td><td>Dosagem</td><td>Quantidade específica de medicamento a ser administrada</td></tr><tr><td style=\"white-space:nowrap\">active-substance<a name=\"brazilian-pharmaceutical-terminology-active-substance\"> </a></td><td>Substância Ativa</td><td>Componente farmacologicamente ativo do medicamento</td></tr><tr><td style=\"white-space:nowrap\">excipient<a name=\"brazilian-pharmaceutical-terminology-excipient\"> </a></td><td>Excipiente</td><td>Componente inativo do medicamento</td></tr><tr><td style=\"white-space:nowrap\">route-administration<a name=\"brazilian-pharmaceutical-terminology-route-administration\"> </a></td><td>Via de Administração</td><td>Método pelo qual o medicamento é introduzido no organismo</td></tr><tr><td style=\"white-space:nowrap\">therapeutic-indication<a name=\"brazilian-pharmaceutical-terminology-therapeutic-indication\"> </a></td><td>Indicação Terapêutica</td><td>Condição médica para a qual o medicamento é indicado</td></tr><tr><td style=\"white-space:nowrap\">contraindication<a name=\"brazilian-pharmaceutical-terminology-contraindication\"> </a></td><td>Contraindicação</td><td>Situação em que o medicamento não deve ser usado</td></tr><tr><td style=\"white-space:nowrap\">adverse-reaction<a name=\"brazilian-pharmaceutical-terminology-adverse-reaction\"> </a></td><td>Reação Adversa</td><td>Efeito indesejado relacionado ao uso do medicamento</td></tr><tr><td style=\"white-space:nowrap\">presentation-unit<a name=\"brazilian-pharmaceutical-terminology-presentation-unit\"> </a></td><td>Unidade de Apresentação</td><td>Unidade individual do medicamento (comprimido, cápsula, ampola, etc.)</td></tr><tr><td style=\"white-space:nowrap\">commercial-package<a name=\"brazilian-pharmaceutical-terminology-commercial-package\"> </a></td><td>Embalagem Comercial</td><td>Embalagem final para comercialização do produto</td></tr><tr><td style=\"white-space:nowrap\">primary-package<a name=\"brazilian-pharmaceutical-terminology-primary-package\"> </a></td><td>Embalagem Primária</td><td>Embalagem em contato direto com o medicamento</td></tr><tr><td style=\"white-space:nowrap\">secondary-package<a name=\"brazilian-pharmaceutical-terminology-secondary-package\"> </a></td><td>Embalagem Secundária</td><td>Embalagem que contém a embalagem primária</td></tr><tr><td style=\"white-space:nowrap\">batch-lot<a name=\"brazilian-pharmaceutical-terminology-batch-lot\"> </a></td><td>Lote</td><td>Quantidade de produto fabricada em condições uniformes</td></tr><tr><td style=\"white-space:nowrap\">expiry-date<a name=\"brazilian-pharmaceutical-terminology-expiry-date\"> </a></td><td>Data de Validade</td><td>Data limite para uso seguro do medicamento</td></tr><tr><td style=\"white-space:nowrap\">storage-conditions<a name=\"brazilian-pharmaceutical-terminology-storage-conditions\"> </a></td><td>Condições de Armazenamento</td><td>Requisitos específicos para conservação do medicamento</td></tr></table></div>"
  },
  "extension" : [{
    "url" : "http://hl7.org/fhir/StructureDefinition/structuredefinition-fmm",
    "valueInteger" : 0,
    "_valueInteger" : {
      "extension" : [{
        "url" : "http://hl7.org/fhir/StructureDefinition/structuredefinition-conformance-derivedFrom",
        "valueCanonical" : "https://idmp-br.github.io/brig-idmp-brasil/ImplementationGuide/brig.idmp.brazil"
      }]
    }
  },
  {
    "url" : "http://hl7.org/fhir/StructureDefinition/structuredefinition-standards-status",
    "valueCode" : "draft",
    "_valueCode" : {
      "extension" : [{
        "url" : "http://hl7.org/fhir/StructureDefinition/structuredefinition-conformance-derivedFrom",
        "valueCanonical" : "https://idmp-br.github.io/brig-idmp-brasil/ImplementationGuide/brig.idmp.brazil"
      }]
    }
  }],
  "url" : "https://idmp-br.github.io/brig-idmp-brasil/CodeSystem/brazilian-pharmaceutical-terminology",
  "version" : "0.0.3",
  "name" : "BrazilianPharmaceuticalTerminology",
  "title" : "Terminologia Farmacêutica Brasileira",
  "status" : "draft",
  "experimental" : false,
  "date" : "2025-08-04",
  "publisher" : "IDMP Brasil",
  "contact" : [{
    "name" : "IDMP Brasil",
    "telecom" : [{
      "system" : "url",
      "value" : "https://idmp-br.github.io"
    },
    {
      "system" : "email",
      "value" : "eugenio@farmaco.io"
    }]
  },
  {
    "name" : "IDMP Brasil",
    "telecom" : [{
      "system" : "email",
      "value" : "eugenio@farmaco.io"
    },
    {
      "system" : "url",
      "value" : "https://idmp-br.github.io/brig-idmp-brasil"
    }]
  }],
  "description" : "Sistema de códigos para terminologia farmacêutica brasileira padronizada",
  "jurisdiction" : [{
    "coding" : [{
      "system" : "urn:iso:std:iso:3166",
      "code" : "BR"
    }]
  }],
  "copyright" : "Copyright © 2025 Farmaco.io. Este trabalho está licenciado sob a MIT License. FHIR® é marca registrada da HL7 International, usada com permissão.",
  "caseSensitive" : true,
  "content" : "complete",
  "count" : 20,
  "concept" : [{
    "code" : "marketing-authorization-holder",
    "display" : "Detentor do Registro",
    "definition" : "Empresa responsável pelo registro do medicamento junto à ANVISA"
  },
  {
    "code" : "pharmaceutical-form",
    "display" : "Forma Farmacêutica",
    "definition" : "Forma física final do medicamento (comprimido, cápsula, solução, etc.)"
  },
  {
    "code" : "legal-status",
    "display" : "Status Legal de Dispensação",
    "definition" : "Classificação legal para dispensação (prescrição médica, venda livre, controlado)"
  },
  {
    "code" : "package",
    "display" : "Embalagem",
    "definition" : "Sistema de acondicionamento do produto farmacêutico"
  },
  {
    "code" : "container",
    "display" : "Recipiente",
    "definition" : "Recipiente primário que contém diretamente o medicamento"
  },
  {
    "code" : "strength",
    "display" : "Concentração",
    "definition" : "Quantidade de substância ativa por unidade de dosagem"
  },
  {
    "code" : "dosage",
    "display" : "Dosagem",
    "definition" : "Quantidade específica de medicamento a ser administrada"
  },
  {
    "code" : "active-substance",
    "display" : "Substância Ativa",
    "definition" : "Componente farmacologicamente ativo do medicamento"
  },
  {
    "code" : "excipient",
    "display" : "Excipiente",
    "definition" : "Componente inativo do medicamento"
  },
  {
    "code" : "route-administration",
    "display" : "Via de Administração",
    "definition" : "Método pelo qual o medicamento é introduzido no organismo"
  },
  {
    "code" : "therapeutic-indication",
    "display" : "Indicação Terapêutica",
    "definition" : "Condição médica para a qual o medicamento é indicado"
  },
  {
    "code" : "contraindication",
    "display" : "Contraindicação",
    "definition" : "Situação em que o medicamento não deve ser usado"
  },
  {
    "code" : "adverse-reaction",
    "display" : "Reação Adversa",
    "definition" : "Efeito indesejado relacionado ao uso do medicamento"
  },
  {
    "code" : "presentation-unit",
    "display" : "Unidade de Apresentação",
    "definition" : "Unidade individual do medicamento (comprimido, cápsula, ampola, etc.)"
  },
  {
    "code" : "commercial-package",
    "display" : "Embalagem Comercial",
    "definition" : "Embalagem final para comercialização do produto"
  },
  {
    "code" : "primary-package",
    "display" : "Embalagem Primária",
    "definition" : "Embalagem em contato direto com o medicamento"
  },
  {
    "code" : "secondary-package",
    "display" : "Embalagem Secundária",
    "definition" : "Embalagem que contém a embalagem primária"
  },
  {
    "code" : "batch-lot",
    "display" : "Lote",
    "definition" : "Quantidade de produto fabricada em condições uniformes"
  },
  {
    "code" : "expiry-date",
    "display" : "Data de Validade",
    "definition" : "Data limite para uso seguro do medicamento"
  },
  {
    "code" : "storage-conditions",
    "display" : "Condições de Armazenamento",
    "definition" : "Requisitos específicos para conservação do medicamento"
  }]
}