{
  "resourceType" : "CodeSystem",
  "id" : "substance-name-type",
  "text" : {
    "status" : "generated",
    "div" : "<div xmlns=\"http://www.w3.org/1999/xhtml\"><p class=\"res-header-id\"><b>Narrativa gerada: CodeSystem substance-name-type</b></p><a name=\"substance-name-type\"> </a><a name=\"hcsubstance-name-type\"> </a><p>Este  sistema de código  define o seguinte código:</p><table class=\"codes\"><tr><td style=\"white-space:nowrap\"><b>Código</b></td><td><b>Ecrã</b></td><td><b>Definição</b></td></tr><tr><td style=\"white-space:nowrap\">official<a name=\"substance-name-type-official\"> </a></td><td>Nome Oficial</td><td>Nome oficial ou sistemático da substância</td></tr><tr><td style=\"white-space:nowrap\">common<a name=\"substance-name-type-common\"> </a></td><td>Nome Comum</td><td>Nome comum ou trivial da substância</td></tr><tr><td style=\"white-space:nowrap\">dcb<a name=\"substance-name-type-dcb\"> </a></td><td>DCB</td><td>Denominação Comum Brasileira</td></tr><tr><td style=\"white-space:nowrap\">dci<a name=\"substance-name-type-dci\"> </a></td><td>DCI</td><td>Denominação Comum Internacional</td></tr><tr><td style=\"white-space:nowrap\">chemical<a name=\"substance-name-type-chemical\"> </a></td><td>Nome Químico</td><td>Nome químico sistemático (IUPAC)</td></tr><tr><td style=\"white-space:nowrap\">trade<a name=\"substance-name-type-trade\"> </a></td><td>Nome Comercial</td><td>Nome comercial ou de marca</td></tr><tr><td style=\"white-space:nowrap\">synonym<a name=\"substance-name-type-synonym\"> </a></td><td>Sinônimo</td><td>Nome sinônimo ou alternativo</td></tr></table></div>"
  },
  "extension" : [{
    "url" : "http://hl7.org/fhir/StructureDefinition/structuredefinition-standards-status",
    "valueCode" : "informative",
    "_valueCode" : {
      "extension" : [{
        "url" : "http://hl7.org/fhir/StructureDefinition/structuredefinition-conformance-derivedFrom",
        "valueCanonical" : "https://idmp-br.github.io/brig-idmp-brasil/ImplementationGuide/brig.idmp.brazil"
      }]
    }
  }],
  "url" : "https://idmp-br.github.io/brig-idmp-brasil/CodeSystem/substance-name-type",
  "version" : "0.0.3",
  "name" : "SubstanceNameType",
  "title" : "Tipos de Nome de Substância",
  "status" : "draft",
  "experimental" : true,
  "date" : "2025-08-02",
  "publisher" : "IDMP Brasil",
  "contact" : [{
    "name" : "IDMP Brasil",
    "telecom" : [{
      "system" : "url",
      "value" : "https://idmp-br.github.io"
    },
    {
      "system" : "email",
      "value" : "eugenio@farmaco.io"
    }]
  },
  {
    "name" : "IDMP Brasil",
    "telecom" : [{
      "system" : "email",
      "value" : "eugenio@farmaco.io"
    },
    {
      "system" : "url",
      "value" : "https://idmp-br.github.io/brig-idmp-brasil"
    }]
  }],
  "description" : "Sistema de códigos para tipos de nomes de substâncias (padrão internacional - INN/IUPAC)",
  "jurisdiction" : [{
    "coding" : [{
      "system" : "urn:iso:std:iso:3166",
      "code" : "BR"
    }]
  }],
  "copyright" : "Copyright © 2025 Farmaco.io. Este trabalho está licenciado sob a MIT License. FHIR® é marca registrada da HL7 International, usada com permissão.",
  "caseSensitive" : true,
  "content" : "complete",
  "count" : 7,
  "concept" : [{
    "code" : "official",
    "display" : "Nome Oficial",
    "definition" : "Nome oficial ou sistemático da substância"
  },
  {
    "code" : "common",
    "display" : "Nome Comum",
    "definition" : "Nome comum ou trivial da substância"
  },
  {
    "code" : "dcb",
    "display" : "DCB",
    "definition" : "Denominação Comum Brasileira"
  },
  {
    "code" : "dci",
    "display" : "DCI",
    "definition" : "Denominação Comum Internacional"
  },
  {
    "code" : "chemical",
    "display" : "Nome Químico",
    "definition" : "Nome químico sistemático (IUPAC)"
  },
  {
    "code" : "trade",
    "display" : "Nome Comercial",
    "definition" : "Nome comercial ou de marca"
  },
  {
    "code" : "synonym",
    "display" : "Sinônimo",
    "definition" : "Nome sinônimo ou alternativo"
  }]
}