<?xml version="1.0" encoding="UTF-8"?>

<CodeSystem xmlns="http://hl7.org/fhir">
  <id value="substance-form"/>
  <text>
    <status value="generated"/><div xmlns="http://www.w3.org/1999/xhtml"><p class="res-header-id"><b>Narrativa gerada: CodeSystem substance-form</b></p><a name="substance-form"> </a><a name="hcsubstance-form"> </a><p>Este  sistema de código  define o seguinte código:</p><table class="codes"><tr><td style="white-space:nowrap"><b>Código</b></td><td><b>Ecrã</b></td><td><b>Definição</b></td></tr><tr><td style="white-space:nowrap">solid<a name="substance-form-solid"> </a></td><td>Sólido</td><td>Estado sólido</td></tr><tr><td style="white-space:nowrap">liquid<a name="substance-form-liquid"> </a></td><td>Líquido</td><td>Estado líquido</td></tr><tr><td style="white-space:nowrap">gas<a name="substance-form-gas"> </a></td><td>Gasoso</td><td>Estado gasoso</td></tr><tr><td style="white-space:nowrap">crystalline<a name="substance-form-crystalline"> </a></td><td>Cristalino</td><td>Sólido cristalino</td></tr><tr><td style="white-space:nowrap">amorphous<a name="substance-form-amorphous"> </a></td><td>Amorfo</td><td>Sólido amorfo (não cristalino)</td></tr><tr><td style="white-space:nowrap">polymorphic<a name="substance-form-polymorphic"> </a></td><td>Polimórfico</td><td>Múltiplas formas cristalinas</td></tr><tr><td style="white-space:nowrap">hydrate<a name="substance-form-hydrate"> </a></td><td>Hidrato</td><td>Cristal contendo água de cristalização</td></tr><tr><td style="white-space:nowrap">anhydrous<a name="substance-form-anhydrous"> </a></td><td>Anidro</td><td>Forma sem água</td></tr><tr><td style="white-space:nowrap">solvate<a name="substance-form-solvate"> </a></td><td>Solvato</td><td>Cristal contendo solvente</td></tr><tr><td style="white-space:nowrap">co-crystal<a name="substance-form-co-crystal"> </a></td><td>Cocristal</td><td>Cristal formado por duas ou mais moléculas</td></tr></table></div>
  </text>
  <extension url="http://hl7.org/fhir/StructureDefinition/structuredefinition-fmm">
    <valueInteger value="0">
      <extension url="http://hl7.org/fhir/StructureDefinition/structuredefinition-conformance-derivedFrom">
        <valueCanonical value="https://idmp-br.github.io/brig-idmp-brasil/ImplementationGuide/brig.idmp.brazil"/>
      </extension>
    </valueInteger>
  </extension>
  <extension url="http://hl7.org/fhir/StructureDefinition/structuredefinition-standards-status">
    <valueCode value="draft">
      <extension url="http://hl7.org/fhir/StructureDefinition/structuredefinition-conformance-derivedFrom">
        <valueCanonical value="https://idmp-br.github.io/brig-idmp-brasil/ImplementationGuide/brig.idmp.brazil"/>
      </extension>
    </valueCode>
  </extension>
  <url value="https://idmp-br.github.io/brig-idmp-brasil/CodeSystem/substance-form"/>
  <version value="0.0.3"/>
  <name value="SubstanceForm"/>
  <title value="Forma Física de Substâncias"/>
  <status value="active"/>
  <date value="2025-10-30"/>
  <publisher value="IDMP Brasil"/>
  <contact>
    <name value="IDMP Brasil"/>
    <telecom>
      <system value="url"/>
      <value value="https://idmp-br.github.io"/>
    </telecom>
    <telecom>
      <system value="email"/>
      <value value="eugenio@farmaco.io"/>
    </telecom>
  </contact>
  <contact>
    <name value="IDMP Brasil"/>
    <telecom>
      <system value="email"/>
      <value value="eugenio@farmaco.io"/>
    </telecom>
    <telecom>
      <system value="url"/>
      <value value="https://idmp-br.github.io/brig-idmp-brasil"/>
    </telecom>
  </contact>
  <description value="Estado físico e forma cristalina de substâncias farmacêuticas"/>
  <jurisdiction>
    <coding>
      <system value="urn:iso:std:iso:3166"/>
      <code value="BR"/>
    </coding>
  </jurisdiction>
  <copyright value="Copyright © 2025 Farmaco.io. Este trabalho está licenciado sob a MIT License. FHIR® é marca registrada da HL7 International, usada com permissão."/>
  <caseSensitive value="true"/>
  <content value="complete"/>
  <count value="10"/>
  <concept>
    <code value="solid"/>
    <display value="Sólido"/>
    <definition value="Estado sólido"/>
  </concept>
  <concept>
    <code value="liquid"/>
    <display value="Líquido"/>
    <definition value="Estado líquido"/>
  </concept>
  <concept>
    <code value="gas"/>
    <display value="Gasoso"/>
    <definition value="Estado gasoso"/>
  </concept>
  <concept>
    <code value="crystalline"/>
    <display value="Cristalino"/>
    <definition value="Sólido cristalino"/>
  </concept>
  <concept>
    <code value="amorphous"/>
    <display value="Amorfo"/>
    <definition value="Sólido amorfo (não cristalino)"/>
  </concept>
  <concept>
    <code value="polymorphic"/>
    <display value="Polimórfico"/>
    <definition value="Múltiplas formas cristalinas"/>
  </concept>
  <concept>
    <code value="hydrate"/>
    <display value="Hidrato"/>
    <definition value="Cristal contendo água de cristalização"/>
  </concept>
  <concept>
    <code value="anhydrous"/>
    <display value="Anidro"/>
    <definition value="Forma sem água"/>
  </concept>
  <concept>
    <code value="solvate"/>
    <display value="Solvato"/>
    <definition value="Cristal contendo solvente"/>
  </concept>
  <concept>
    <code value="co-crystal"/>
    <display value="Cocristal"/>
    <definition value="Cristal formado por duas ou mais moléculas"/>
  </concept>
</CodeSystem>