{
  "resourceType" : "RegulatedAuthorization",
  "id" : "regulated-authorization-renewal-example",
  "meta" : {
    "profile" : ["https://idmp-br.github.io/brig-idmp-brasil/StructureDefinition/regulated-authorization-br"]
  },
  "text" : {
    "status" : "generated",
    "div" : "<div xmlns=\"http://www.w3.org/1999/xhtml\"><p class=\"res-header-id\"><b>Narrativa gerada: RegulatedAuthorization regulated-authorization-renewal-example</b></p><a name=\"regulated-authorization-renewal-example\"> </a><a name=\"hcregulated-authorization-renewal-example\"> </a><div style=\"display: inline-block; background-color: #d9e0e7; padding: 6px; margin: 4px; border: 1px solid #8da1b4; border-radius: 5px; line-height: 60%\"><p style=\"margin-bottom: 0px\"/><p style=\"margin-bottom: 0px\">Perfil: <a href=\"StructureDefinition-regulated-authorization-br.html\">Autorização Regulatória - Brasil</a></p></div><p><b>identifier</b>: <code>http://farmaco.maxapex.net/brig/fhir/NamingSystem/anvisa-registro</code>/1.5678.9012.345-6, <code>http://farmaco.maxapex.net/brig/fhir/NamingSystem/anvisa-processo</code>/25351.987654/2024-82</p><p><b>subject</b>: <a href=\"MedicinalProductDefinition-paracetamol-750mg-example.html\">Paracetamol 750mg Comprimidos</a></p><p><b>type</b>: <span title=\"Códigos:{http://farmaco.maxapex.net/brig/fhir/CodeSystem/regulated-authorization-type-br renewal}\">Renovação</span></p><p><b>region</b>: <span title=\"Códigos:{urn:iso:std:iso:3166 BR}\">Brazil</span></p><p><b>status</b>: <span title=\"Códigos:{http://farmaco.maxapex.net/brig/fhir/CodeSystem/regulated-authorization-status-br active}\">Ativo</span></p><p><b>statusDate</b>: 2024-09-01</p><p><b>validityPeriod</b>: 2024-09-01 --&gt; 2034-09-01</p><p><b>basis</b>: <span title=\"Códigos:{http://farmaco.maxapex.net/brig/fhir/CodeSystem/legal-basis-anvisa-br rdc-317-2019}\">RDC 317/2019</span></p><p><b>holder</b>: <a href=\"Organization-organization-ems-example.html\">EMS S/A</a></p><p><b>regulator</b>: <a href=\"Organization-organization-anvisa-example.html\">Agência Nacional de Vigilância Sanitária - ANVISA</a></p></div>"
  },
  "identifier" : [{
    "system" : "http://farmaco.maxapex.net/brig/fhir/NamingSystem/anvisa-registro",
    "value" : "1.5678.9012.345-6"
  },
  {
    "system" : "http://farmaco.maxapex.net/brig/fhir/NamingSystem/anvisa-processo",
    "value" : "25351.987654/2024-82"
  }],
  "subject" : [{
    "reference" : "MedicinalProductDefinition/paracetamol-750mg-example",
    "display" : "Paracetamol 750mg Comprimidos"
  }],
  "type" : {
    "coding" : [{
      "system" : "http://farmaco.maxapex.net/brig/fhir/CodeSystem/regulated-authorization-type-br",
      "code" : "renewal",
      "display" : "Renovação"
    }]
  },
  "region" : [{
    "coding" : [{
      "system" : "urn:iso:std:iso:3166",
      "code" : "BR"
    }]
  }],
  "status" : {
    "coding" : [{
      "system" : "http://farmaco.maxapex.net/brig/fhir/CodeSystem/regulated-authorization-status-br",
      "code" : "active",
      "display" : "Ativo"
    }]
  },
  "statusDate" : "2024-09-01",
  "validityPeriod" : {
    "start" : "2024-09-01",
    "end" : "2034-09-01"
  },
  "basis" : [{
    "coding" : [{
      "system" : "http://farmaco.maxapex.net/brig/fhir/CodeSystem/legal-basis-anvisa-br",
      "code" : "rdc-317-2019",
      "display" : "RDC 317/2019"
    }]
  }],
  "holder" : {
    "reference" : "Organization/organization-ems-example",
    "display" : "EMS S/A"
  },
  "regulator" : {
    "reference" : "Organization/organization-anvisa-example",
    "display" : "Agência Nacional de Vigilância Sanitária - ANVISA"
  }
}