{
  "package": "brig.idmp.brazil",
  "version": "0.0.3",
  "fhirVersion": "5.0.0",
  "jurisdiction": "BR",
  "extensions": [
    {
      "url": "https://idmp-br.github.io/brig-idmp-brasil/StructureDefinition/anvisa-category",
      "title": "Categoria ANVISA",
      "types": [
        "CodeableConcept"
      ]
    },
    {
      "url": "https://idmp-br.github.io/brig-idmp-brasil/StructureDefinition/anvisa-regulatory-status",
      "title": "Status Regulatório ANVISA",
      "types": [
        "CodeableConcept",
        "date",
        "date",
        "string",
        "date",
        "base64Binary",
        "boolean",
        "canonical",
        "code",
        "date",
        "dateTime",
        "decimal",
        "id",
        "instant",
        "integer",
        "integer64",
        "markdown",
        "oid",
        "positiveInt",
        "string",
        "time",
        "unsignedInt",
        "uri",
        "url",
        "uuid",
        "Address",
        "Age",
        "Annotation",
        "Attachment",
        "CodeableConcept",
        "CodeableReference",
        "Coding",
        "ContactPoint",
        "Count",
        "Distance",
        "Duration",
        "HumanName",
        "Identifier",
        "Money",
        "Period",
        "Quantity",
        "Range",
        "Ratio",
        "RatioRange",
        "Reference",
        "SampledData",
        "Signature",
        "Timing",
        "ContactDetail",
        "DataRequirement",
        "Expression",
        "ParameterDefinition",
        "RelatedArtifact",
        "TriggerDefinition",
        "UsageContext",
        "Availability",
        "ExtendedContactDetail",
        "Dosage",
        "Meta"
      ]
    },
    {
      "url": "https://idmp-br.github.io/brig-idmp-brasil/StructureDefinition/associated-devices",
      "title": "Dispositivos Associados",
      "types": [
        "Reference"
      ]
    },
    {
      "url": "https://idmp-br.github.io/brig-idmp-brasil/StructureDefinition/brazilian-terminology-standards",
      "title": "Padrões de Terminologia Brasileira",
      "types": [
        "CodeableConcept",
        "string",
        "boolean",
        "base64Binary",
        "boolean",
        "canonical",
        "code",
        "date",
        "dateTime",
        "decimal",
        "id",
        "instant",
        "integer",
        "integer64",
        "markdown",
        "oid",
        "positiveInt",
        "string",
        "time",
        "unsignedInt",
        "uri",
        "url",
        "uuid",
        "Address",
        "Age",
        "Annotation",
        "Attachment",
        "CodeableConcept",
        "CodeableReference",
        "Coding",
        "ContactPoint",
        "Count",
        "Distance",
        "Duration",
        "HumanName",
        "Identifier",
        "Money",
        "Period",
        "Quantity",
        "Range",
        "Ratio",
        "RatioRange",
        "Reference",
        "SampledData",
        "Signature",
        "Timing",
        "ContactDetail",
        "DataRequirement",
        "Expression",
        "ParameterDefinition",
        "RelatedArtifact",
        "TriggerDefinition",
        "UsageContext",
        "Availability",
        "ExtendedContactDetail",
        "Dosage",
        "Meta"
      ]
    },
    {
      "url": "https://idmp-br.github.io/brig-idmp-brasil/StructureDefinition/controlled-substance-category",
      "title": "Categoria de Substância Controlada",
      "types": [
        "CodeableConcept"
      ]
    },
    {
      "url": "https://idmp-br.github.io/brig-idmp-brasil/StructureDefinition/documentation-language",
      "title": "Idioma de Documentação",
      "types": [
        "code"
      ]
    },
    {
      "url": "https://idmp-br.github.io/brig-idmp-brasil/StructureDefinition/exemplo-extensao-brasileira",
      "title": "Exemplo de Extensão Brasileira",
      "types": [
        "string"
      ]
    },
    {
      "url": "https://idmp-br.github.io/brig-idmp-brasil/StructureDefinition/generic-reference",
      "title": "Referência Genérica",
      "types": [
        "Reference",
        "CodeableConcept",
        "Reference",
        "CodeableConcept",
        "base64Binary",
        "boolean",
        "canonical",
        "code",
        "date",
        "dateTime",
        "decimal",
        "id",
        "instant",
        "integer",
        "integer64",
        "markdown",
        "oid",
        "positiveInt",
        "string",
        "time",
        "unsignedInt",
        "uri",
        "url",
        "uuid",
        "Address",
        "Age",
        "Annotation",
        "Attachment",
        "CodeableConcept",
        "CodeableReference",
        "Coding",
        "ContactPoint",
        "Count",
        "Distance",
        "Duration",
        "HumanName",
        "Identifier",
        "Money",
        "Period",
        "Quantity",
        "Range",
        "Ratio",
        "RatioRange",
        "Reference",
        "SampledData",
        "Signature",
        "Timing",
        "ContactDetail",
        "DataRequirement",
        "Expression",
        "ParameterDefinition",
        "RelatedArtifact",
        "TriggerDefinition",
        "UsageContext",
        "Availability",
        "ExtendedContactDetail",
        "Dosage",
        "Meta"
      ]
    },
    {
      "url": "https://idmp-br.github.io/brig-idmp-brasil/StructureDefinition/identifier-lifecycle-rules",
      "title": "Regras de Lifecycle de Identificadores",
      "types": [
        "string",
        "string",
        "CodeableConcept",
        "date",
        "code",
        "Reference",
        "base64Binary",
        "boolean",
        "canonical",
        "code",
        "date",
        "dateTime",
        "decimal",
        "id",
        "instant",
        "integer",
        "integer64",
        "markdown",
        "oid",
        "positiveInt",
        "string",
        "time",
        "unsignedInt",
        "uri",
        "url",
        "uuid",
        "Address",
        "Age",
        "Annotation",
        "Attachment",
        "CodeableConcept",
        "CodeableReference",
        "Coding",
        "ContactPoint",
        "Count",
        "Distance",
        "Duration",
        "HumanName",
        "Identifier",
        "Money",
        "Period",
        "Quantity",
        "Range",
        "Ratio",
        "RatioRange",
        "Reference",
        "SampledData",
        "Signature",
        "Timing",
        "ContactDetail",
        "DataRequirement",
        "Expression",
        "ParameterDefinition",
        "RelatedArtifact",
        "TriggerDefinition",
        "UsageContext",
        "Availability",
        "ExtendedContactDetail",
        "Dosage",
        "Meta"
      ]
    },
    {
      "url": "https://idmp-br.github.io/brig-idmp-brasil/StructureDefinition/identifier-lifecycle-status",
      "title": "Status de Lifecycle do Identificador",
      "types": [
        "CodeableConcept"
      ]
    },
    {
      "url": "https://idmp-br.github.io/brig-idmp-brasil/StructureDefinition/legal-status-defining",
      "title": "Status Legal Definidor",
      "types": [
        "CodeableConcept"
      ]
    },
    {
      "url": "https://idmp-br.github.io/brig-idmp-brasil/StructureDefinition/manufactured-item-criteria",
      "title": "Critérios do Item Manufaturado",
      "types": [
        "CodeableConcept",
        "CodeableConcept",
        "integer",
        "base64Binary",
        "boolean",
        "canonical",
        "code",
        "date",
        "dateTime",
        "decimal",
        "id",
        "instant",
        "integer",
        "integer64",
        "markdown",
        "oid",
        "positiveInt",
        "string",
        "time",
        "unsignedInt",
        "uri",
        "url",
        "uuid",
        "Address",
        "Age",
        "Annotation",
        "Attachment",
        "CodeableConcept",
        "CodeableReference",
        "Coding",
        "ContactPoint",
        "Count",
        "Distance",
        "Duration",
        "HumanName",
        "Identifier",
        "Money",
        "Period",
        "Quantity",
        "Range",
        "Ratio",
        "RatioRange",
        "Reference",
        "SampledData",
        "Signature",
        "Timing",
        "ContactDetail",
        "DataRequirement",
        "Expression",
        "ParameterDefinition",
        "RelatedArtifact",
        "TriggerDefinition",
        "UsageContext",
        "Availability",
        "ExtendedContactDetail",
        "Dosage",
        "Meta"
      ]
    },
    {
      "url": "https://idmp-br.github.io/brig-idmp-brasil/StructureDefinition/name-validation-rules",
      "title": "Regras de Validação de Nome",
      "types": [
        "boolean",
        "boolean",
        "string",
        "base64Binary",
        "boolean",
        "canonical",
        "code",
        "date",
        "dateTime",
        "decimal",
        "id",
        "instant",
        "integer",
        "integer64",
        "markdown",
        "oid",
        "positiveInt",
        "string",
        "time",
        "unsignedInt",
        "uri",
        "url",
        "uuid",
        "Address",
        "Age",
        "Annotation",
        "Attachment",
        "CodeableConcept",
        "CodeableReference",
        "Coding",
        "ContactPoint",
        "Count",
        "Distance",
        "Duration",
        "HumanName",
        "Identifier",
        "Money",
        "Period",
        "Quantity",
        "Range",
        "Ratio",
        "RatioRange",
        "Reference",
        "SampledData",
        "Signature",
        "Timing",
        "ContactDetail",
        "DataRequirement",
        "Expression",
        "ParameterDefinition",
        "RelatedArtifact",
        "TriggerDefinition",
        "UsageContext",
        "Availability",
        "ExtendedContactDetail",
        "Dosage",
        "Meta"
      ]
    },
    {
      "url": "https://idmp-br.github.io/brig-idmp-brasil/StructureDefinition/organization-business-size-br",
      "title": "Porte da Organização - Brasil",
      "types": [
        "CodeableConcept",
        "Money",
        "positiveInt",
        "CodeableConcept",
        "base64Binary",
        "boolean",
        "canonical",
        "code",
        "date",
        "dateTime",
        "decimal",
        "id",
        "instant",
        "integer",
        "integer64",
        "markdown",
        "oid",
        "positiveInt",
        "string",
        "time",
        "unsignedInt",
        "uri",
        "url",
        "uuid",
        "Address",
        "Age",
        "Annotation",
        "Attachment",
        "CodeableConcept",
        "CodeableReference",
        "Coding",
        "ContactPoint",
        "Count",
        "Distance",
        "Duration",
        "HumanName",
        "Identifier",
        "Money",
        "Period",
        "Quantity",
        "Range",
        "Ratio",
        "RatioRange",
        "Reference",
        "SampledData",
        "Signature",
        "Timing",
        "ContactDetail",
        "DataRequirement",
        "Expression",
        "ParameterDefinition",
        "RelatedArtifact",
        "TriggerDefinition",
        "UsageContext",
        "Availability",
        "ExtendedContactDetail",
        "Dosage",
        "Meta"
      ]
    },
    {
      "url": "https://idmp-br.github.io/brig-idmp-brasil/StructureDefinition/organization-operational-category-br",
      "title": "Categoria Operacional da Organização - Brasil",
      "types": [
        "CodeableConcept",
        "CodeableConcept",
        "CodeableConcept",
        "CodeableConcept",
        "base64Binary",
        "boolean",
        "canonical",
        "code",
        "date",
        "dateTime",
        "decimal",
        "id",
        "instant",
        "integer",
        "integer64",
        "markdown",
        "oid",
        "positiveInt",
        "string",
        "time",
        "unsignedInt",
        "uri",
        "url",
        "uuid",
        "Address",
        "Age",
        "Annotation",
        "Attachment",
        "CodeableConcept",
        "CodeableReference",
        "Coding",
        "ContactPoint",
        "Count",
        "Distance",
        "Duration",
        "HumanName",
        "Identifier",
        "Money",
        "Period",
        "Quantity",
        "Range",
        "Ratio",
        "RatioRange",
        "Reference",
        "SampledData",
        "Signature",
        "Timing",
        "ContactDetail",
        "DataRequirement",
        "Expression",
        "ParameterDefinition",
        "RelatedArtifact",
        "TriggerDefinition",
        "UsageContext",
        "Availability",
        "ExtendedContactDetail",
        "Dosage",
        "Meta"
      ]
    },
    {
      "url": "https://idmp-br.github.io/brig-idmp-brasil/StructureDefinition/organization-regulatory-status-br",
      "title": "Status Regulatório da Organização - Brasil",
      "types": [
        "CodeableConcept",
        "date",
        "date",
        "string",
        "date",
        "CodeableConcept",
        "base64Binary",
        "boolean",
        "canonical",
        "code",
        "date",
        "dateTime",
        "decimal",
        "id",
        "instant",
        "integer",
        "integer64",
        "markdown",
        "oid",
        "positiveInt",
        "string",
        "time",
        "unsignedInt",
        "uri",
        "url",
        "uuid",
        "Address",
        "Age",
        "Annotation",
        "Attachment",
        "CodeableConcept",
        "CodeableReference",
        "Coding",
        "ContactPoint",
        "Count",
        "Distance",
        "Duration",
        "HumanName",
        "Identifier",
        "Money",
        "Period",
        "Quantity",
        "Range",
        "Ratio",
        "RatioRange",
        "Reference",
        "SampledData",
        "Signature",
        "Timing",
        "ContactDetail",
        "DataRequirement",
        "Expression",
        "ParameterDefinition",
        "RelatedArtifact",
        "TriggerDefinition",
        "UsageContext",
        "Availability",
        "ExtendedContactDetail",
        "Dosage",
        "Meta"
      ]
    },
    {
      "url": "https://idmp-br.github.io/brig-idmp-brasil/StructureDefinition/package-component-details",
      "title": "Detalhes de Componentes da Embalagem",
      "types": [
        "CodeableConcept",
        "CodeableConcept",
        "base64Binary",
        "boolean",
        "canonical",
        "code",
        "date",
        "dateTime",
        "decimal",
        "id",
        "instant",
        "integer",
        "integer64",
        "markdown",
        "oid",
        "positiveInt",
        "string",
        "time",
        "unsignedInt",
        "uri",
        "url",
        "uuid",
        "Address",
        "Age",
        "Annotation",
        "Attachment",
        "CodeableConcept",
        "CodeableReference",
        "Coding",
        "ContactPoint",
        "Count",
        "Distance",
        "Duration",
        "HumanName",
        "Identifier",
        "Money",
        "Period",
        "Quantity",
        "Range",
        "Ratio",
        "RatioRange",
        "Reference",
        "SampledData",
        "Signature",
        "Timing",
        "ContactDetail",
        "DataRequirement",
        "Expression",
        "ParameterDefinition",
        "RelatedArtifact",
        "TriggerDefinition",
        "UsageContext",
        "Availability",
        "ExtendedContactDetail",
        "Dosage",
        "Meta"
      ]
    },
    {
      "url": "https://idmp-br.github.io/brig-idmp-brasil/StructureDefinition/package-item-container-details",
      "title": "Detalhes de Container do Item da Embalagem",
      "types": [
        "CodeableConcept",
        "integer",
        "CodeableConcept",
        "base64Binary",
        "boolean",
        "canonical",
        "code",
        "date",
        "dateTime",
        "decimal",
        "id",
        "instant",
        "integer",
        "integer64",
        "markdown",
        "oid",
        "positiveInt",
        "string",
        "time",
        "unsignedInt",
        "uri",
        "url",
        "uuid",
        "Address",
        "Age",
        "Annotation",
        "Attachment",
        "CodeableConcept",
        "CodeableReference",
        "Coding",
        "ContactPoint",
        "Count",
        "Distance",
        "Duration",
        "HumanName",
        "Identifier",
        "Money",
        "Period",
        "Quantity",
        "Range",
        "Ratio",
        "RatioRange",
        "Reference",
        "SampledData",
        "Signature",
        "Timing",
        "ContactDetail",
        "DataRequirement",
        "Expression",
        "ParameterDefinition",
        "RelatedArtifact",
        "TriggerDefinition",
        "UsageContext",
        "Availability",
        "ExtendedContactDetail",
        "Dosage",
        "Meta"
      ]
    },
    {
      "url": "https://idmp-br.github.io/brig-idmp-brasil/StructureDefinition/product-name-parts",
      "title": "Partes do Nome do Produto",
      "types": [
        "string",
        "string",
        "string",
        "string",
        "string",
        "string",
        "string",
        "base64Binary",
        "boolean",
        "canonical",
        "code",
        "date",
        "dateTime",
        "decimal",
        "id",
        "instant",
        "integer",
        "integer64",
        "markdown",
        "oid",
        "positiveInt",
        "string",
        "time",
        "unsignedInt",
        "uri",
        "url",
        "uuid",
        "Address",
        "Age",
        "Annotation",
        "Attachment",
        "CodeableConcept",
        "CodeableReference",
        "Coding",
        "ContactPoint",
        "Count",
        "Distance",
        "Duration",
        "HumanName",
        "Identifier",
        "Money",
        "Period",
        "Quantity",
        "Range",
        "Ratio",
        "RatioRange",
        "Reference",
        "SampledData",
        "Signature",
        "Timing",
        "ContactDetail",
        "DataRequirement",
        "Expression",
        "ParameterDefinition",
        "RelatedArtifact",
        "TriggerDefinition",
        "UsageContext",
        "Availability",
        "ExtendedContactDetail",
        "Dosage",
        "Meta"
      ]
    },
    {
      "url": "https://idmp-br.github.io/brig-idmp-brasil/StructureDefinition/therapeutic-indications-defining",
      "title": "Indicações Terapêuticas Definidoras",
      "types": [
        "CodeableConcept"
      ]
    },
    {
      "url": "https://idmp-br.github.io/brig-idmp-brasil/StructureDefinition/umc-integration-mapping",
      "title": "UMC Integration Mapping",
      "types": [
        "string",
        "code",
        "string",
        "base64Binary",
        "boolean",
        "canonical",
        "code",
        "date",
        "dateTime",
        "decimal",
        "id",
        "instant",
        "integer",
        "integer64",
        "markdown",
        "oid",
        "positiveInt",
        "string",
        "time",
        "unsignedInt",
        "uri",
        "url",
        "uuid",
        "Address",
        "Age",
        "Annotation",
        "Attachment",
        "CodeableConcept",
        "CodeableReference",
        "Coding",
        "ContactPoint",
        "Count",
        "Distance",
        "Duration",
        "HumanName",
        "Identifier",
        "Money",
        "Period",
        "Quantity",
        "Range",
        "Ratio",
        "RatioRange",
        "Reference",
        "SampledData",
        "Signature",
        "Timing",
        "ContactDetail",
        "DataRequirement",
        "Expression",
        "ParameterDefinition",
        "RelatedArtifact",
        "TriggerDefinition",
        "UsageContext",
        "Availability",
        "ExtendedContactDetail",
        "Dosage",
        "Meta"
      ]
    }
  ],
  "profiles": {
    "Ingredient": [
      {
        "url": "https://idmp-br.github.io/brig-idmp-brasil/StructureDefinition/IngredientBR",
        "title": "Ingrediente - Brasil"
      }
    ],
    "Organization": [
      {
        "url": "https://idmp-br.github.io/brig-idmp-brasil/StructureDefinition/Organization-anvisa-simple",
        "title": "Organização ANVISA - Brasil (Simplificado)"
      }
    ],
    "AdministrableProductDefinition": [
      {
        "url": "https://idmp-br.github.io/brig-idmp-brasil/StructureDefinition/administrable-product-definition-br",
        "title": "Definição de Produto Administrável - Brasil"
      }
    ],
    "ClinicalUseDefinition": [
      {
        "url": "https://idmp-br.github.io/brig-idmp-brasil/StructureDefinition/clinical-use-definition-br",
        "title": "Definição de Uso Clínico - Brasil"
      }
    ],
    "DomainResource": [
      {
        "url": "https://idmp-br.github.io/brig-idmp-brasil/StructureDefinition/exemplo-perfil-brasileiro",
        "title": "Exemplo de Perfil Brasileiro"
      }
    ],
    "ManufacturedItemDefinition": [
      {
        "url": "https://idmp-br.github.io/brig-idmp-brasil/StructureDefinition/manufactured-item-definition-br",
        "title": "Item Manufaturado - Brasil"
      }
    ],
    "MedicinalProductDefinition": [
      {
        "url": "https://idmp-br.github.io/brig-idmp-brasil/StructureDefinition/medicinal-product-definition-br",
        "title": "Definição de Produto Medicinal - Brasil"
      }
    ],
    "PackagedProductDefinition": [
      {
        "url": "https://idmp-br.github.io/brig-idmp-brasil/StructureDefinition/packaged-product-definition-br",
        "title": "Definição de Produto Embalado - Brasil"
      }
    ],
    "RegulatedAuthorization": [
      {
        "url": "https://idmp-br.github.io/brig-idmp-brasil/StructureDefinition/regulated-authorization-br",
        "title": "Autorização Regulatória - Brasil"
      }
    ],
    "SubstanceDefinition": [
      {
        "url": "https://idmp-br.github.io/brig-idmp-brasil/StructureDefinition/substance-definition-br",
        "title": "Definição de Substância - Brasil"
      }
    ]
  },
  "usage": {
    "http://hl7.org/fhir/StructureDefinition/elementdefinition-bestpractice": [
      "StructureDefinition.snapshot.element.constraint"
    ],
    "http://hl7.org/fhir/StructureDefinition/elementdefinition-bestpractice-explanation": [
      "StructureDefinition.snapshot.element.constraint"
    ],
    "http://hl7.org/fhir/StructureDefinition/elementdefinition-bindingName": [
      "StructureDefinition.snapshot.element.binding"
    ],
    "http://hl7.org/fhir/StructureDefinition/elementdefinition-translatable": [
      "StructureDefinition.snapshot.element"
    ],
    "http://hl7.org/fhir/StructureDefinition/structuredefinition-fhir-type": [
      "StructureDefinition.snapshot.element.type"
    ],
    "http://hl7.org/fhir/StructureDefinition/structuredefinition-fmm": [
      "CodeSystem",
      "ImplementationGuide",
      "StructureDefinition",
      "ValueSet"
    ],
    "http://hl7.org/fhir/StructureDefinition/structuredefinition-hierarchy": [
      "StructureDefinition.snapshot.element.type"
    ],
    "http://hl7.org/fhir/StructureDefinition/structuredefinition-standards-status": [
      "CodeSystem",
      "ImplementationGuide",
      "ImplementationGuide.definition.page",
      "ImplementationGuide.definition.page.page",
      "StructureDefinition",
      "ValueSet"
    ],
    "http://hl7.org/fhir/StructureDefinition/structuredefinition-type-characteristics": [
      "StructureDefinition"
    ],
    "http://hl7.org/fhir/tools/StructureDefinition/ig-internal-dependency": [
      "ImplementationGuide.definition"
    ],
    "http://hl7.org/fhir/tools/StructureDefinition/implementationguide-dependency-comment": [
      "ImplementationGuide.dependsOn"
    ],
    "http://hl7.org/fhir/tools/StructureDefinition/resource-information": [
      "ImplementationGuide.definition.resource"
    ],
    "http://hl7.org/fhir/tools/StructureDefinition/snapshot-base-version": [
      "StructureDefinition.snapshot"
    ],
    "https://idmp-br.github.io/brig-idmp-brasil/StructureDefinition/anvisa-category": [
      "MedicinalProductDefinition"
    ],
    "https://idmp-br.github.io/brig-idmp-brasil/StructureDefinition/anvisa-regulatory-status": [
      "MedicinalProductDefinition"
    ],
    "https://idmp-br.github.io/brig-idmp-brasil/StructureDefinition/controlled-substance-category": [
      "MedicinalProductDefinition"
    ]
  }
}