<?xml version="1.0" encoding="UTF-8"?>

<ValueSet xmlns="http://hl7.org/fhir">
  <id value="container-type-br"/>
  <text>
    <status value="generated"/><div xmlns="http://www.w3.org/1999/xhtml"><p class="res-header-id"><b>Narrativa gerada: ValueSet container-type-br</b></p><a name="container-type-br"> </a><a name="hccontainer-type-br"> </a><ul><li>Include todos os códigos definidos em <code>http://farmaco.maxapex.net/brig/fhir/CodeSystem/container-type-br</code><span title="Version is not explicity stated. No matching Code System found"> versão Not Stated (use latest from terminology server)</span></li></ul></div>
  </text>
  <extension url="http://hl7.org/fhir/StructureDefinition/structuredefinition-standards-status">
    <valueCode value="informative">
      <extension url="http://hl7.org/fhir/StructureDefinition/structuredefinition-conformance-derivedFrom">
        <valueCanonical value="https://idmp-br.github.io/brig-idmp-brasil/ImplementationGuide/brig.idmp.brazil"/>
      </extension>
    </valueCode>
  </extension>
  <url value="https://idmp-br.github.io/brig-idmp-brasil/ValueSet/container-type-br"/>
  <version value="0.0.3"/>
  <name value="ContainerTypeBR"/>
  <title value="Tipos de Container - Brasil"/>
  <status value="draft"/>
  <experimental value="true"/>
  <date value="2025-08-04"/>
  <publisher value="IDMP Brasil"/>
  <contact>
    <name value="IDMP Brasil"/>
    <telecom>
      <system value="url"/>
      <value value="https://idmp-br.github.io"/>
    </telecom>
    <telecom>
      <system value="email"/>
      <value value="eugenio@farmaco.io"/>
    </telecom>
  </contact>
  <contact>
    <name value="IDMP Brasil"/>
    <telecom>
      <system value="email"/>
      <value value="eugenio@farmaco.io"/>
    </telecom>
    <telecom>
      <system value="url"/>
      <value value="https://idmp-br.github.io/brig-idmp-brasil"/>
    </telecom>
  </contact>
  <description value="Tipos de containers padronizados para embalagens brasileiras"/>
  <jurisdiction>
    <coding>
      <system value="urn:iso:std:iso:3166"/>
      <code value="BR"/>
    </coding>
  </jurisdiction>
  <copyright value="Copyright © 2025 Farmaco.io. Este trabalho está licenciado sob a MIT License. FHIR® é marca registrada da HL7 International, usada com permissão."/>
  <compose>
    <include>
      <system value="http://farmaco.maxapex.net/brig/fhir/CodeSystem/container-type-br"/>
    </include>
  </compose>
</ValueSet>