<?xml version="1.0" encoding="UTF-8"?>

<ValueSet xmlns="http://hl7.org/fhir">
  <id value="animal-tissue-type-vs"/>
  <text>
    <status value="generated"/><div xmlns="http://www.w3.org/1999/xhtml"><p class="res-header-id"><b>Narrativa gerada: ValueSet animal-tissue-type-vs</b></p><a name="animal-tissue-type-vs"> </a><a name="hcanimal-tissue-type-vs"> </a><ul><li>Include todos os códigos definidos em <a href="CodeSystem-animal-tissue-type.html"><code>https://idmp-br.github.io/brig-idmp-brasil/CodeSystem/animal-tissue-type</code></a><span title="Version is not explicitly stated, which means it is fixed to the version provided in this specification"> versão &#x1F4E6;0.0.3</span></li></ul></div>
  </text>
  <extension url="http://hl7.org/fhir/StructureDefinition/structuredefinition-fmm">
    <valueInteger value="0">
      <extension url="http://hl7.org/fhir/StructureDefinition/structuredefinition-conformance-derivedFrom">
        <valueCanonical value="https://idmp-br.github.io/brig-idmp-brasil/ImplementationGuide/brig.idmp.brazil"/>
      </extension>
    </valueInteger>
  </extension>
  <extension url="http://hl7.org/fhir/StructureDefinition/structuredefinition-standards-status">
    <valueCode value="draft">
      <extension url="http://hl7.org/fhir/StructureDefinition/structuredefinition-conformance-derivedFrom">
        <valueCanonical value="https://idmp-br.github.io/brig-idmp-brasil/ImplementationGuide/brig.idmp.brazil"/>
      </extension>
    </valueCode>
  </extension>
  <url value="https://idmp-br.github.io/brig-idmp-brasil/ValueSet/animal-tissue-type-vs"/>
  <version value="0.0.3"/>
  <name value="AnimalTissueType"/>
  <title value="Tipos de Tecido Animal"/>
  <status value="active"/>
  <experimental value="false"/>
  <date value="2025-10-30"/>
  <publisher value="IDMP Brasil"/>
  <contact>
    <name value="IDMP Brasil"/>
    <telecom>
      <system value="url"/>
      <value value="https://idmp-br.github.io"/>
    </telecom>
    <telecom>
      <system value="email"/>
      <value value="eugenio@farmaco.io"/>
    </telecom>
  </contact>
  <contact>
    <name value="IDMP Brasil"/>
    <telecom>
      <system value="email"/>
      <value value="eugenio@farmaco.io"/>
    </telecom>
    <telecom>
      <system value="url"/>
      <value value="https://idmp-br.github.io/brig-idmp-brasil"/>
    </telecom>
  </contact>
  <description value="Tipos de tecidos animais para especificação de períodos de carência"/>
  <jurisdiction>
    <coding>
      <system value="urn:iso:std:iso:3166"/>
      <code value="BR"/>
    </coding>
  </jurisdiction>
  <copyright value="Copyright © 2025 Farmaco.io. Este trabalho está licenciado sob a MIT License. FHIR® é marca registrada da HL7 International, usada com permissão."/>
  <compose>
    <include>
      <system value="https://idmp-br.github.io/brig-idmp-brasil/CodeSystem/animal-tissue-type"/>
    </include>
  </compose>
</ValueSet>