{"resourceType":"CodeSystem","id":"clinical-use-type-br","language":"pt-BR","text":{"status":"generated","div":"<div xmlns=\"http://www.w3.org/1999/xhtml\" xml:lang=\"pt-BR\" lang=\"pt-BR\"><p class=\"res-header-id\"><b>Narrativa gerada: CodeSystem clinical-use-type-br</b></p><a name=\"clinical-use-type-br\"> </a><a name=\"hcclinical-use-type-br\"> </a><div style=\"display: inline-block; background-color: #d9e0e7; padding: 6px; margin: 4px; border: 1px solid #8da1b4; border-radius: 5px; line-height: 60%\"><p style=\"margin-bottom: 0px\">Língua: pt-BR</p></div><p><b>Propriedades</b></p><p><b>Este sistema de códigos define as seguintes propriedades para os seus conceitos</b></p><table class=\"grid\"><tr><td><b>Nome</b></td><td><b>Código</b></td><td><b>Tipo</b></td><td><b>Descrição</b></td></tr><tr><td>status</td><td>status</td><td>code</td><td>Status do conceito</td></tr><tr><td>priority</td><td>priority</td><td>string</td><td>Prioridade clínica</td></tr></table><p><b>Conceitos</b></p><p>Este  sistema de código  define o seguinte código:</p><table class=\"codes\"><tr><td style=\"white-space:nowrap\"><b>Código</b></td><td><b>Ecrã</b></td><td><b>Definição</b></td><td><b>status</b></td><td><b>priority</b></td><td><b>English (English, en)</b></td></tr><tr><td style=\"white-space:nowrap\">indication<a name=\"clinical-use-type-br-indication\"> </a></td><td>Indicação terapêutica</td><td>Condição médica ou situação clínica para a qual o medicamento é indicado</td><td>active</td><td>crítica</td><td>Therapeutic indication</td></tr><tr><td style=\"white-space:nowrap\">contraindication<a name=\"clinical-use-type-br-contraindication\"> </a></td><td>Contraindicação</td><td>Condição ou situação que desaconselha ou proíbe o uso do medicamento</td><td>active</td><td>crítica</td><td>Contraindication</td></tr><tr><td style=\"white-space:nowrap\">interaction<a name=\"clinical-use-type-br-interaction\"> </a></td><td>Interação medicamentosa</td><td>Interação entre medicamentos, alimentos ou outros produtos que pode alterar eficácia ou segurança</td><td>active</td><td>alta</td><td>Drug interaction</td></tr><tr><td style=\"white-space:nowrap\">undesirable-effect<a name=\"clinical-use-type-br-undesirable-effect\"> </a></td><td>Efeito indesejável</td><td>Reação adversa ou efeito colateral associado ao uso do medicamento</td><td>active</td><td>alta</td><td>Undesirable effect</td></tr><tr><td style=\"white-space:nowrap\">warning<a name=\"clinical-use-type-br-warning\"> </a></td><td>Advertência especial</td><td>Precaução ou advertência especial para uso seguro do medicamento</td><td>active</td><td>alta</td><td>Special warning</td></tr><tr><td style=\"white-space:nowrap\">dosage<a name=\"clinical-use-type-br-dosage\"> </a></td><td>Posologia</td><td>Esquema posológico recomendado incluindo dose, frequência e duração</td><td>active</td><td>média</td><td>Dosage regimen</td></tr><tr><td style=\"white-space:nowrap\">dce-sus<a name=\"clinical-use-type-br-dce-sus\"> </a></td><td>Critério DCE-SUS</td><td>Critério de elegibilidade para Componente Especializado da Assistência Farmacêutica</td><td>active</td><td>crítica</td><td>DCE-SUS criteria</td></tr><tr><td style=\"white-space:nowrap\">rename<a name=\"clinical-use-type-br-rename\"> </a></td><td>Critério RENAME</td><td>Critério de inclusão na Relação Nacional de Medicamentos Essenciais</td><td>active</td><td>média</td><td>RENAME criteria</td></tr></table></div>"},"extension":[{"url":"http://hl7.org/fhir/StructureDefinition/structuredefinition-standards-status","valueCode":"informative","_valueCode":{"extension":[{"url":"http://hl7.org/fhir/StructureDefinition/structuredefinition-conformance-derivedFrom","valueCanonical":"https://idmp-br.github.io/brig-idmp-brasil/ImplementationGuide/brig.idmp.brazil"}]}}],"url":"https://idmp-br.github.io/brig-idmp-brasil/CodeSystem/clinical-use-type-br","version":"0.0.3","name":"ClinicalUseTypeBR","title":"Tipos de Uso Clínico - Brasil","status":"draft","experimental":true,"date":"2025-09-07","publisher":"IDMP Brasil","contact":[{"name":"IDMP Brasil","telecom":[{"system":"url","value":"https://idmp-br.github.io"},{"system":"email","value":"eugenio@farmaco.io"}]},{"name":"IDMP Brasil","telecom":[{"system":"email","value":"eugenio@farmaco.io"},{"system":"url","value":"https://idmp-br.github.io/brig-idmp-brasil"}]}],"description":"Tipos de definição de uso clínico adaptados para o contexto brasileiro incluindo indicações terapêuticas, contraindicações, interações medicamentosas e critérios DCE-SUS.","jurisdiction":[{"coding":[{"system":"urn:iso:std:iso:3166","code":"BR"}]}],"copyright":"Copyright © 2025 Farmaco.io. Este trabalho está licenciado sob a MIT License. FHIR® é marca registrada da HL7 International, usada com permissão.","caseSensitive":true,"compositional":false,"versionNeeded":false,"content":"complete","count":8,"property":[{"code":"status","description":"Status do conceito","type":"code"},{"code":"priority","description":"Prioridade clínica","type":"string"}],"concept":[{"code":"indication","display":"Indicação terapêutica","definition":"Condição médica ou situação clínica para a qual o medicamento é indicado","designation":[{"language":"pt-BR","value":"Indicação terapêutica"},{"language":"en","value":"Therapeutic indication"}],"property":[{"code":"status","valueCode":"active"},{"code":"priority","valueString":"crítica"}]},{"code":"contraindication","display":"Contraindicação","definition":"Condição ou situação que desaconselha ou proíbe o uso do medicamento","designation":[{"language":"pt-BR","value":"Contraindicação"},{"language":"en","value":"Contraindication"}],"property":[{"code":"status","valueCode":"active"},{"code":"priority","valueString":"crítica"}]},{"code":"interaction","display":"Interação medicamentosa","definition":"Interação entre medicamentos, alimentos ou outros produtos que pode alterar eficácia ou segurança","designation":[{"language":"pt-BR","value":"Interação medicamentosa"},{"language":"en","value":"Drug interaction"}],"property":[{"code":"status","valueCode":"active"},{"code":"priority","valueString":"alta"}]},{"code":"undesirable-effect","display":"Efeito indesejável","definition":"Reação adversa ou efeito colateral associado ao uso do medicamento","designation":[{"language":"pt-BR","value":"Efeito indesejável"},{"language":"en","value":"Undesirable effect"}],"property":[{"code":"status","valueCode":"active"},{"code":"priority","valueString":"alta"}]},{"code":"warning","display":"Advertência especial","definition":"Precaução ou advertência especial para uso seguro do medicamento","designation":[{"language":"pt-BR","value":"Advertência especial"},{"language":"en","value":"Special warning"}],"property":[{"code":"status","valueCode":"active"},{"code":"priority","valueString":"alta"}]},{"code":"dosage","display":"Posologia","definition":"Esquema posológico recomendado incluindo dose, frequência e duração","designation":[{"language":"pt-BR","value":"Posologia"},{"language":"en","value":"Dosage regimen"}],"property":[{"code":"status","valueCode":"active"},{"code":"priority","valueString":"média"}]},{"code":"dce-sus","display":"Critério DCE-SUS","definition":"Critério de elegibilidade para Componente Especializado da Assistência Farmacêutica","designation":[{"language":"pt-BR","value":"Critério DCE-SUS"},{"language":"en","value":"DCE-SUS criteria"}],"property":[{"code":"status","valueCode":"active"},{"code":"priority","valueString":"crítica"}]},{"code":"rename","display":"Critério RENAME","definition":"Critério de inclusão na Relação Nacional de Medicamentos Essenciais","designation":[{"language":"pt-BR","value":"Critério RENAME"},{"language":"en","value":"RENAME criteria"}],"property":[{"code":"status","valueCode":"active"},{"code":"priority","valueString":"média"}]}]}