{"resourceType":"CodeSystem","id":"interaction-type","text":{"status":"generated","div":"<div xmlns=\"http://www.w3.org/1999/xhtml\"><p class=\"res-header-id\"><b>Narrativa gerada: CodeSystem interaction-type</b></p><a name=\"interaction-type\"> </a><a name=\"hcinteraction-type\"> </a><p>Este  sistema de código  define o seguinte código:</p><table class=\"codes\"><tr><td style=\"white-space:nowrap\"><b>Código</b></td><td><b>Ecrã</b></td><td><b>Definição</b></td></tr><tr><td style=\"white-space:nowrap\">drug-drug<a name=\"interaction-type-drug-drug\"> </a></td><td>Medicamento-Medicamento</td><td>Interação entre medicamentos</td></tr><tr><td style=\"white-space:nowrap\">drug-food<a name=\"interaction-type-drug-food\"> </a></td><td>Medicamento-Alimento</td><td>Interação com alimentos</td></tr><tr><td style=\"white-space:nowrap\">drug-herb<a name=\"interaction-type-drug-herb\"> </a></td><td>Medicamento-Fitoterápico</td><td>Interação com produtos fitoterápicos</td></tr><tr><td style=\"white-space:nowrap\">drug-lab<a name=\"interaction-type-drug-lab\"> </a></td><td>Medicamento-Exame Laboratorial</td><td>Interferência em exames laboratoriais</td></tr><tr><td style=\"white-space:nowrap\">drug-disease<a name=\"interaction-type-drug-disease\"> </a></td><td>Medicamento-Doença</td><td>Interação com condições médicas</td></tr><tr><td style=\"white-space:nowrap\">pharmacokinetic<a name=\"interaction-type-pharmacokinetic\"> </a></td><td>Farmacocinética</td><td>Interação farmacocinética (absorção, distribuição, metabolismo, excreção)</td></tr><tr><td style=\"white-space:nowrap\">pharmacodynamic<a name=\"interaction-type-pharmacodynamic\"> </a></td><td>Farmacodinâmica</td><td>Interação farmacodinâmica (efeitos sinérgicos ou antagônicos)</td></tr></table></div>"},"extension":[{"url":"http://hl7.org/fhir/StructureDefinition/structuredefinition-fmm","valueInteger":0,"_valueInteger":{"extension":[{"url":"http://hl7.org/fhir/StructureDefinition/structuredefinition-conformance-derivedFrom","valueCanonical":"https://idmp-br.github.io/brig-idmp-brasil/ImplementationGuide/brig.idmp.brazil"}]}},{"url":"http://hl7.org/fhir/StructureDefinition/structuredefinition-standards-status","valueCode":"draft","_valueCode":{"extension":[{"url":"http://hl7.org/fhir/StructureDefinition/structuredefinition-conformance-derivedFrom","valueCanonical":"https://idmp-br.github.io/brig-idmp-brasil/ImplementationGuide/brig.idmp.brazil"}]}}],"url":"https://idmp-br.github.io/brig-idmp-brasil/CodeSystem/interaction-type","version":"0.0.3","name":"InteractionType","title":"Tipo de Interação","status":"active","experimental":false,"date":"2025-10-31","publisher":"IDMP Brasil","contact":[{"name":"IDMP Brasil","telecom":[{"system":"url","value":"https://idmp-br.github.io"},{"system":"email","value":"eugenio@farmaco.io"}]},{"name":"IDMP Brasil","telecom":[{"system":"email","value":"eugenio@farmaco.io"},{"system":"url","value":"https://idmp-br.github.io/brig-idmp-brasil"}]}],"description":"Tipos de interação medicamentosa e com alimentos","jurisdiction":[{"coding":[{"system":"urn:iso:std:iso:3166","code":"BR"}]}],"copyright":"Copyright © 2025 Farmaco.io. Este trabalho está licenciado sob a MIT License. FHIR® é marca registrada da HL7 International, usada com permissão.","caseSensitive":true,"content":"complete","count":7,"concept":[{"code":"drug-drug","display":"Medicamento-Medicamento","definition":"Interação entre medicamentos","designation":[{"use":{"system":"http://terminology.hl7.org/CodeSystem/hl7TermMaintInfra","code":"preferredForLanguage"},"value":"Medicamento-Medicamento"}]},{"code":"drug-food","display":"Medicamento-Alimento","definition":"Interação com alimentos","designation":[{"use":{"system":"http://terminology.hl7.org/CodeSystem/hl7TermMaintInfra","code":"preferredForLanguage"},"value":"Medicamento-Alimento"}]},{"code":"drug-herb","display":"Medicamento-Fitoterápico","definition":"Interação com produtos fitoterápicos","designation":[{"use":{"system":"http://terminology.hl7.org/CodeSystem/hl7TermMaintInfra","code":"preferredForLanguage"},"value":"Medicamento-Fitoterápico"}]},{"code":"drug-lab","display":"Medicamento-Exame Laboratorial","definition":"Interferência em exames laboratoriais","designation":[{"use":{"system":"http://terminology.hl7.org/CodeSystem/hl7TermMaintInfra","code":"preferredForLanguage"},"value":"Medicamento-Exame Laboratorial"}]},{"code":"drug-disease","display":"Medicamento-Doença","definition":"Interação com condições médicas","designation":[{"use":{"system":"http://terminology.hl7.org/CodeSystem/hl7TermMaintInfra","code":"preferredForLanguage"},"value":"Medicamento-Doença"}]},{"code":"pharmacokinetic","display":"Farmacocinética","definition":"Interação farmacocinética (absorção, distribuição, metabolismo, excreção)","designation":[{"use":{"system":"http://terminology.hl7.org/CodeSystem/hl7TermMaintInfra","code":"preferredForLanguage"},"value":"Farmacocinética"}]},{"code":"pharmacodynamic","display":"Farmacodinâmica","definition":"Interação farmacodinâmica (efeitos sinérgicos ou antagônicos)","designation":[{"use":{"system":"http://terminology.hl7.org/CodeSystem/hl7TermMaintInfra","code":"preferredForLanguage"},"value":"Farmacodinâmica"}]}]}