{"resourceType":"CodeSystem","id":"regulated-authorization-type-br","text":{"status":"generated","div":"<div xmlns=\"http://www.w3.org/1999/xhtml\"><p class=\"res-header-id\"><b>Narrativa gerada: CodeSystem regulated-authorization-type-br</b></p><a name=\"regulated-authorization-type-br\"> </a><a name=\"hcregulated-authorization-type-br\"> </a><p>Este  sistema de código  define o seguinte código:</p><table class=\"codes\"><tr><td style=\"white-space:nowrap\"><b>Código</b></td><td><b>Ecrã</b></td><td><b>Definição</b></td></tr><tr><td style=\"white-space:nowrap\">registration<a name=\"regulated-authorization-type-br-registration\"> </a></td><td>Registro Inicial</td><td>Registro inicial de medicamento na ANVISA</td></tr><tr><td style=\"white-space:nowrap\">renewal<a name=\"regulated-authorization-type-br-renewal\"> </a></td><td>Renovação</td><td>Renovação de registro de medicamento (validade 10 anos)</td></tr><tr><td style=\"white-space:nowrap\">variation<a name=\"regulated-authorization-type-br-variation\"> </a></td><td>Variação</td><td>Variação pós-registro (alterações no medicamento registrado)</td></tr><tr><td style=\"white-space:nowrap\">cancellation<a name=\"regulated-authorization-type-br-cancellation\"> </a></td><td>Cancelamento</td><td>Cancelamento de registro por solicitação do detentor</td></tr><tr><td style=\"white-space:nowrap\">new-drug<a name=\"regulated-authorization-type-br-new-drug\"> </a></td><td>Medicamento Novo</td><td>Registro de medicamento novo (nova molécula)</td></tr><tr><td style=\"white-space:nowrap\">innovative-drug<a name=\"regulated-authorization-type-br-innovative-drug\"> </a></td><td>Medicamento Inovador</td><td>Registro de medicamento inovador</td></tr><tr><td style=\"white-space:nowrap\">generic-drug<a name=\"regulated-authorization-type-br-generic-drug\"> </a></td><td>Medicamento Genérico</td><td>Registro de medicamento genérico</td></tr><tr><td style=\"white-space:nowrap\">similar-drug<a name=\"regulated-authorization-type-br-similar-drug\"> </a></td><td>Medicamento Similar</td><td>Registro de medicamento similar</td></tr><tr><td style=\"white-space:nowrap\">biological-product<a name=\"regulated-authorization-type-br-biological-product\"> </a></td><td>Produto Biológico</td><td>Registro de produto biológico</td></tr><tr><td style=\"white-space:nowrap\">biosimilar-product<a name=\"regulated-authorization-type-br-biosimilar-product\"> </a></td><td>Produto Biosimilar</td><td>Registro de produto biosimilar</td></tr><tr><td style=\"white-space:nowrap\">major-variation<a name=\"regulated-authorization-type-br-major-variation\"> </a></td><td>Variação Maior</td><td>Variação que requer aprovação prévia da ANVISA</td></tr><tr><td style=\"white-space:nowrap\">minor-variation<a name=\"regulated-authorization-type-br-minor-variation\"> </a></td><td>Variação Menor</td><td>Variação de implementação imediata com comunicação</td></tr><tr><td style=\"white-space:nowrap\">administrative-variation<a name=\"regulated-authorization-type-br-administrative-variation\"> </a></td><td>Variação Administrativa</td><td>Variação puramente administrativa</td></tr><tr><td style=\"white-space:nowrap\">special-authorization<a name=\"regulated-authorization-type-br-special-authorization\"> </a></td><td>Autorização Especial</td><td>Autorização especial para casos específicos</td></tr><tr><td style=\"white-space:nowrap\">emergency-authorization<a name=\"regulated-authorization-type-br-emergency-authorization\"> </a></td><td>Autorização de Emergência</td><td>Autorização emergencial temporária</td></tr><tr><td style=\"white-space:nowrap\">compassionate-use<a name=\"regulated-authorization-type-br-compassionate-use\"> </a></td><td>Uso Compassivo</td><td>Autorização para uso compassivo</td></tr></table></div>"},"extension":[{"url":"http://hl7.org/fhir/StructureDefinition/structuredefinition-standards-status","valueCode":"informative","_valueCode":{"extension":[{"url":"http://hl7.org/fhir/StructureDefinition/structuredefinition-conformance-derivedFrom","valueCanonical":"https://idmp-br.github.io/brig-idmp-brasil/ImplementationGuide/brig.idmp.brazil"}]}}],"url":"http://farmaco.maxapex.net/brig/fhir/CodeSystem/regulated-authorization-type-br","version":"0.0.3","name":"RegulatedAuthorizationTypeBR","title":"Tipo de Autorização Regulatória ANVISA","status":"draft","experimental":true,"date":"2025-09-07","publisher":"IDMP Brasil","contact":[{"name":"IDMP Brasil","telecom":[{"system":"url","value":"https://idmp-br.github.io"},{"system":"email","value":"eugenio@farmaco.io"}]},{"name":"IDMP Brasil","telecom":[{"system":"email","value":"eugenio@farmaco.io"},{"system":"url","value":"https://idmp-br.github.io/brig-idmp-brasil"}]}],"description":"Tipos de autorizações regulatórias conforme processos ANVISA para medicamentos","jurisdiction":[{"coding":[{"system":"urn:iso:std:iso:3166","code":"BR"}]}],"copyright":"Copyright © 2025 Farmaco.io. Este trabalho está licenciado sob a MIT License. FHIR® é marca registrada da HL7 International, usada com permissão.","caseSensitive":true,"content":"complete","count":16,"concept":[{"code":"registration","display":"Registro Inicial","definition":"Registro inicial de medicamento na ANVISA","designation":[{"use":{"system":"http://terminology.hl7.org/CodeSystem/hl7TermMaintInfra","code":"preferredForLanguage"},"value":"Registro Inicial"}]},{"code":"renewal","display":"Renovação","definition":"Renovação de registro de medicamento (validade 10 anos)","designation":[{"use":{"system":"http://terminology.hl7.org/CodeSystem/hl7TermMaintInfra","code":"preferredForLanguage"},"value":"Renovação"}]},{"code":"variation","display":"Variação","definition":"Variação pós-registro (alterações no medicamento registrado)","designation":[{"use":{"system":"http://terminology.hl7.org/CodeSystem/hl7TermMaintInfra","code":"preferredForLanguage"},"value":"Variação"}]},{"code":"cancellation","display":"Cancelamento","definition":"Cancelamento de registro por solicitação do detentor","designation":[{"use":{"system":"http://terminology.hl7.org/CodeSystem/hl7TermMaintInfra","code":"preferredForLanguage"},"value":"Cancelamento"}]},{"code":"new-drug","display":"Medicamento Novo","definition":"Registro de medicamento novo (nova molécula)","designation":[{"use":{"system":"http://terminology.hl7.org/CodeSystem/hl7TermMaintInfra","code":"preferredForLanguage"},"value":"Medicamento Novo"}]},{"code":"innovative-drug","display":"Medicamento Inovador","definition":"Registro de medicamento inovador","designation":[{"use":{"system":"http://terminology.hl7.org/CodeSystem/hl7TermMaintInfra","code":"preferredForLanguage"},"value":"Medicamento Inovador"}]},{"code":"generic-drug","display":"Medicamento Genérico","definition":"Registro de medicamento genérico","designation":[{"use":{"system":"http://terminology.hl7.org/CodeSystem/hl7TermMaintInfra","code":"preferredForLanguage"},"value":"Medicamento Genérico"}]},{"code":"similar-drug","display":"Medicamento Similar","definition":"Registro de medicamento similar","designation":[{"use":{"system":"http://terminology.hl7.org/CodeSystem/hl7TermMaintInfra","code":"preferredForLanguage"},"value":"Medicamento Similar"}]},{"code":"biological-product","display":"Produto Biológico","definition":"Registro de produto biológico","designation":[{"use":{"system":"http://terminology.hl7.org/CodeSystem/hl7TermMaintInfra","code":"preferredForLanguage"},"value":"Produto Biológico"}]},{"code":"biosimilar-product","display":"Produto Biosimilar","definition":"Registro de produto biosimilar","designation":[{"use":{"system":"http://terminology.hl7.org/CodeSystem/hl7TermMaintInfra","code":"preferredForLanguage"},"value":"Produto Biosimilar"}]},{"code":"major-variation","display":"Variação Maior","definition":"Variação que requer aprovação prévia da ANVISA","designation":[{"use":{"system":"http://terminology.hl7.org/CodeSystem/hl7TermMaintInfra","code":"preferredForLanguage"},"value":"Variação Maior"}]},{"code":"minor-variation","display":"Variação Menor","definition":"Variação de implementação imediata com comunicação","designation":[{"use":{"system":"http://terminology.hl7.org/CodeSystem/hl7TermMaintInfra","code":"preferredForLanguage"},"value":"Variação Menor"}]},{"code":"administrative-variation","display":"Variação Administrativa","definition":"Variação puramente administrativa","designation":[{"use":{"system":"http://terminology.hl7.org/CodeSystem/hl7TermMaintInfra","code":"preferredForLanguage"},"value":"Variação Administrativa"}]},{"code":"special-authorization","display":"Autorização Especial","definition":"Autorização especial para casos específicos","designation":[{"use":{"system":"http://terminology.hl7.org/CodeSystem/hl7TermMaintInfra","code":"preferredForLanguage"},"value":"Autorização Especial"}]},{"code":"emergency-authorization","display":"Autorização de Emergência","definition":"Autorização emergencial temporária","designation":[{"use":{"system":"http://terminology.hl7.org/CodeSystem/hl7TermMaintInfra","code":"preferredForLanguage"},"value":"Autorização de Emergência"}]},{"code":"compassionate-use","display":"Uso Compassivo","definition":"Autorização para uso compassivo","designation":[{"use":{"system":"http://terminology.hl7.org/CodeSystem/hl7TermMaintInfra","code":"preferredForLanguage"},"value":"Uso Compassivo"}]}]}