{"resourceType":"CodeSystem","id":"substance-name-domain","text":{"status":"generated","div":"<div xmlns=\"http://www.w3.org/1999/xhtml\"><p class=\"res-header-id\"><b>Narrativa gerada: CodeSystem substance-name-domain</b></p><a name=\"substance-name-domain\"> </a><a name=\"hcsubstance-name-domain\"> </a><p>Este  sistema de código  define o seguinte código:</p><table class=\"codes\"><tr><td style=\"white-space:nowrap\"><b>Código</b></td><td><b>Ecrã</b></td><td><b>Definição</b></td></tr><tr><td style=\"white-space:nowrap\">scientific<a name=\"substance-name-domain-scientific\"> </a></td><td>Científico</td><td>Nome usado em contexto científico/acadêmico</td></tr><tr><td style=\"white-space:nowrap\">regulatory<a name=\"substance-name-domain-regulatory\"> </a></td><td>Regulatório</td><td>Nome usado em contexto regulatório</td></tr><tr><td style=\"white-space:nowrap\">commercial<a name=\"substance-name-domain-commercial\"> </a></td><td>Comercial</td><td>Nome usado em contexto comercial</td></tr><tr><td style=\"white-space:nowrap\">common<a name=\"substance-name-domain-common\"> </a></td><td>Comum</td><td>Nome popular/trivial</td></tr><tr><td style=\"white-space:nowrap\">systematic<a name=\"substance-name-domain-systematic\"> </a></td><td>Sistemático</td><td>Nome sistemático (IUPAC)</td></tr><tr><td style=\"white-space:nowrap\">brand<a name=\"substance-name-domain-brand\"> </a></td><td>Marca</td><td>Nome de marca registrada</td></tr></table></div>"},"extension":[{"url":"http://hl7.org/fhir/StructureDefinition/structuredefinition-fmm","valueInteger":0,"_valueInteger":{"extension":[{"url":"http://hl7.org/fhir/StructureDefinition/structuredefinition-conformance-derivedFrom","valueCanonical":"https://idmp-br.github.io/brig-idmp-brasil/ImplementationGuide/brig.idmp.brazil"}]}},{"url":"http://hl7.org/fhir/StructureDefinition/structuredefinition-standards-status","valueCode":"draft","_valueCode":{"extension":[{"url":"http://hl7.org/fhir/StructureDefinition/structuredefinition-conformance-derivedFrom","valueCanonical":"https://idmp-br.github.io/brig-idmp-brasil/ImplementationGuide/brig.idmp.brazil"}]}}],"url":"https://idmp-br.github.io/brig-idmp-brasil/CodeSystem/substance-name-domain","version":"0.0.3","name":"SubstanceNameDomain","title":"Domínio de Nome de Substância","status":"active","date":"2025-10-30","publisher":"IDMP Brasil","contact":[{"name":"IDMP Brasil","telecom":[{"system":"url","value":"https://idmp-br.github.io"},{"system":"email","value":"eugenio@farmaco.io"}]},{"name":"IDMP Brasil","telecom":[{"system":"email","value":"eugenio@farmaco.io"},{"system":"url","value":"https://idmp-br.github.io/brig-idmp-brasil"}]}],"description":"Domínio ou contexto de uso de nome de substância","jurisdiction":[{"coding":[{"system":"urn:iso:std:iso:3166","code":"BR"}]}],"copyright":"Copyright © 2025 Farmaco.io. Este trabalho está licenciado sob a MIT License. FHIR® é marca registrada da HL7 International, usada com permissão.","caseSensitive":true,"content":"complete","count":6,"concept":[{"code":"scientific","display":"Científico","definition":"Nome usado em contexto científico/acadêmico","designation":[{"use":{"system":"http://terminology.hl7.org/CodeSystem/hl7TermMaintInfra","code":"preferredForLanguage"},"value":"Científico"}]},{"code":"regulatory","display":"Regulatório","definition":"Nome usado em contexto regulatório","designation":[{"use":{"system":"http://terminology.hl7.org/CodeSystem/hl7TermMaintInfra","code":"preferredForLanguage"},"value":"Regulatório"}]},{"code":"commercial","display":"Comercial","definition":"Nome usado em contexto comercial","designation":[{"use":{"system":"http://terminology.hl7.org/CodeSystem/hl7TermMaintInfra","code":"preferredForLanguage"},"value":"Comercial"}]},{"code":"common","display":"Comum","definition":"Nome popular/trivial","designation":[{"use":{"system":"http://terminology.hl7.org/CodeSystem/hl7TermMaintInfra","code":"preferredForLanguage"},"value":"Comum"}]},{"code":"systematic","display":"Sistemático","definition":"Nome sistemático (IUPAC)","designation":[{"use":{"system":"http://terminology.hl7.org/CodeSystem/hl7TermMaintInfra","code":"preferredForLanguage"},"value":"Sistemático"}]},{"code":"brand","display":"Marca","definition":"Nome de marca registrada","designation":[{"use":{"system":"http://terminology.hl7.org/CodeSystem/hl7TermMaintInfra","code":"preferredForLanguage"},"value":"Marca"}]}]}