{"resourceType":"CodeSystem","id":"exemplo-codesystem-brasileiro","language":"pt-BR","text":{"status":"generated","div":"<div xmlns=\"http://www.w3.org/1999/xhtml\" xml:lang=\"pt-BR\" lang=\"pt-BR\"><p class=\"res-header-id\"><b>Narrativa gerada: CodeSystem exemplo-codesystem-brasileiro</b></p><a name=\"exemplo-codesystem-brasileiro\"> </a><a name=\"hcexemplo-codesystem-brasileiro\"> </a><div style=\"display: inline-block; background-color: #d9e0e7; padding: 6px; margin: 4px; border: 1px solid #8da1b4; border-radius: 5px; line-height: 60%\"><p style=\"margin-bottom: 0px\">Língua: pt-BR</p></div><p>Este  sistema de código  define o seguinte código:</p><table class=\"codes\"><tr><td style=\"white-space:nowrap\"><b>Código</b></td><td><b>Ecrã</b></td><td><b>Definição</b></td></tr><tr><td style=\"white-space:nowrap\">detentor-registro<a name=\"exemplo-codesystem-brasileiro-detentor-registro\"> </a></td><td>Detentor do Registro</td><td>Empresa responsável pelo registro do medicamento junto à ANVISA</td></tr><tr><td style=\"white-space:nowrap\">forma-farmaceutica<a name=\"exemplo-codesystem-brasileiro-forma-farmaceutica\"> </a></td><td>Forma Farmacêutica</td><td>Forma física final do medicamento conforme padrões brasileiros</td></tr><tr><td style=\"white-space:nowrap\">concentracao<a name=\"exemplo-codesystem-brasileiro-concentracao\"> </a></td><td>Concentração</td><td>Quantidade de substância ativa por unidade de dosagem</td></tr></table></div>"},"extension":[{"url":"http://hl7.org/fhir/StructureDefinition/structuredefinition-standards-status","valueCode":"informative","_valueCode":{"extension":[{"url":"http://hl7.org/fhir/StructureDefinition/structuredefinition-conformance-derivedFrom","valueCanonical":"https://idmp-br.github.io/brig-idmp-brasil/ImplementationGuide/brig.idmp.brazil"}]}}],"url":"https://idmp-br.github.io/brig-idmp-brasil/CodeSystem/exemplo-codesystem-brasileiro","version":"0.0.3","name":"ExemploCodeSystemBrasileiro","title":"Exemplo de CodeSystem Brasileiro","status":"draft","experimental":true,"date":"2025-08-04","publisher":"IDMP Brasil","contact":[{"name":"IDMP Brasil","telecom":[{"system":"url","value":"https://idmp-br.github.io"},{"system":"email","value":"eugenio@farmaco.io"}]},{"name":"IDMP Brasil","telecom":[{"system":"email","value":"eugenio@farmaco.io"},{"system":"url","value":"https://idmp-br.github.io/brig-idmp-brasil"}]}],"description":"Sistema de códigos de exemplo com terminologia farmacêutica brasileira padronizada","jurisdiction":[{"coding":[{"system":"urn:iso:std:iso:3166","code":"BR"}]}],"purpose":"Exemplificar sistema de códigos com terminologia brasileira adequada","copyright":"Copyright © 2025 BRIG Brasil. Códigos em português brasileiro.","caseSensitive":true,"content":"complete","count":3,"concept":[{"code":"detentor-registro","display":"Detentor do Registro","definition":"Empresa responsável pelo registro do medicamento junto à ANVISA"},{"code":"forma-farmaceutica","display":"Forma Farmacêutica","definition":"Forma física final do medicamento conforme padrões brasileiros"},{"code":"concentracao","display":"Concentração","definition":"Quantidade de substância ativa por unidade de dosagem"}]}