{"resourceType":"CodeSystem","id":"mpid-br","text":{"status":"generated","div":"<div xmlns=\"http://www.w3.org/1999/xhtml\"><p class=\"res-header-id\"><b>Narrativa gerada: CodeSystem mpid-br</b></p><a name=\"mpid-br\"> </a><a name=\"hcmpid-br\"> </a><p>Este  sistema de código  define o seguinte código:</p><table class=\"codes\"><tr><td style=\"white-space:nowrap\"><b>Código</b></td><td><b>Ecrã</b></td><td><b>Definição</b></td></tr><tr><td style=\"white-space:nowrap\">BR-ANVISA-001234<a name=\"mpid-br-BR-ANVISA-001234\"> </a></td><td>MPID Exemplo 1</td><td>Exemplo de MPID brasileiro para demonstração</td></tr><tr><td style=\"white-space:nowrap\">BR-NEO-567890<a name=\"mpid-br-BR-NEO-567890\"> </a></td><td>MPID Exemplo 2</td><td>Exemplo de MPID brasileiro para demonstração</td></tr></table></div>"},"extension":[{"url":"http://hl7.org/fhir/StructureDefinition/structuredefinition-standards-status","valueCode":"informative","_valueCode":{"extension":[{"url":"http://hl7.org/fhir/StructureDefinition/structuredefinition-conformance-derivedFrom","valueCanonical":"https://idmp-br.github.io/brig-idmp-brasil/ImplementationGuide/brig.idmp.brazil"}]}}],"url":"https://idmp-br.github.io/brig-idmp-brasil/CodeSystem/mpid-br","version":"0.0.3","name":"MPIDBrazil","title":"MPID - Identificador de Produto Medicinal - Brasil","status":"draft","experimental":true,"date":"2025-08-02","publisher":"IDMP Brasil","contact":[{"name":"IDMP Brasil","telecom":[{"system":"url","value":"https://idmp-br.github.io"},{"system":"email","value":"eugenio@farmaco.io"}]},{"name":"IDMP Brasil","telecom":[{"system":"email","value":"eugenio@farmaco.io"},{"system":"url","value":"https://idmp-br.github.io/brig-idmp-brasil"}]}],"description":"Sistema de códigos para identificadores de produtos medicinais conforme ISO 11615","jurisdiction":[{"coding":[{"system":"urn:iso:std:iso:3166","code":"BR"}]}],"purpose":"Implementação brasileira do MPID conforme ISO 11615 - Medicinal product identification","copyright":"Copyright © 2025 Farmaco.io. Este trabalho está licenciado sob a MIT License. FHIR® é marca registrada da HL7 International, usada com permissão.","caseSensitive":true,"content":"complete","count":2,"concept":[{"code":"BR-ANVISA-001234","display":"MPID Exemplo 1","definition":"Exemplo de MPID brasileiro para demonstração"},{"code":"BR-NEO-567890","display":"MPID Exemplo 2","definition":"Exemplo de MPID brasileiro para demonstração"}]}