{"resourceType":"CodeSystem","id":"substance-name-authority","text":{"status":"generated","div":"<div xmlns=\"http://www.w3.org/1999/xhtml\"><p class=\"res-header-id\"><b>Narrativa gerada: CodeSystem substance-name-authority</b></p><a name=\"substance-name-authority\"> </a><a name=\"hcsubstance-name-authority\"> </a><p>Este  sistema de código  define o seguinte código:</p><table class=\"codes\"><tr><td style=\"white-space:nowrap\"><b>Código</b></td><td><b>Ecrã</b></td><td><b>Definição</b></td></tr><tr><td style=\"white-space:nowrap\">IUPAC<a name=\"substance-name-authority-IUPAC\"> </a></td><td>IUPAC</td><td>International Union of Pure and Applied Chemistry</td></tr><tr><td style=\"white-space:nowrap\">WHO-INN<a name=\"substance-name-authority-WHO-INN\"> </a></td><td>WHO INN</td><td>World Health Organization - International Nonproprietary Names</td></tr><tr><td style=\"white-space:nowrap\">USP<a name=\"substance-name-authority-USP\"> </a></td><td>USP</td><td>United States Pharmacopeia</td></tr><tr><td style=\"white-space:nowrap\">EP<a name=\"substance-name-authority-EP\"> </a></td><td>EP</td><td>European Pharmacopoeia</td></tr><tr><td style=\"white-space:nowrap\">JP<a name=\"substance-name-authority-JP\"> </a></td><td>JP</td><td>Japanese Pharmacopoeia</td></tr><tr><td style=\"white-space:nowrap\">BP<a name=\"substance-name-authority-BP\"> </a></td><td>BP</td><td>British Pharmacopoeia</td></tr><tr><td style=\"white-space:nowrap\">FB<a name=\"substance-name-authority-FB\"> </a></td><td>Farmacopeia Brasileira</td><td>Farmacopeia Brasileira - ANVISA</td></tr><tr><td style=\"white-space:nowrap\">ANVISA<a name=\"substance-name-authority-ANVISA\"> </a></td><td>ANVISA</td><td>Agência Nacional de Vigilância Sanitária</td></tr><tr><td style=\"white-space:nowrap\">DCB<a name=\"substance-name-authority-DCB\"> </a></td><td>DCB</td><td>Denominação Comum Brasileira</td></tr><tr><td style=\"white-space:nowrap\">CAS<a name=\"substance-name-authority-CAS\"> </a></td><td>CAS</td><td>Chemical Abstracts Service</td></tr><tr><td style=\"white-space:nowrap\">USAN<a name=\"substance-name-authority-USAN\"> </a></td><td>USAN</td><td>United States Adopted Names</td></tr></table></div>"},"extension":[{"url":"http://hl7.org/fhir/StructureDefinition/structuredefinition-fmm","valueInteger":0,"_valueInteger":{"extension":[{"url":"http://hl7.org/fhir/StructureDefinition/structuredefinition-conformance-derivedFrom","valueCanonical":"https://idmp-br.github.io/brig-idmp-brasil/ImplementationGuide/brig.idmp.brazil"}]}},{"url":"http://hl7.org/fhir/StructureDefinition/structuredefinition-standards-status","valueCode":"draft","_valueCode":{"extension":[{"url":"http://hl7.org/fhir/StructureDefinition/structuredefinition-conformance-derivedFrom","valueCanonical":"https://idmp-br.github.io/brig-idmp-brasil/ImplementationGuide/brig.idmp.brazil"}]}}],"url":"https://idmp-br.github.io/brig-idmp-brasil/CodeSystem/substance-name-authority","version":"0.0.3","name":"SubstanceNameAuthority","title":"Autoridade de Nomenclatura de Substâncias","status":"active","date":"2025-10-30","publisher":"IDMP Brasil","contact":[{"name":"IDMP Brasil","telecom":[{"system":"url","value":"https://idmp-br.github.io"},{"system":"email","value":"eugenio@farmaco.io"}]},{"name":"IDMP Brasil","telecom":[{"system":"email","value":"eugenio@farmaco.io"},{"system":"url","value":"https://idmp-br.github.io/brig-idmp-brasil"}]}],"description":"Organizações/autoridades que atribuem nomes oficiais a substâncias","jurisdiction":[{"coding":[{"system":"urn:iso:std:iso:3166","code":"BR"}]}],"copyright":"Copyright © 2025 Farmaco.io. Este trabalho está licenciado sob a MIT License. FHIR® é marca registrada da HL7 International, usada com permissão.","caseSensitive":true,"content":"complete","count":11,"concept":[{"code":"IUPAC","display":"IUPAC","definition":"International Union of Pure and Applied Chemistry","designation":[{"use":{"system":"http://terminology.hl7.org/CodeSystem/hl7TermMaintInfra","code":"preferredForLanguage"},"value":"IUPAC"}]},{"code":"WHO-INN","display":"WHO INN","definition":"World Health Organization - International Nonproprietary Names","designation":[{"use":{"system":"http://terminology.hl7.org/CodeSystem/hl7TermMaintInfra","code":"preferredForLanguage"},"value":"WHO INN"}]},{"code":"USP","display":"USP","definition":"United States Pharmacopeia","designation":[{"use":{"system":"http://terminology.hl7.org/CodeSystem/hl7TermMaintInfra","code":"preferredForLanguage"},"value":"USP"}]},{"code":"EP","display":"EP","definition":"European Pharmacopoeia","designation":[{"use":{"system":"http://terminology.hl7.org/CodeSystem/hl7TermMaintInfra","code":"preferredForLanguage"},"value":"EP"}]},{"code":"JP","display":"JP","definition":"Japanese Pharmacopoeia","designation":[{"use":{"system":"http://terminology.hl7.org/CodeSystem/hl7TermMaintInfra","code":"preferredForLanguage"},"value":"JP"}]},{"code":"BP","display":"BP","definition":"British Pharmacopoeia","designation":[{"use":{"system":"http://terminology.hl7.org/CodeSystem/hl7TermMaintInfra","code":"preferredForLanguage"},"value":"BP"}]},{"code":"FB","display":"Farmacopeia Brasileira","definition":"Farmacopeia Brasileira - ANVISA","designation":[{"use":{"system":"http://terminology.hl7.org/CodeSystem/hl7TermMaintInfra","code":"preferredForLanguage"},"value":"Farmacopeia Brasileira"}]},{"code":"ANVISA","display":"ANVISA","definition":"Agência Nacional de Vigilância Sanitária","designation":[{"use":{"system":"http://terminology.hl7.org/CodeSystem/hl7TermMaintInfra","code":"preferredForLanguage"},"value":"ANVISA"}]},{"code":"DCB","display":"DCB","definition":"Denominação Comum Brasileira","designation":[{"use":{"system":"http://terminology.hl7.org/CodeSystem/hl7TermMaintInfra","code":"preferredForLanguage"},"value":"DCB"}]},{"code":"CAS","display":"CAS","definition":"Chemical Abstracts Service","designation":[{"use":{"system":"http://terminology.hl7.org/CodeSystem/hl7TermMaintInfra","code":"preferredForLanguage"},"value":"CAS"}]},{"code":"USAN","display":"USAN","definition":"United States Adopted Names","designation":[{"use":{"system":"http://terminology.hl7.org/CodeSystem/hl7TermMaintInfra","code":"preferredForLanguage"},"value":"USAN"}]}]}