{"resourceType":"CodeSystem","id":"undesirable-effect-classification","text":{"status":"generated","div":"<div xmlns=\"http://www.w3.org/1999/xhtml\"><p class=\"res-header-id\"><b>Narrativa gerada: CodeSystem undesirable-effect-classification</b></p><a name=\"undesirable-effect-classification\"> </a><a name=\"hcundesirable-effect-classification\"> </a><p>Este  sistema de código  define o seguinte código:</p><table class=\"codes\"><tr><td style=\"white-space:nowrap\"><b>Código</b></td><td><b>Ecrã</b></td><td><b>Definição</b></td></tr><tr><td style=\"white-space:nowrap\">very-common<a name=\"undesirable-effect-classification-very-common\"> </a></td><td>Muito Comum</td><td>≥ 1/10 (≥ 10%)</td></tr><tr><td style=\"white-space:nowrap\">common<a name=\"undesirable-effect-classification-common\"> </a></td><td>Comum</td><td>≥ 1/100 e &lt; 1/10 (≥ 1% e &lt; 10%)</td></tr><tr><td style=\"white-space:nowrap\">uncommon<a name=\"undesirable-effect-classification-uncommon\"> </a></td><td>Incomum</td><td>≥ 1/1.000 e &lt; 1/100 (≥ 0,1% e &lt; 1%)</td></tr><tr><td style=\"white-space:nowrap\">rare<a name=\"undesirable-effect-classification-rare\"> </a></td><td>Raro</td><td>≥ 1/10.000 e &lt; 1/1.000 (≥ 0,01% e &lt; 0,1%)</td></tr><tr><td style=\"white-space:nowrap\">very-rare<a name=\"undesirable-effect-classification-very-rare\"> </a></td><td>Muito Raro</td><td>&lt; 1/10.000 (&lt; 0,01%)</td></tr><tr><td style=\"white-space:nowrap\">unknown<a name=\"undesirable-effect-classification-unknown\"> </a></td><td>Frequência Desconhecida</td><td>Não pode ser estimada a partir dos dados disponíveis</td></tr><tr><td style=\"white-space:nowrap\">mild<a name=\"undesirable-effect-classification-mild\"> </a></td><td>Leve</td><td>Efeito leve que não interfere nas atividades normais</td></tr><tr><td style=\"white-space:nowrap\">moderate<a name=\"undesirable-effect-classification-moderate\"> </a></td><td>Moderado</td><td>Efeito que interfere parcialmente nas atividades</td></tr><tr><td style=\"white-space:nowrap\">severe<a name=\"undesirable-effect-classification-severe\"> </a></td><td>Grave</td><td>Efeito que impede atividades normais</td></tr><tr><td style=\"white-space:nowrap\">life-threatening<a name=\"undesirable-effect-classification-life-threatening\"> </a></td><td>Risco de Vida</td><td>Efeito que coloca a vida em risco</td></tr><tr><td style=\"white-space:nowrap\">fatal<a name=\"undesirable-effect-classification-fatal\"> </a></td><td>Fatal</td><td>Efeito que resulta em morte</td></tr><tr><td style=\"white-space:nowrap\">cardiac<a name=\"undesirable-effect-classification-cardiac\"> </a></td><td>Cardíaco</td><td>Efeitos cardíacos</td></tr><tr><td style=\"white-space:nowrap\">gastrointestinal<a name=\"undesirable-effect-classification-gastrointestinal\"> </a></td><td>Gastrointestinal</td><td>Efeitos gastrointestinais</td></tr><tr><td style=\"white-space:nowrap\">hepatic<a name=\"undesirable-effect-classification-hepatic\"> </a></td><td>Hepático</td><td>Efeitos hepáticos</td></tr><tr><td style=\"white-space:nowrap\">renal<a name=\"undesirable-effect-classification-renal\"> </a></td><td>Renal</td><td>Efeitos renais</td></tr><tr><td style=\"white-space:nowrap\">neurological<a name=\"undesirable-effect-classification-neurological\"> </a></td><td>Neurológico</td><td>Efeitos neurológicos</td></tr><tr><td style=\"white-space:nowrap\">psychiatric<a name=\"undesirable-effect-classification-psychiatric\"> </a></td><td>Psiquiátrico</td><td>Efeitos psiquiátricos</td></tr><tr><td style=\"white-space:nowrap\">dermatological<a name=\"undesirable-effect-classification-dermatological\"> </a></td><td>Dermatológico</td><td>Efeitos dermatológicos</td></tr><tr><td style=\"white-space:nowrap\">hematological<a name=\"undesirable-effect-classification-hematological\"> </a></td><td>Hematológico</td><td>Efeitos hematológicos</td></tr><tr><td style=\"white-space:nowrap\">immunological<a name=\"undesirable-effect-classification-immunological\"> </a></td><td>Imunológico</td><td>Efeitos imunológicos</td></tr><tr><td style=\"white-space:nowrap\">endocrine<a name=\"undesirable-effect-classification-endocrine\"> </a></td><td>Endócrino</td><td>Efeitos endócrinos</td></tr></table></div>"},"extension":[{"url":"http://hl7.org/fhir/StructureDefinition/structuredefinition-fmm","valueInteger":0,"_valueInteger":{"extension":[{"url":"http://hl7.org/fhir/StructureDefinition/structuredefinition-conformance-derivedFrom","valueCanonical":"https://idmp-br.github.io/brig-idmp-brasil/ImplementationGuide/brig.idmp.brazil"}]}},{"url":"http://hl7.org/fhir/StructureDefinition/structuredefinition-standards-status","valueCode":"draft","_valueCode":{"extension":[{"url":"http://hl7.org/fhir/StructureDefinition/structuredefinition-conformance-derivedFrom","valueCanonical":"https://idmp-br.github.io/brig-idmp-brasil/ImplementationGuide/brig.idmp.brazil"}]}}],"url":"https://idmp-br.github.io/brig-idmp-brasil/CodeSystem/undesirable-effect-classification","version":"0.0.3","name":"UndesirableEffectClassification","title":"Classificação de Efeito Indesejável","status":"active","experimental":false,"date":"2025-10-31","publisher":"IDMP Brasil","contact":[{"name":"IDMP Brasil","telecom":[{"system":"url","value":"https://idmp-br.github.io"},{"system":"email","value":"eugenio@farmaco.io"}]},{"name":"IDMP Brasil","telecom":[{"system":"email","value":"eugenio@farmaco.io"},{"system":"url","value":"https://idmp-br.github.io/brig-idmp-brasil"}]}],"description":"Classificação de alta hierarquia para efeitos indesejáveis","jurisdiction":[{"coding":[{"system":"urn:iso:std:iso:3166","code":"BR"}]}],"copyright":"Copyright © 2025 Farmaco.io. Este trabalho está licenciado sob a MIT License. FHIR® é marca registrada da HL7 International, usada com permissão.","caseSensitive":true,"content":"complete","count":21,"concept":[{"code":"very-common","display":"Muito Comum","definition":"≥ 1/10 (≥ 10%)","designation":[{"use":{"system":"http://terminology.hl7.org/CodeSystem/hl7TermMaintInfra","code":"preferredForLanguage"},"value":"Muito Comum"}]},{"code":"common","display":"Comum","definition":"≥ 1/100 e < 1/10 (≥ 1% e < 10%)","designation":[{"use":{"system":"http://terminology.hl7.org/CodeSystem/hl7TermMaintInfra","code":"preferredForLanguage"},"value":"Comum"}]},{"code":"uncommon","display":"Incomum","definition":"≥ 1/1.000 e < 1/100 (≥ 0,1% e < 1%)","designation":[{"use":{"system":"http://terminology.hl7.org/CodeSystem/hl7TermMaintInfra","code":"preferredForLanguage"},"value":"Incomum"}]},{"code":"rare","display":"Raro","definition":"≥ 1/10.000 e < 1/1.000 (≥ 0,01% e < 0,1%)","designation":[{"use":{"system":"http://terminology.hl7.org/CodeSystem/hl7TermMaintInfra","code":"preferredForLanguage"},"value":"Raro"}]},{"code":"very-rare","display":"Muito Raro","definition":"< 1/10.000 (< 0,01%)","designation":[{"use":{"system":"http://terminology.hl7.org/CodeSystem/hl7TermMaintInfra","code":"preferredForLanguage"},"value":"Muito Raro"}]},{"code":"unknown","display":"Frequência Desconhecida","definition":"Não pode ser estimada a partir dos dados disponíveis","designation":[{"use":{"system":"http://terminology.hl7.org/CodeSystem/hl7TermMaintInfra","code":"preferredForLanguage"},"value":"Frequência Desconhecida"}]},{"code":"mild","display":"Leve","definition":"Efeito leve que não interfere nas atividades normais","designation":[{"use":{"system":"http://terminology.hl7.org/CodeSystem/hl7TermMaintInfra","code":"preferredForLanguage"},"value":"Leve"}]},{"code":"moderate","display":"Moderado","definition":"Efeito que interfere parcialmente nas atividades","designation":[{"use":{"system":"http://terminology.hl7.org/CodeSystem/hl7TermMaintInfra","code":"preferredForLanguage"},"value":"Moderado"}]},{"code":"severe","display":"Grave","definition":"Efeito que impede atividades normais","designation":[{"use":{"system":"http://terminology.hl7.org/CodeSystem/hl7TermMaintInfra","code":"preferredForLanguage"},"value":"Grave"}]},{"code":"life-threatening","display":"Risco de Vida","definition":"Efeito que coloca a vida em risco","designation":[{"use":{"system":"http://terminology.hl7.org/CodeSystem/hl7TermMaintInfra","code":"preferredForLanguage"},"value":"Risco de Vida"}]},{"code":"fatal","display":"Fatal","definition":"Efeito que resulta em morte","designation":[{"use":{"system":"http://terminology.hl7.org/CodeSystem/hl7TermMaintInfra","code":"preferredForLanguage"},"value":"Fatal"}]},{"code":"cardiac","display":"Cardíaco","definition":"Efeitos cardíacos","designation":[{"use":{"system":"http://terminology.hl7.org/CodeSystem/hl7TermMaintInfra","code":"preferredForLanguage"},"value":"Cardíaco"}]},{"code":"gastrointestinal","display":"Gastrointestinal","definition":"Efeitos gastrointestinais","designation":[{"use":{"system":"http://terminology.hl7.org/CodeSystem/hl7TermMaintInfra","code":"preferredForLanguage"},"value":"Gastrointestinal"}]},{"code":"hepatic","display":"Hepático","definition":"Efeitos hepáticos","designation":[{"use":{"system":"http://terminology.hl7.org/CodeSystem/hl7TermMaintInfra","code":"preferredForLanguage"},"value":"Hepático"}]},{"code":"renal","display":"Renal","definition":"Efeitos renais","designation":[{"use":{"system":"http://terminology.hl7.org/CodeSystem/hl7TermMaintInfra","code":"preferredForLanguage"},"value":"Renal"}]},{"code":"neurological","display":"Neurológico","definition":"Efeitos neurológicos","designation":[{"use":{"system":"http://terminology.hl7.org/CodeSystem/hl7TermMaintInfra","code":"preferredForLanguage"},"value":"Neurológico"}]},{"code":"psychiatric","display":"Psiquiátrico","definition":"Efeitos psiquiátricos","designation":[{"use":{"system":"http://terminology.hl7.org/CodeSystem/hl7TermMaintInfra","code":"preferredForLanguage"},"value":"Psiquiátrico"}]},{"code":"dermatological","display":"Dermatológico","definition":"Efeitos dermatológicos","designation":[{"use":{"system":"http://terminology.hl7.org/CodeSystem/hl7TermMaintInfra","code":"preferredForLanguage"},"value":"Dermatológico"}]},{"code":"hematological","display":"Hematológico","definition":"Efeitos hematológicos","designation":[{"use":{"system":"http://terminology.hl7.org/CodeSystem/hl7TermMaintInfra","code":"preferredForLanguage"},"value":"Hematológico"}]},{"code":"immunological","display":"Imunológico","definition":"Efeitos imunológicos","designation":[{"use":{"system":"http://terminology.hl7.org/CodeSystem/hl7TermMaintInfra","code":"preferredForLanguage"},"value":"Imunológico"}]},{"code":"endocrine","display":"Endócrino","definition":"Efeitos endócrinos","designation":[{"use":{"system":"http://terminology.hl7.org/CodeSystem/hl7TermMaintInfra","code":"preferredForLanguage"},"value":"Endócrino"}]}]}