{"resourceType":"CodeSystem","id":"manufactured-item-component-type","text":{"status":"generated","div":"<div xmlns=\"http://www.w3.org/1999/xhtml\"><p class=\"res-header-id\"><b>Narrativa gerada: CodeSystem manufactured-item-component-type</b></p><a name=\"manufactured-item-component-type\"> </a><a name=\"hcmanufactured-item-component-type\"> </a><p>Este  sistema de código  define o seguinte código:</p><table class=\"codes\"><tr><td style=\"white-space:nowrap\"><b>Código</b></td><td><b>Ecrã</b></td><td><b>Definição</b></td></tr><tr><td style=\"white-space:nowrap\">core<a name=\"manufactured-item-component-type-core\"> </a></td><td>Núcleo</td><td>Núcleo central do item</td></tr><tr><td style=\"white-space:nowrap\">coating<a name=\"manufactured-item-component-type-coating\"> </a></td><td>Revestimento</td><td>Camada de revestimento externo</td></tr><tr><td style=\"white-space:nowrap\">film-coating<a name=\"manufactured-item-component-type-film-coating\"> </a></td><td>Revestimento Pelicular</td><td>Filme polimérico de revestimento</td></tr><tr><td style=\"white-space:nowrap\">sugar-coating<a name=\"manufactured-item-component-type-sugar-coating\"> </a></td><td>Drageamento</td><td>Revestimento com açúcar</td></tr><tr><td style=\"white-space:nowrap\">enteric-coating<a name=\"manufactured-item-component-type-enteric-coating\"> </a></td><td>Revestimento Entérico</td><td>Revestimento gastrorresistente</td></tr><tr><td style=\"white-space:nowrap\">layer<a name=\"manufactured-item-component-type-layer\"> </a></td><td>Camada</td><td>Camada de comprimido multicamadas</td></tr><tr><td style=\"white-space:nowrap\">shell<a name=\"manufactured-item-component-type-shell\"> </a></td><td>Invólucro</td><td>Invólucro de cápsula</td></tr><tr><td style=\"white-space:nowrap\">fill<a name=\"manufactured-item-component-type-fill\"> </a></td><td>Conteúdo</td><td>Conteúdo interno de cápsula</td></tr><tr><td style=\"white-space:nowrap\">seal<a name=\"manufactured-item-component-type-seal\"> </a></td><td>Selo</td><td>Selo de fechamento</td></tr><tr><td style=\"white-space:nowrap\">band<a name=\"manufactured-item-component-type-band\"> </a></td><td>Banda</td><td>Banda de identificação</td></tr></table></div>"},"extension":[{"url":"http://hl7.org/fhir/StructureDefinition/structuredefinition-fmm","valueInteger":0,"_valueInteger":{"extension":[{"url":"http://hl7.org/fhir/StructureDefinition/structuredefinition-conformance-derivedFrom","valueCanonical":"https://idmp-br.github.io/brig-idmp-brasil/ImplementationGuide/brig.idmp.brazil"}]}},{"url":"http://hl7.org/fhir/StructureDefinition/structuredefinition-standards-status","valueCode":"draft","_valueCode":{"extension":[{"url":"http://hl7.org/fhir/StructureDefinition/structuredefinition-conformance-derivedFrom","valueCanonical":"https://idmp-br.github.io/brig-idmp-brasil/ImplementationGuide/brig.idmp.brazil"}]}}],"url":"https://idmp-br.github.io/brig-idmp-brasil/CodeSystem/manufactured-item-component-type","version":"0.0.3","name":"ManufacturedItemComponentType","title":"Tipo de Componente de Item Manufaturado","status":"active","experimental":false,"date":"2025-10-30","publisher":"IDMP Brasil","contact":[{"name":"IDMP Brasil","telecom":[{"system":"url","value":"https://idmp-br.github.io"},{"system":"email","value":"eugenio@farmaco.io"}]},{"name":"IDMP Brasil","telecom":[{"system":"email","value":"eugenio@farmaco.io"},{"system":"url","value":"https://idmp-br.github.io/brig-idmp-brasil"}]}],"description":"Tipos de componentes estruturais de itens manufaturados","jurisdiction":[{"coding":[{"system":"urn:iso:std:iso:3166","code":"BR"}]}],"copyright":"Copyright © 2025 Farmaco.io. Este trabalho está licenciado sob a MIT License. FHIR® é marca registrada da HL7 International, usada com permissão.","caseSensitive":true,"content":"complete","count":10,"concept":[{"code":"core","display":"Núcleo","definition":"Núcleo central do item","designation":[{"use":{"system":"http://terminology.hl7.org/CodeSystem/hl7TermMaintInfra","code":"preferredForLanguage"},"value":"Núcleo"}]},{"code":"coating","display":"Revestimento","definition":"Camada de revestimento externo","designation":[{"use":{"system":"http://terminology.hl7.org/CodeSystem/hl7TermMaintInfra","code":"preferredForLanguage"},"value":"Revestimento"}]},{"code":"film-coating","display":"Revestimento Pelicular","definition":"Filme polimérico de revestimento","designation":[{"use":{"system":"http://terminology.hl7.org/CodeSystem/hl7TermMaintInfra","code":"preferredForLanguage"},"value":"Revestimento Pelicular"}]},{"code":"sugar-coating","display":"Drageamento","definition":"Revestimento com açúcar","designation":[{"use":{"system":"http://terminology.hl7.org/CodeSystem/hl7TermMaintInfra","code":"preferredForLanguage"},"value":"Drageamento"}]},{"code":"enteric-coating","display":"Revestimento Entérico","definition":"Revestimento gastrorresistente","designation":[{"use":{"system":"http://terminology.hl7.org/CodeSystem/hl7TermMaintInfra","code":"preferredForLanguage"},"value":"Revestimento Entérico"}]},{"code":"layer","display":"Camada","definition":"Camada de comprimido multicamadas","designation":[{"use":{"system":"http://terminology.hl7.org/CodeSystem/hl7TermMaintInfra","code":"preferredForLanguage"},"value":"Camada"}]},{"code":"shell","display":"Invólucro","definition":"Invólucro de cápsula","designation":[{"use":{"system":"http://terminology.hl7.org/CodeSystem/hl7TermMaintInfra","code":"preferredForLanguage"},"value":"Invólucro"}]},{"code":"fill","display":"Conteúdo","definition":"Conteúdo interno de cápsula","designation":[{"use":{"system":"http://terminology.hl7.org/CodeSystem/hl7TermMaintInfra","code":"preferredForLanguage"},"value":"Conteúdo"}]},{"code":"seal","display":"Selo","definition":"Selo de fechamento","designation":[{"use":{"system":"http://terminology.hl7.org/CodeSystem/hl7TermMaintInfra","code":"preferredForLanguage"},"value":"Selo"}]},{"code":"band","display":"Banda","definition":"Banda de identificação","designation":[{"use":{"system":"http://terminology.hl7.org/CodeSystem/hl7TermMaintInfra","code":"preferredForLanguage"},"value":"Banda"}]}]}