{"resourceType":"CodeSystem","id":"special-measures","text":{"status":"generated","div":"<div xmlns=\"http://www.w3.org/1999/xhtml\"><p class=\"res-header-id\"><b>Narrativa gerada: CodeSystem special-measures</b></p><a name=\"special-measures\"> </a><a name=\"hcspecial-measures\"> </a><p>Este  sistema de código  define o seguinte código:</p><table class=\"codes\"><tr><td style=\"white-space:nowrap\"><b>Código</b></td><td><b>Ecrã</b></td><td><b>Definição</b></td></tr><tr><td style=\"white-space:nowrap\">post-authorization-study<a name=\"special-measures-post-authorization-study\"> </a></td><td>Estudo Pós-Autorização</td><td>Obrigatoriedade de conduzir estudos adicionais após aprovação regulatória</td></tr><tr><td style=\"white-space:nowrap\">risk-management-plan<a name=\"special-measures-risk-management-plan\"> </a></td><td>Plano de Gestão de Risco</td><td>Exigência de implementar e manter plano formal de gestão de riscos</td></tr><tr><td style=\"white-space:nowrap\">additional-monitoring<a name=\"special-measures-additional-monitoring\"> </a></td><td>Monitorização Adicional</td><td>Produto sujeito a monitorização adicional intensiva</td></tr><tr><td style=\"white-space:nowrap\">restricted-prescribing<a name=\"special-measures-restricted-prescribing\"> </a></td><td>Prescrição Restrita</td><td>Prescrição limitada a especialistas ou em contextos específicos</td></tr><tr><td style=\"white-space:nowrap\">patient-registry<a name=\"special-measures-patient-registry\"> </a></td><td>Registro de Pacientes Obrigatório</td><td>Obrigatoriedade de manter registro de pacientes em uso do medicamento</td></tr><tr><td style=\"white-space:nowrap\">controlled-distribution<a name=\"special-measures-controlled-distribution\"> </a></td><td>Distribuição Controlada</td><td>Restrições na distribuição e dispensação do produto</td></tr><tr><td style=\"white-space:nowrap\">pregnancy-prevention<a name=\"special-measures-pregnancy-prevention\"> </a></td><td>Programa de Prevenção de Gravidez</td><td>Requisitos específicos para prevenção de uso em gestação (ex: programa similar ao iPLEDGE)</td></tr><tr><td style=\"white-space:nowrap\">educational-program<a name=\"special-measures-educational-program\"> </a></td><td>Programa Educacional Obrigatório</td><td>Exigência de programas educacionais para prescritores e/ou pacientes</td></tr></table></div>"},"extension":[{"url":"http://hl7.org/fhir/StructureDefinition/structuredefinition-fmm","valueInteger":0,"_valueInteger":{"extension":[{"url":"http://hl7.org/fhir/StructureDefinition/structuredefinition-conformance-derivedFrom","valueCanonical":"https://idmp-br.github.io/brig-idmp-brasil/ImplementationGuide/brig.idmp.brazil"}]}},{"url":"http://hl7.org/fhir/StructureDefinition/structuredefinition-standards-status","valueCode":"draft","_valueCode":{"extension":[{"url":"http://hl7.org/fhir/StructureDefinition/structuredefinition-conformance-derivedFrom","valueCanonical":"https://idmp-br.github.io/brig-idmp-brasil/ImplementationGuide/brig.idmp.brazil"}]}}],"url":"https://idmp-br.github.io/brig-idmp-brasil/CodeSystem/special-measures","version":"0.0.3","name":"SpecialMeasures","title":"Medidas Especiais para Produto Medicinal","status":"active","experimental":false,"date":"2025-10-30","publisher":"IDMP Brasil","contact":[{"name":"IDMP Brasil","telecom":[{"system":"url","value":"https://idmp-br.github.io"},{"system":"email","value":"eugenio@farmaco.io"}]},{"name":"IDMP Brasil","telecom":[{"system":"email","value":"eugenio@farmaco.io"},{"system":"url","value":"https://idmp-br.github.io/brig-idmp-brasil"}]}],"description":"Medidas especiais definidas para produtos medicinais, como requisitos de estudos pós-autorização, planos de gestão de risco ou restrições de prescrição","jurisdiction":[{"coding":[{"system":"urn:iso:std:iso:3166","code":"BR"}]}],"copyright":"Copyright © 2025 Farmaco.io. Este trabalho está licenciado sob a MIT License. FHIR® é marca registrada da HL7 International, usada com permissão.","caseSensitive":true,"content":"complete","count":8,"concept":[{"code":"post-authorization-study","display":"Estudo Pós-Autorização","definition":"Obrigatoriedade de conduzir estudos adicionais após aprovação regulatória","designation":[{"use":{"system":"http://terminology.hl7.org/CodeSystem/hl7TermMaintInfra","code":"preferredForLanguage"},"value":"Estudo Pós-Autorização"}]},{"code":"risk-management-plan","display":"Plano de Gestão de Risco","definition":"Exigência de implementar e manter plano formal de gestão de riscos","designation":[{"use":{"system":"http://terminology.hl7.org/CodeSystem/hl7TermMaintInfra","code":"preferredForLanguage"},"value":"Plano de Gestão de Risco"}]},{"code":"additional-monitoring","display":"Monitorização Adicional","definition":"Produto sujeito a monitorização adicional intensiva","designation":[{"use":{"system":"http://terminology.hl7.org/CodeSystem/hl7TermMaintInfra","code":"preferredForLanguage"},"value":"Monitorização Adicional"}]},{"code":"restricted-prescribing","display":"Prescrição Restrita","definition":"Prescrição limitada a especialistas ou em contextos específicos","designation":[{"use":{"system":"http://terminology.hl7.org/CodeSystem/hl7TermMaintInfra","code":"preferredForLanguage"},"value":"Prescrição Restrita"}]},{"code":"patient-registry","display":"Registro de Pacientes Obrigatório","definition":"Obrigatoriedade de manter registro de pacientes em uso do medicamento","designation":[{"use":{"system":"http://terminology.hl7.org/CodeSystem/hl7TermMaintInfra","code":"preferredForLanguage"},"value":"Registro de Pacientes Obrigatório"}]},{"code":"controlled-distribution","display":"Distribuição Controlada","definition":"Restrições na distribuição e dispensação do produto","designation":[{"use":{"system":"http://terminology.hl7.org/CodeSystem/hl7TermMaintInfra","code":"preferredForLanguage"},"value":"Distribuição Controlada"}]},{"code":"pregnancy-prevention","display":"Programa de Prevenção de Gravidez","definition":"Requisitos específicos para prevenção de uso em gestação (ex: programa similar ao iPLEDGE)","designation":[{"use":{"system":"http://terminology.hl7.org/CodeSystem/hl7TermMaintInfra","code":"preferredForLanguage"},"value":"Programa de Prevenção de Gravidez"}]},{"code":"educational-program","display":"Programa Educacional Obrigatório","definition":"Exigência de programas educacionais para prescritores e/ou pacientes","designation":[{"use":{"system":"http://terminology.hl7.org/CodeSystem/hl7TermMaintInfra","code":"preferredForLanguage"},"value":"Programa Educacional Obrigatório"}]}]}