{"resourceType":"CodeSystem","id":"substance-impurity","text":{"status":"generated","div":"<div xmlns=\"http://www.w3.org/1999/xhtml\"><p class=\"res-header-id\"><b>Narrativa gerada: CodeSystem substance-impurity</b></p><a name=\"substance-impurity\"> </a><a name=\"hcsubstance-impurity\"> </a><p>Este  sistema de código  define o seguinte código:</p><table class=\"codes\"><tr><td style=\"white-space:nowrap\"><b>Código</b></td><td><b>Ecrã</b></td><td><b>Definição</b></td></tr><tr><td style=\"white-space:nowrap\">residual-solvent<a name=\"substance-impurity-residual-solvent\"> </a></td><td>Solvente Residual</td><td>Solvente orgânico volátil usado ou produzido durante fabricação que permanece na substância final</td></tr><tr><td style=\"white-space:nowrap\">heavy-metal<a name=\"substance-impurity-heavy-metal\"> </a></td><td>Metal Pesado</td><td>Contaminante metálico (ex: chumbo, mercúrio, arsênio, cádmio)</td></tr><tr><td style=\"white-space:nowrap\">degradation-product<a name=\"substance-impurity-degradation-product\"> </a></td><td>Produto de Degradação</td><td>Composto resultante de degradação química da substância ativa</td></tr><tr><td style=\"white-space:nowrap\">process-impurity<a name=\"substance-impurity-process-impurity\"> </a></td><td>Impureza de Processo</td><td>Impureza originada do processo de síntese ou fabricação</td></tr><tr><td style=\"white-space:nowrap\">starting-material<a name=\"substance-impurity-starting-material\"> </a></td><td>Material de Partida Residual</td><td>Resíduo de material de partida usado na síntese</td></tr><tr><td style=\"white-space:nowrap\">reagent<a name=\"substance-impurity-reagent\"> </a></td><td>Reagente Residual</td><td>Reagente químico usado na síntese que permanece como impureza</td></tr><tr><td style=\"white-space:nowrap\">catalyst<a name=\"substance-impurity-catalyst\"> </a></td><td>Catalisador Residual</td><td>Catalisador usado no processo de síntese</td></tr><tr><td style=\"white-space:nowrap\">ligand<a name=\"substance-impurity-ligand\"> </a></td><td>Ligante Residual</td><td>Ligante ou agente complexante residual</td></tr><tr><td style=\"white-space:nowrap\">intermediate<a name=\"substance-impurity-intermediate\"> </a></td><td>Intermediário de Síntese</td><td>Composto intermediário do processo de síntese</td></tr><tr><td style=\"white-space:nowrap\">isomer<a name=\"substance-impurity-isomer\"> </a></td><td>Isômero Indesejado</td><td>Isômero não desejado da substância ativa (ex: enantiômero incorreto)</td></tr><tr><td style=\"white-space:nowrap\">related-substance<a name=\"substance-impurity-related-substance\"> </a></td><td>Substância Relacionada</td><td>Composto estruturalmente relacionado à substância ativa</td></tr><tr><td style=\"white-space:nowrap\">elemental-impurity<a name=\"substance-impurity-elemental-impurity\"> </a></td><td>Impureza Elementar</td><td>Elemento químico presente como impureza (conforme ICH Q3D)</td></tr></table></div>"},"extension":[{"url":"http://hl7.org/fhir/StructureDefinition/structuredefinition-fmm","valueInteger":0,"_valueInteger":{"extension":[{"url":"http://hl7.org/fhir/StructureDefinition/structuredefinition-conformance-derivedFrom","valueCanonical":"https://idmp-br.github.io/brig-idmp-brasil/ImplementationGuide/brig.idmp.brazil"}]}},{"url":"http://hl7.org/fhir/StructureDefinition/structuredefinition-standards-status","valueCode":"draft","_valueCode":{"extension":[{"url":"http://hl7.org/fhir/StructureDefinition/structuredefinition-conformance-derivedFrom","valueCanonical":"https://idmp-br.github.io/brig-idmp-brasil/ImplementationGuide/brig.idmp.brazil"}]}}],"url":"https://idmp-br.github.io/brig-idmp-brasil/CodeSystem/substance-impurity","version":"0.0.3","name":"SubstanceImpurity","title":"Tipos de Impurezas em Substâncias Farmacêuticas","status":"active","experimental":false,"date":"2025-10-30","publisher":"IDMP Brasil","contact":[{"name":"IDMP Brasil","telecom":[{"system":"url","value":"https://idmp-br.github.io"},{"system":"email","value":"eugenio@farmaco.io"}]},{"name":"IDMP Brasil","telecom":[{"system":"email","value":"eugenio@farmaco.io"},{"system":"url","value":"https://idmp-br.github.io/brig-idmp-brasil"}]}],"description":"Classificação de tipos de impurezas encontradas em substâncias farmacêuticas ativas e excipientes","jurisdiction":[{"coding":[{"system":"urn:iso:std:iso:3166","code":"BR"}]}],"purpose":"Alternativa brasileira para SNOMED CT Substance Impurity, adequada ao contexto regulatório nacional","copyright":"Copyright © 2025 Farmaco.io. Este trabalho está licenciado sob a MIT License. FHIR® é marca registrada da HL7 International, usada com permissão.","caseSensitive":true,"content":"complete","count":12,"concept":[{"code":"residual-solvent","display":"Solvente Residual","definition":"Solvente orgânico volátil usado ou produzido durante fabricação que permanece na substância final","designation":[{"use":{"system":"http://terminology.hl7.org/CodeSystem/hl7TermMaintInfra","code":"preferredForLanguage"},"value":"Solvente Residual"}]},{"code":"heavy-metal","display":"Metal Pesado","definition":"Contaminante metálico (ex: chumbo, mercúrio, arsênio, cádmio)","designation":[{"use":{"system":"http://terminology.hl7.org/CodeSystem/hl7TermMaintInfra","code":"preferredForLanguage"},"value":"Metal Pesado"}]},{"code":"degradation-product","display":"Produto de Degradação","definition":"Composto resultante de degradação química da substância ativa","designation":[{"use":{"system":"http://terminology.hl7.org/CodeSystem/hl7TermMaintInfra","code":"preferredForLanguage"},"value":"Produto de Degradação"}]},{"code":"process-impurity","display":"Impureza de Processo","definition":"Impureza originada do processo de síntese ou fabricação","designation":[{"use":{"system":"http://terminology.hl7.org/CodeSystem/hl7TermMaintInfra","code":"preferredForLanguage"},"value":"Impureza de Processo"}]},{"code":"starting-material","display":"Material de Partida Residual","definition":"Resíduo de material de partida usado na síntese","designation":[{"use":{"system":"http://terminology.hl7.org/CodeSystem/hl7TermMaintInfra","code":"preferredForLanguage"},"value":"Material de Partida Residual"}]},{"code":"reagent","display":"Reagente Residual","definition":"Reagente químico usado na síntese que permanece como impureza","designation":[{"use":{"system":"http://terminology.hl7.org/CodeSystem/hl7TermMaintInfra","code":"preferredForLanguage"},"value":"Reagente Residual"}]},{"code":"catalyst","display":"Catalisador Residual","definition":"Catalisador usado no processo de síntese","designation":[{"use":{"system":"http://terminology.hl7.org/CodeSystem/hl7TermMaintInfra","code":"preferredForLanguage"},"value":"Catalisador Residual"}]},{"code":"ligand","display":"Ligante Residual","definition":"Ligante ou agente complexante residual","designation":[{"use":{"system":"http://terminology.hl7.org/CodeSystem/hl7TermMaintInfra","code":"preferredForLanguage"},"value":"Ligante Residual"}]},{"code":"intermediate","display":"Intermediário de Síntese","definition":"Composto intermediário do processo de síntese","designation":[{"use":{"system":"http://terminology.hl7.org/CodeSystem/hl7TermMaintInfra","code":"preferredForLanguage"},"value":"Intermediário de Síntese"}]},{"code":"isomer","display":"Isômero Indesejado","definition":"Isômero não desejado da substância ativa (ex: enantiômero incorreto)","designation":[{"use":{"system":"http://terminology.hl7.org/CodeSystem/hl7TermMaintInfra","code":"preferredForLanguage"},"value":"Isômero Indesejado"}]},{"code":"related-substance","display":"Substância Relacionada","definition":"Composto estruturalmente relacionado à substância ativa","designation":[{"use":{"system":"http://terminology.hl7.org/CodeSystem/hl7TermMaintInfra","code":"preferredForLanguage"},"value":"Substância Relacionada"}]},{"code":"elemental-impurity","display":"Impureza Elementar","definition":"Elemento químico presente como impureza (conforme ICH Q3D)","designation":[{"use":{"system":"http://terminology.hl7.org/CodeSystem/hl7TermMaintInfra","code":"preferredForLanguage"},"value":"Impureza Elementar"}]}]}