{"resourceType":"CodeSystem","id":"controlled-substance-category-br","text":{"status":"generated","div":"<div xmlns=\"http://www.w3.org/1999/xhtml\"><p class=\"res-header-id\"><b>Narrativa gerada: CodeSystem controlled-substance-category-br</b></p><a name=\"controlled-substance-category-br\"> </a><a name=\"hccontrolled-substance-category-br\"> </a><p>Este  sistema de código  define o seguinte código:</p><table class=\"codes\"><tr><td style=\"white-space:nowrap\"><b>Código</b></td><td><b>Ecrã</b></td><td><b>Definição</b></td></tr><tr><td style=\"white-space:nowrap\">A1<a name=\"controlled-substance-category-br-A1\"> </a></td><td>Lista A1 - Entorpecentes</td><td>Substâncias entorpecentes - Lista A1 (Portaria SVS/MS n° 344/1998)</td></tr><tr><td style=\"white-space:nowrap\">A2<a name=\"controlled-substance-category-br-A2\"> </a></td><td>Lista A2 - Entorpecentes de uso permitido somente em concentrações especiais</td><td>Entorpecentes de uso permitido somente em concentrações especiais - Lista A2</td></tr><tr><td style=\"white-space:nowrap\">A3<a name=\"controlled-substance-category-br-A3\"> </a></td><td>Lista A3 - Psicotrópicos</td><td>Substâncias psicotrópicas - Lista A3</td></tr><tr><td style=\"white-space:nowrap\">B1<a name=\"controlled-substance-category-br-B1\"> </a></td><td>Lista B1 - Psicotrópicos</td><td>Substâncias psicotrópicas - Lista B1</td></tr><tr><td style=\"white-space:nowrap\">B2<a name=\"controlled-substance-category-br-B2\"> </a></td><td>Lista B2 - Psicotrópicos anorexígenos</td><td>Substâncias psicotrópicas anorexígenas - Lista B2</td></tr><tr><td style=\"white-space:nowrap\">C1<a name=\"controlled-substance-category-br-C1\"> </a></td><td>Lista C1 - Outras substâncias sujeitas a controle especial</td><td>Outras substâncias sujeitas a controle especial - Lista C1</td></tr><tr><td style=\"white-space:nowrap\">C2<a name=\"controlled-substance-category-br-C2\"> </a></td><td>Lista C2 - Retinóides de uso sistêmico</td><td>Retinóides de uso sistêmico - Lista C2</td></tr><tr><td style=\"white-space:nowrap\">C3<a name=\"controlled-substance-category-br-C3\"> </a></td><td>Lista C3 - Imunossupressores</td><td>Substâncias imunossupressoras - Lista C3</td></tr><tr><td style=\"white-space:nowrap\">C4<a name=\"controlled-substance-category-br-C4\"> </a></td><td>Lista C4 - Anti-retrovirais</td><td>Substâncias anti-retrovirais - Lista C4</td></tr><tr><td style=\"white-space:nowrap\">C5<a name=\"controlled-substance-category-br-C5\"> </a></td><td>Lista C5 - Anabolizantes</td><td>Substâncias anabolizantes - Lista C5</td></tr><tr><td style=\"white-space:nowrap\">D1<a name=\"controlled-substance-category-br-D1\"> </a></td><td>Lista D1 - Precursores de entorpecentes e psicotrópicos</td><td>Insumos químicos utilizados como precursores para fabricação de entorpecentes e psicotrópicos - Lista D1</td></tr><tr><td style=\"white-space:nowrap\">D2<a name=\"controlled-substance-category-br-D2\"> </a></td><td>Lista D2 - Insumos químicos utilizados para outros fins</td><td>Insumos químicos que podem ser utilizados para fabricação de entorpecentes, psicotrópicos ou outras substâncias - Lista D2</td></tr><tr><td style=\"white-space:nowrap\">E<a name=\"controlled-substance-category-br-E\"> </a></td><td>Lista E - Plantas proscritas</td><td>Plantas e suas partes que podem originar substâncias entorpecentes e psicotrópicas - Lista E</td></tr><tr><td style=\"white-space:nowrap\">F<a name=\"controlled-substance-category-br-F\"> </a></td><td>Lista F - Substâncias de uso proscrito no Brasil</td><td>Substâncias de uso proscrito no Brasil - Lista F</td></tr></table></div>"},"extension":[{"url":"http://hl7.org/fhir/StructureDefinition/structuredefinition-standards-status","valueCode":"informative","_valueCode":{"extension":[{"url":"http://hl7.org/fhir/StructureDefinition/structuredefinition-conformance-derivedFrom","valueCanonical":"https://idmp-br.github.io/brig-idmp-brasil/ImplementationGuide/brig.idmp.brazil"}]}}],"url":"https://idmp-br.github.io/brig-idmp-brasil/CodeSystem/controlled-substance-category-br","version":"0.0.3","name":"ControlledSubstanceCategoryBR","title":"Categorias de Substâncias Controladas - Brasil","status":"draft","experimental":true,"date":"2025-08-02","publisher":"IDMP Brasil","contact":[{"name":"IDMP Brasil","telecom":[{"system":"url","value":"https://idmp-br.github.io"},{"system":"email","value":"eugenio@farmaco.io"}]},{"name":"IDMP Brasil","telecom":[{"system":"email","value":"eugenio@farmaco.io"},{"system":"url","value":"https://idmp-br.github.io/brig-idmp-brasil"}]}],"description":"Sistema de códigos para categorias de controle de substâncias no Brasil","jurisdiction":[{"coding":[{"system":"urn:iso:std:iso:3166","code":"BR"}]}],"copyright":"Copyright © 2025 Farmaco.io. Este trabalho está licenciado sob a MIT License. FHIR® é marca registrada da HL7 International, usada com permissão.","caseSensitive":true,"content":"complete","count":14,"concept":[{"code":"A1","display":"Lista A1 - Entorpecentes","definition":"Substâncias entorpecentes - Lista A1 (Portaria SVS/MS n° 344/1998)"},{"code":"A2","display":"Lista A2 - Entorpecentes de uso permitido somente em concentrações especiais","definition":"Entorpecentes de uso permitido somente em concentrações especiais - Lista A2"},{"code":"A3","display":"Lista A3 - Psicotrópicos","definition":"Substâncias psicotrópicas - Lista A3"},{"code":"B1","display":"Lista B1 - Psicotrópicos","definition":"Substâncias psicotrópicas - Lista B1"},{"code":"B2","display":"Lista B2 - Psicotrópicos anorexígenos","definition":"Substâncias psicotrópicas anorexígenas - Lista B2"},{"code":"C1","display":"Lista C1 - Outras substâncias sujeitas a controle especial","definition":"Outras substâncias sujeitas a controle especial - Lista C1"},{"code":"C2","display":"Lista C2 - Retinóides de uso sistêmico","definition":"Retinóides de uso sistêmico - Lista C2"},{"code":"C3","display":"Lista C3 - Imunossupressores","definition":"Substâncias imunossupressoras - Lista C3"},{"code":"C4","display":"Lista C4 - Anti-retrovirais","definition":"Substâncias anti-retrovirais - Lista C4"},{"code":"C5","display":"Lista C5 - Anabolizantes","definition":"Substâncias anabolizantes - Lista C5"},{"code":"D1","display":"Lista D1 - Precursores de entorpecentes e psicotrópicos","definition":"Insumos químicos utilizados como precursores para fabricação de entorpecentes e psicotrópicos - Lista D1"},{"code":"D2","display":"Lista D2 - Insumos químicos utilizados para outros fins","definition":"Insumos químicos que podem ser utilizados para fabricação de entorpecentes, psicotrópicos ou outras substâncias - Lista D2"},{"code":"E","display":"Lista E - Plantas proscritas","definition":"Plantas e suas partes que podem originar substâncias entorpecentes e psicotrópicas - Lista E"},{"code":"F","display":"Lista F - Substâncias de uso proscrito no Brasil","definition":"Substâncias de uso proscrito no Brasil - Lista F"}]}