{"resourceType":"CodeSystem","id":"substance-relationship-type","text":{"status":"generated","div":"<div xmlns=\"http://www.w3.org/1999/xhtml\"><p class=\"res-header-id\"><b>Narrativa gerada: CodeSystem substance-relationship-type</b></p><a name=\"substance-relationship-type\"> </a><a name=\"hcsubstance-relationship-type\"> </a><p>Este  sistema de código  define o seguinte código:</p><table class=\"codes\"><tr><td style=\"white-space:nowrap\"><b>Código</b></td><td><b>Ecrã</b></td><td><b>Definição</b></td></tr><tr><td style=\"white-space:nowrap\">salt-parent<a name=\"substance-relationship-type-salt-parent\"> </a></td><td>Sal-Base</td><td>Relação entre sal e base livre</td></tr><tr><td style=\"white-space:nowrap\">parent-salt<a name=\"substance-relationship-type-parent-salt\"> </a></td><td>Base-Sal</td><td>Relação entre base livre e sal</td></tr><tr><td style=\"white-space:nowrap\">active-moiety<a name=\"substance-relationship-type-active-moiety\"> </a></td><td>Moiety Ativa</td><td>Parte farmacologicamente ativa da molécula</td></tr><tr><td style=\"white-space:nowrap\">prodrug-drug<a name=\"substance-relationship-type-prodrug-drug\"> </a></td><td>Pró-fármaco-Fármaco</td><td>Relação pró-fármaco e fármaco ativo</td></tr><tr><td style=\"white-space:nowrap\">metabolite<a name=\"substance-relationship-type-metabolite\"> </a></td><td>Metabólito</td><td>Produto de metabolismo</td></tr><tr><td style=\"white-space:nowrap\">isomer<a name=\"substance-relationship-type-isomer\"> </a></td><td>Isômero</td><td>Isômero estrutural ou estereoisômero</td></tr><tr><td style=\"white-space:nowrap\">enantiomer<a name=\"substance-relationship-type-enantiomer\"> </a></td><td>Enantiômero</td><td>Par enantiomérico</td></tr><tr><td style=\"white-space:nowrap\">polymorph<a name=\"substance-relationship-type-polymorph\"> </a></td><td>Polimorfo</td><td>Forma polimórfica</td></tr><tr><td style=\"white-space:nowrap\">solvate-parent<a name=\"substance-relationship-type-solvate-parent\"> </a></td><td>Solvato-Base</td><td>Solvato/hidrato e forma anidra</td></tr><tr><td style=\"white-space:nowrap\">impurity<a name=\"substance-relationship-type-impurity\"> </a></td><td>Impureza</td><td>Impureza relacionada</td></tr></table></div>"},"extension":[{"url":"http://hl7.org/fhir/StructureDefinition/structuredefinition-fmm","valueInteger":0,"_valueInteger":{"extension":[{"url":"http://hl7.org/fhir/StructureDefinition/structuredefinition-conformance-derivedFrom","valueCanonical":"https://idmp-br.github.io/brig-idmp-brasil/ImplementationGuide/brig.idmp.brazil"}]}},{"url":"http://hl7.org/fhir/StructureDefinition/structuredefinition-standards-status","valueCode":"draft","_valueCode":{"extension":[{"url":"http://hl7.org/fhir/StructureDefinition/structuredefinition-conformance-derivedFrom","valueCanonical":"https://idmp-br.github.io/brig-idmp-brasil/ImplementationGuide/brig.idmp.brazil"}]}}],"url":"https://idmp-br.github.io/brig-idmp-brasil/CodeSystem/substance-relationship-type","version":"0.0.3","name":"SubstanceRelationshipType","title":"Tipo de Relacionamento entre Substâncias","status":"active","date":"2025-10-30","publisher":"IDMP Brasil","contact":[{"name":"IDMP Brasil","telecom":[{"system":"url","value":"https://idmp-br.github.io"},{"system":"email","value":"eugenio@farmaco.io"}]},{"name":"IDMP Brasil","telecom":[{"system":"email","value":"eugenio@farmaco.io"},{"system":"url","value":"https://idmp-br.github.io/brig-idmp-brasil"}]}],"description":"Tipos de relacionamentos entre substâncias químicas","jurisdiction":[{"coding":[{"system":"urn:iso:std:iso:3166","code":"BR"}]}],"copyright":"Copyright © 2025 Farmaco.io. Este trabalho está licenciado sob a MIT License. FHIR® é marca registrada da HL7 International, usada com permissão.","caseSensitive":true,"content":"complete","count":10,"concept":[{"code":"salt-parent","display":"Sal-Base","definition":"Relação entre sal e base livre","designation":[{"use":{"system":"http://terminology.hl7.org/CodeSystem/hl7TermMaintInfra","code":"preferredForLanguage"},"value":"Sal-Base"}]},{"code":"parent-salt","display":"Base-Sal","definition":"Relação entre base livre e sal","designation":[{"use":{"system":"http://terminology.hl7.org/CodeSystem/hl7TermMaintInfra","code":"preferredForLanguage"},"value":"Base-Sal"}]},{"code":"active-moiety","display":"Moiety Ativa","definition":"Parte farmacologicamente ativa da molécula","designation":[{"use":{"system":"http://terminology.hl7.org/CodeSystem/hl7TermMaintInfra","code":"preferredForLanguage"},"value":"Moiety Ativa"}]},{"code":"prodrug-drug","display":"Pró-fármaco-Fármaco","definition":"Relação pró-fármaco e fármaco ativo","designation":[{"use":{"system":"http://terminology.hl7.org/CodeSystem/hl7TermMaintInfra","code":"preferredForLanguage"},"value":"Pró-fármaco-Fármaco"}]},{"code":"metabolite","display":"Metabólito","definition":"Produto de metabolismo","designation":[{"use":{"system":"http://terminology.hl7.org/CodeSystem/hl7TermMaintInfra","code":"preferredForLanguage"},"value":"Metabólito"}]},{"code":"isomer","display":"Isômero","definition":"Isômero estrutural ou estereoisômero","designation":[{"use":{"system":"http://terminology.hl7.org/CodeSystem/hl7TermMaintInfra","code":"preferredForLanguage"},"value":"Isômero"}]},{"code":"enantiomer","display":"Enantiômero","definition":"Par enantiomérico","designation":[{"use":{"system":"http://terminology.hl7.org/CodeSystem/hl7TermMaintInfra","code":"preferredForLanguage"},"value":"Enantiômero"}]},{"code":"polymorph","display":"Polimorfo","definition":"Forma polimórfica","designation":[{"use":{"system":"http://terminology.hl7.org/CodeSystem/hl7TermMaintInfra","code":"preferredForLanguage"},"value":"Polimorfo"}]},{"code":"solvate-parent","display":"Solvato-Base","definition":"Solvato/hidrato e forma anidra","designation":[{"use":{"system":"http://terminology.hl7.org/CodeSystem/hl7TermMaintInfra","code":"preferredForLanguage"},"value":"Solvato-Base"}]},{"code":"impurity","display":"Impureza","definition":"Impureza relacionada","designation":[{"use":{"system":"http://terminology.hl7.org/CodeSystem/hl7TermMaintInfra","code":"preferredForLanguage"},"value":"Impureza"}]}]}