{"resourceType":"CodeSystem","id":"interaction-incidence","text":{"status":"generated","div":"<div xmlns=\"http://www.w3.org/1999/xhtml\"><p class=\"res-header-id\"><b>Narrativa gerada: CodeSystem interaction-incidence</b></p><a name=\"interaction-incidence\"> </a><a name=\"hcinteraction-incidence\"> </a><p>Este  sistema de código  define o seguinte código:</p><table class=\"codes\"><tr><td style=\"white-space:nowrap\"><b>Código</b></td><td><b>Ecrã</b></td><td><b>Definição</b></td></tr><tr><td style=\"white-space:nowrap\">high<a name=\"interaction-incidence-high\"> </a></td><td>Alta</td><td>Interação ocorre frequentemente</td></tr><tr><td style=\"white-space:nowrap\">moderate<a name=\"interaction-incidence-moderate\"> </a></td><td>Moderada</td><td>Interação ocorre ocasionalmente</td></tr><tr><td style=\"white-space:nowrap\">low<a name=\"interaction-incidence-low\"> </a></td><td>Baixa</td><td>Interação ocorre raramente</td></tr><tr><td style=\"white-space:nowrap\">unknown<a name=\"interaction-incidence-unknown\"> </a></td><td>Desconhecida</td><td>Frequência não estabelecida</td></tr></table></div>"},"extension":[{"url":"http://hl7.org/fhir/StructureDefinition/structuredefinition-fmm","valueInteger":0,"_valueInteger":{"extension":[{"url":"http://hl7.org/fhir/StructureDefinition/structuredefinition-conformance-derivedFrom","valueCanonical":"https://idmp-br.github.io/brig-idmp-brasil/ImplementationGuide/brig.idmp.brazil"}]}},{"url":"http://hl7.org/fhir/StructureDefinition/structuredefinition-standards-status","valueCode":"draft","_valueCode":{"extension":[{"url":"http://hl7.org/fhir/StructureDefinition/structuredefinition-conformance-derivedFrom","valueCanonical":"https://idmp-br.github.io/brig-idmp-brasil/ImplementationGuide/brig.idmp.brazil"}]}}],"url":"https://idmp-br.github.io/brig-idmp-brasil/CodeSystem/interaction-incidence","version":"0.0.3","name":"InteractionIncidence","title":"Incidência de Interação","status":"active","experimental":false,"date":"2025-10-31","publisher":"IDMP Brasil","contact":[{"name":"IDMP Brasil","telecom":[{"system":"url","value":"https://idmp-br.github.io"},{"system":"email","value":"eugenio@farmaco.io"}]},{"name":"IDMP Brasil","telecom":[{"system":"email","value":"eugenio@farmaco.io"},{"system":"url","value":"https://idmp-br.github.io/brig-idmp-brasil"}]}],"description":"Frequência de ocorrência de interações","jurisdiction":[{"coding":[{"system":"urn:iso:std:iso:3166","code":"BR"}]}],"copyright":"Copyright © 2025 Farmaco.io. Este trabalho está licenciado sob a MIT License. FHIR® é marca registrada da HL7 International, usada com permissão.","caseSensitive":true,"content":"complete","count":4,"concept":[{"code":"high","display":"Alta","definition":"Interação ocorre frequentemente","designation":[{"use":{"system":"http://terminology.hl7.org/CodeSystem/hl7TermMaintInfra","code":"preferredForLanguage"},"value":"Alta"}]},{"code":"moderate","display":"Moderada","definition":"Interação ocorre ocasionalmente","designation":[{"use":{"system":"http://terminology.hl7.org/CodeSystem/hl7TermMaintInfra","code":"preferredForLanguage"},"value":"Moderada"}]},{"code":"low","display":"Baixa","definition":"Interação ocorre raramente","designation":[{"use":{"system":"http://terminology.hl7.org/CodeSystem/hl7TermMaintInfra","code":"preferredForLanguage"},"value":"Baixa"}]},{"code":"unknown","display":"Desconhecida","definition":"Frequência não estabelecida","designation":[{"use":{"system":"http://terminology.hl7.org/CodeSystem/hl7TermMaintInfra","code":"preferredForLanguage"},"value":"Desconhecida"}]}]}