{"resourceType":"CodeSystem","id":"clinical-use-definition-type","text":{"status":"generated","div":"<div xmlns=\"http://www.w3.org/1999/xhtml\"><p class=\"res-header-id\"><b>Narrativa gerada: CodeSystem clinical-use-definition-type</b></p><a name=\"clinical-use-definition-type\"> </a><a name=\"hcclinical-use-definition-type\"> </a><p>Este  sistema de código  define o seguinte código:</p><table class=\"codes\"><tr><td style=\"white-space:nowrap\"><b>Código</b></td><td><b>Ecrã</b></td><td><b>Definição</b></td></tr><tr><td style=\"white-space:nowrap\">indication<a name=\"clinical-use-definition-type-indication\"> </a></td><td>Indicação Terapêutica</td><td>Condição médica para a qual o produto é indicado</td></tr><tr><td style=\"white-space:nowrap\">contraindication<a name=\"clinical-use-definition-type-contraindication\"> </a></td><td>Contraindicação</td><td>Situação em que o produto não deve ser utilizado</td></tr><tr><td style=\"white-space:nowrap\">interaction<a name=\"clinical-use-definition-type-interaction\"> </a></td><td>Interação</td><td>Interação com outros medicamentos, alimentos ou substâncias</td></tr><tr><td style=\"white-space:nowrap\">undesirable-effect<a name=\"clinical-use-definition-type-undesirable-effect\"> </a></td><td>Efeito Indesejável</td><td>Efeito adverso ou reação adversa</td></tr><tr><td style=\"white-space:nowrap\">warning<a name=\"clinical-use-definition-type-warning\"> </a></td><td>Advertência</td><td>Advertência ou precaução especial</td></tr></table></div>"},"extension":[{"url":"http://hl7.org/fhir/StructureDefinition/structuredefinition-fmm","valueInteger":0,"_valueInteger":{"extension":[{"url":"http://hl7.org/fhir/StructureDefinition/structuredefinition-conformance-derivedFrom","valueCanonical":"https://idmp-br.github.io/brig-idmp-brasil/ImplementationGuide/brig.idmp.brazil"}]}},{"url":"http://hl7.org/fhir/StructureDefinition/structuredefinition-standards-status","valueCode":"draft","_valueCode":{"extension":[{"url":"http://hl7.org/fhir/StructureDefinition/structuredefinition-conformance-derivedFrom","valueCanonical":"https://idmp-br.github.io/brig-idmp-brasil/ImplementationGuide/brig.idmp.brazil"}]}}],"url":"https://idmp-br.github.io/brig-idmp-brasil/CodeSystem/clinical-use-definition-type","version":"0.0.3","name":"ClinicalUseDefinitionType","title":"Tipo de Definição de Uso Clínico","status":"active","experimental":false,"date":"2025-10-31","publisher":"IDMP Brasil","contact":[{"name":"IDMP Brasil","telecom":[{"system":"url","value":"https://idmp-br.github.io"},{"system":"email","value":"eugenio@farmaco.io"}]},{"name":"IDMP Brasil","telecom":[{"system":"email","value":"eugenio@farmaco.io"},{"system":"url","value":"https://idmp-br.github.io/brig-idmp-brasil"}]}],"description":"Tipos de definição de uso clínico de produtos medicinais","jurisdiction":[{"coding":[{"system":"urn:iso:std:iso:3166","code":"BR"}]}],"copyright":"Copyright © 2025 Farmaco.io. Este trabalho está licenciado sob a MIT License. FHIR® é marca registrada da HL7 International, usada com permissão.","caseSensitive":true,"content":"complete","count":5,"concept":[{"code":"indication","display":"Indicação Terapêutica","definition":"Condição médica para a qual o produto é indicado","designation":[{"use":{"system":"http://terminology.hl7.org/CodeSystem/hl7TermMaintInfra","code":"preferredForLanguage"},"value":"Indicação Terapêutica"}]},{"code":"contraindication","display":"Contraindicação","definition":"Situação em que o produto não deve ser utilizado","designation":[{"use":{"system":"http://terminology.hl7.org/CodeSystem/hl7TermMaintInfra","code":"preferredForLanguage"},"value":"Contraindicação"}]},{"code":"interaction","display":"Interação","definition":"Interação com outros medicamentos, alimentos ou substâncias","designation":[{"use":{"system":"http://terminology.hl7.org/CodeSystem/hl7TermMaintInfra","code":"preferredForLanguage"},"value":"Interação"}]},{"code":"undesirable-effect","display":"Efeito Indesejável","definition":"Efeito adverso ou reação adversa","designation":[{"use":{"system":"http://terminology.hl7.org/CodeSystem/hl7TermMaintInfra","code":"preferredForLanguage"},"value":"Efeito Indesejável"}]},{"code":"warning","display":"Advertência","definition":"Advertência ou precaução especial","designation":[{"use":{"system":"http://terminology.hl7.org/CodeSystem/hl7TermMaintInfra","code":"preferredForLanguage"},"value":"Advertência"}]}]}