{"resourceType":"CodeSystem","id":"substance-form","text":{"status":"generated","div":"<div xmlns=\"http://www.w3.org/1999/xhtml\"><p class=\"res-header-id\"><b>Narrativa gerada: CodeSystem substance-form</b></p><a name=\"substance-form\"> </a><a name=\"hcsubstance-form\"> </a><p>Este  sistema de código  define o seguinte código:</p><table class=\"codes\"><tr><td style=\"white-space:nowrap\"><b>Código</b></td><td><b>Ecrã</b></td><td><b>Definição</b></td></tr><tr><td style=\"white-space:nowrap\">solid<a name=\"substance-form-solid\"> </a></td><td>Sólido</td><td>Estado sólido</td></tr><tr><td style=\"white-space:nowrap\">liquid<a name=\"substance-form-liquid\"> </a></td><td>Líquido</td><td>Estado líquido</td></tr><tr><td style=\"white-space:nowrap\">gas<a name=\"substance-form-gas\"> </a></td><td>Gasoso</td><td>Estado gasoso</td></tr><tr><td style=\"white-space:nowrap\">crystalline<a name=\"substance-form-crystalline\"> </a></td><td>Cristalino</td><td>Sólido cristalino</td></tr><tr><td style=\"white-space:nowrap\">amorphous<a name=\"substance-form-amorphous\"> </a></td><td>Amorfo</td><td>Sólido amorfo (não cristalino)</td></tr><tr><td style=\"white-space:nowrap\">polymorphic<a name=\"substance-form-polymorphic\"> </a></td><td>Polimórfico</td><td>Múltiplas formas cristalinas</td></tr><tr><td style=\"white-space:nowrap\">hydrate<a name=\"substance-form-hydrate\"> </a></td><td>Hidrato</td><td>Cristal contendo água de cristalização</td></tr><tr><td style=\"white-space:nowrap\">anhydrous<a name=\"substance-form-anhydrous\"> </a></td><td>Anidro</td><td>Forma sem água</td></tr><tr><td style=\"white-space:nowrap\">solvate<a name=\"substance-form-solvate\"> </a></td><td>Solvato</td><td>Cristal contendo solvente</td></tr><tr><td style=\"white-space:nowrap\">co-crystal<a name=\"substance-form-co-crystal\"> </a></td><td>Cocristal</td><td>Cristal formado por duas ou mais moléculas</td></tr></table></div>"},"extension":[{"url":"http://hl7.org/fhir/StructureDefinition/structuredefinition-fmm","valueInteger":0,"_valueInteger":{"extension":[{"url":"http://hl7.org/fhir/StructureDefinition/structuredefinition-conformance-derivedFrom","valueCanonical":"https://idmp-br.github.io/brig-idmp-brasil/ImplementationGuide/brig.idmp.brazil"}]}},{"url":"http://hl7.org/fhir/StructureDefinition/structuredefinition-standards-status","valueCode":"draft","_valueCode":{"extension":[{"url":"http://hl7.org/fhir/StructureDefinition/structuredefinition-conformance-derivedFrom","valueCanonical":"https://idmp-br.github.io/brig-idmp-brasil/ImplementationGuide/brig.idmp.brazil"}]}}],"url":"https://idmp-br.github.io/brig-idmp-brasil/CodeSystem/substance-form","version":"0.0.3","name":"SubstanceForm","title":"Forma Física de Substâncias","status":"active","date":"2025-10-30","publisher":"IDMP Brasil","contact":[{"name":"IDMP Brasil","telecom":[{"system":"url","value":"https://idmp-br.github.io"},{"system":"email","value":"eugenio@farmaco.io"}]},{"name":"IDMP Brasil","telecom":[{"system":"email","value":"eugenio@farmaco.io"},{"system":"url","value":"https://idmp-br.github.io/brig-idmp-brasil"}]}],"description":"Estado físico e forma cristalina de substâncias farmacêuticas","jurisdiction":[{"coding":[{"system":"urn:iso:std:iso:3166","code":"BR"}]}],"copyright":"Copyright © 2025 Farmaco.io. Este trabalho está licenciado sob a MIT License. FHIR® é marca registrada da HL7 International, usada com permissão.","caseSensitive":true,"content":"complete","count":10,"concept":[{"code":"solid","display":"Sólido","definition":"Estado sólido","designation":[{"use":{"system":"http://terminology.hl7.org/CodeSystem/hl7TermMaintInfra","code":"preferredForLanguage"},"value":"Sólido"}]},{"code":"liquid","display":"Líquido","definition":"Estado líquido","designation":[{"use":{"system":"http://terminology.hl7.org/CodeSystem/hl7TermMaintInfra","code":"preferredForLanguage"},"value":"Líquido"}]},{"code":"gas","display":"Gasoso","definition":"Estado gasoso","designation":[{"use":{"system":"http://terminology.hl7.org/CodeSystem/hl7TermMaintInfra","code":"preferredForLanguage"},"value":"Gasoso"}]},{"code":"crystalline","display":"Cristalino","definition":"Sólido cristalino","designation":[{"use":{"system":"http://terminology.hl7.org/CodeSystem/hl7TermMaintInfra","code":"preferredForLanguage"},"value":"Cristalino"}]},{"code":"amorphous","display":"Amorfo","definition":"Sólido amorfo (não cristalino)","designation":[{"use":{"system":"http://terminology.hl7.org/CodeSystem/hl7TermMaintInfra","code":"preferredForLanguage"},"value":"Amorfo"}]},{"code":"polymorphic","display":"Polimórfico","definition":"Múltiplas formas cristalinas","designation":[{"use":{"system":"http://terminology.hl7.org/CodeSystem/hl7TermMaintInfra","code":"preferredForLanguage"},"value":"Polimórfico"}]},{"code":"hydrate","display":"Hidrato","definition":"Cristal contendo água de cristalização","designation":[{"use":{"system":"http://terminology.hl7.org/CodeSystem/hl7TermMaintInfra","code":"preferredForLanguage"},"value":"Hidrato"}]},{"code":"anhydrous","display":"Anidro","definition":"Forma sem água","designation":[{"use":{"system":"http://terminology.hl7.org/CodeSystem/hl7TermMaintInfra","code":"preferredForLanguage"},"value":"Anidro"}]},{"code":"solvate","display":"Solvato","definition":"Cristal contendo solvente","designation":[{"use":{"system":"http://terminology.hl7.org/CodeSystem/hl7TermMaintInfra","code":"preferredForLanguage"},"value":"Solvato"}]},{"code":"co-crystal","display":"Cocristal","definition":"Cristal formado por duas ou mais moléculas","designation":[{"use":{"system":"http://terminology.hl7.org/CodeSystem/hl7TermMaintInfra","code":"preferredForLanguage"},"value":"Cocristal"}]}]}