{"resourceType":"CodeSystem","id":"product-contact-type","text":{"status":"generated","div":"<div xmlns=\"http://www.w3.org/1999/xhtml\"><p class=\"res-header-id\"><b>Narrativa gerada: CodeSystem product-contact-type</b></p><a name=\"product-contact-type\"> </a><a name=\"hcproduct-contact-type\"> </a><p>Este  sistema de código  define o seguinte código:</p><table class=\"codes\"><tr><td style=\"white-space:nowrap\"><b>Código</b></td><td><b>Ecrã</b></td><td><b>Definição</b></td></tr><tr><td style=\"white-space:nowrap\">regulatory-affairs<a name=\"product-contact-type-regulatory-affairs\"> </a></td><td>Assuntos Regulatórios</td><td>Contato para questões regulatórias, registros e conformidade</td></tr><tr><td style=\"white-space:nowrap\">pharmacovigilance<a name=\"product-contact-type-pharmacovigilance\"> </a></td><td>Farmacovigilância</td><td>Contato para notificação de eventos adversos e questões de segurança</td></tr><tr><td style=\"white-space:nowrap\">quality-assurance<a name=\"product-contact-type-quality-assurance\"> </a></td><td>Garantia de Qualidade</td><td>Contato para questões de qualidade do produto e desvios</td></tr><tr><td style=\"white-space:nowrap\">medical-information<a name=\"product-contact-type-medical-information\"> </a></td><td>Informação Médica</td><td>Contato para informações médico-científicas sobre o produto</td></tr><tr><td style=\"white-space:nowrap\">technical-support<a name=\"product-contact-type-technical-support\"> </a></td><td>Suporte Técnico</td><td>Contato para suporte técnico e questões de uso do produto</td></tr><tr><td style=\"white-space:nowrap\">supply-chain<a name=\"product-contact-type-supply-chain\"> </a></td><td>Cadeia de Suprimentos</td><td>Contato para questões de distribuição e disponibilidade</td></tr><tr><td style=\"white-space:nowrap\">product-complaints<a name=\"product-contact-type-product-complaints\"> </a></td><td>Reclamações de Produto</td><td>Contato para reclamações relacionadas à qualidade ou eficácia</td></tr><tr><td style=\"white-space:nowrap\">adverse-event-reporting<a name=\"product-contact-type-adverse-event-reporting\"> </a></td><td>Notificação de Eventos Adversos</td><td>Contato específico para notificação de eventos adversos</td></tr><tr><td style=\"white-space:nowrap\">quality-defect<a name=\"product-contact-type-quality-defect\"> </a></td><td>Defeito de Qualidade</td><td>Contato para notificação de defeitos ou problemas de qualidade</td></tr><tr><td style=\"white-space:nowrap\">general-inquiry<a name=\"product-contact-type-general-inquiry\"> </a></td><td>Consulta Geral</td><td>Contato para consultas gerais sobre o produto</td></tr></table></div>"},"extension":[{"url":"http://hl7.org/fhir/StructureDefinition/structuredefinition-fmm","valueInteger":0,"_valueInteger":{"extension":[{"url":"http://hl7.org/fhir/StructureDefinition/structuredefinition-conformance-derivedFrom","valueCanonical":"https://idmp-br.github.io/brig-idmp-brasil/ImplementationGuide/brig.idmp.brazil"}]}},{"url":"http://hl7.org/fhir/StructureDefinition/structuredefinition-standards-status","valueCode":"draft","_valueCode":{"extension":[{"url":"http://hl7.org/fhir/StructureDefinition/structuredefinition-conformance-derivedFrom","valueCanonical":"https://idmp-br.github.io/brig-idmp-brasil/ImplementationGuide/brig.idmp.brazil"}]}}],"url":"https://idmp-br.github.io/brig-idmp-brasil/CodeSystem/product-contact-type","version":"0.0.3","name":"ProductContactType","title":"Tipos de Contato para Produto Medicinal","status":"active","experimental":false,"date":"2025-10-30","publisher":"IDMP Brasil","contact":[{"name":"IDMP Brasil","telecom":[{"system":"url","value":"https://idmp-br.github.io"},{"system":"email","value":"eugenio@farmaco.io"}]},{"name":"IDMP Brasil","telecom":[{"system":"email","value":"eugenio@farmaco.io"},{"system":"url","value":"https://idmp-br.github.io/brig-idmp-brasil"}]}],"description":"Tipos de contato organizacional relacionados a produtos medicinais (ex: farmacovigilância, assuntos regulatórios)","jurisdiction":[{"coding":[{"system":"urn:iso:std:iso:3166","code":"BR"}]}],"copyright":"Copyright © 2025 Farmaco.io. Este trabalho está licenciado sob a MIT License. FHIR® é marca registrada da HL7 International, usada com permissão.","caseSensitive":true,"content":"complete","count":10,"concept":[{"code":"regulatory-affairs","display":"Assuntos Regulatórios","definition":"Contato para questões regulatórias, registros e conformidade","designation":[{"use":{"system":"http://terminology.hl7.org/CodeSystem/hl7TermMaintInfra","code":"preferredForLanguage"},"value":"Assuntos Regulatórios"}]},{"code":"pharmacovigilance","display":"Farmacovigilância","definition":"Contato para notificação de eventos adversos e questões de segurança","designation":[{"use":{"system":"http://terminology.hl7.org/CodeSystem/hl7TermMaintInfra","code":"preferredForLanguage"},"value":"Farmacovigilância"}]},{"code":"quality-assurance","display":"Garantia de Qualidade","definition":"Contato para questões de qualidade do produto e desvios","designation":[{"use":{"system":"http://terminology.hl7.org/CodeSystem/hl7TermMaintInfra","code":"preferredForLanguage"},"value":"Garantia de Qualidade"}]},{"code":"medical-information","display":"Informação Médica","definition":"Contato para informações médico-científicas sobre o produto","designation":[{"use":{"system":"http://terminology.hl7.org/CodeSystem/hl7TermMaintInfra","code":"preferredForLanguage"},"value":"Informação Médica"}]},{"code":"technical-support","display":"Suporte Técnico","definition":"Contato para suporte técnico e questões de uso do produto","designation":[{"use":{"system":"http://terminology.hl7.org/CodeSystem/hl7TermMaintInfra","code":"preferredForLanguage"},"value":"Suporte Técnico"}]},{"code":"supply-chain","display":"Cadeia de Suprimentos","definition":"Contato para questões de distribuição e disponibilidade","designation":[{"use":{"system":"http://terminology.hl7.org/CodeSystem/hl7TermMaintInfra","code":"preferredForLanguage"},"value":"Cadeia de Suprimentos"}]},{"code":"product-complaints","display":"Reclamações de Produto","definition":"Contato para reclamações relacionadas à qualidade ou eficácia","designation":[{"use":{"system":"http://terminology.hl7.org/CodeSystem/hl7TermMaintInfra","code":"preferredForLanguage"},"value":"Reclamações de Produto"}]},{"code":"adverse-event-reporting","display":"Notificação de Eventos Adversos","definition":"Contato específico para notificação de eventos adversos","designation":[{"use":{"system":"http://terminology.hl7.org/CodeSystem/hl7TermMaintInfra","code":"preferredForLanguage"},"value":"Notificação de Eventos Adversos"}]},{"code":"quality-defect","display":"Defeito de Qualidade","definition":"Contato para notificação de defeitos ou problemas de qualidade","designation":[{"use":{"system":"http://terminology.hl7.org/CodeSystem/hl7TermMaintInfra","code":"preferredForLanguage"},"value":"Defeito de Qualidade"}]},{"code":"general-inquiry","display":"Consulta Geral","definition":"Contato para consultas gerais sobre o produto","designation":[{"use":{"system":"http://terminology.hl7.org/CodeSystem/hl7TermMaintInfra","code":"preferredForLanguage"},"value":"Consulta Geral"}]}]}