{"resourceType":"CodeSystem","id":"administrable-unit","text":{"status":"generated","div":"<div xmlns=\"http://www.w3.org/1999/xhtml\"><p class=\"res-header-id\"><b>Narrativa gerada: CodeSystem administrable-unit</b></p><a name=\"administrable-unit\"> </a><a name=\"hcadministrable-unit\"> </a><p>Este  sistema de código  define o seguinte código:</p><table class=\"codes\"><tr><td style=\"white-space:nowrap\"><b>Código</b></td><td><b>Ecrã</b></td><td><b>Definição</b></td></tr><tr><td style=\"white-space:nowrap\">ml-dose<a name=\"administrable-unit-ml-dose\"> </a></td><td>mL por dose</td><td>Mililitros por dose administrada</td></tr><tr><td style=\"white-space:nowrap\">dose-unitaria<a name=\"administrable-unit-dose-unitaria\"> </a></td><td>Dose unitária</td><td>Uma dose completa pronta para administração</td></tr><tr><td style=\"white-space:nowrap\">aplicacao<a name=\"administrable-unit-aplicacao\"> </a></td><td>Aplicação</td><td>Uma aplicação tópica</td></tr><tr><td style=\"white-space:nowrap\">comprimido<a name=\"administrable-unit-comprimido\"> </a></td><td>Comprimido</td><td>Um comprimido pronto para administração</td></tr><tr><td style=\"white-space:nowrap\">capsula<a name=\"administrable-unit-capsula\"> </a></td><td>Cápsula</td><td>Uma cápsula pronta para administração</td></tr><tr><td style=\"white-space:nowrap\">supositorio<a name=\"administrable-unit-supositorio\"> </a></td><td>Supositório</td><td>Um supositório pronto para inserção</td></tr><tr><td style=\"white-space:nowrap\">inalacao<a name=\"administrable-unit-inalacao\"> </a></td><td>Inalação</td><td>Uma dose inalatória</td></tr><tr><td style=\"white-space:nowrap\">borrifo<a name=\"administrable-unit-borrifo\"> </a></td><td>Borrifo</td><td>Um borrifo nasal ou oral</td></tr></table></div>"},"extension":[{"url":"http://hl7.org/fhir/StructureDefinition/structuredefinition-standards-status","valueCode":"informative","_valueCode":{"extension":[{"url":"http://hl7.org/fhir/StructureDefinition/structuredefinition-conformance-derivedFrom","valueCanonical":"https://idmp-br.github.io/brig-idmp-brasil/ImplementationGuide/brig.idmp.brazil"}]}}],"url":"https://idmp-br.github.io/brig-idmp-brasil/CodeSystem/administrable-unit","version":"0.0.3","name":"AdministrableUnit","title":"Unidades Administráveis","status":"draft","experimental":true,"date":"2025-08-02","publisher":"IDMP Brasil","contact":[{"name":"IDMP Brasil","telecom":[{"system":"url","value":"https://idmp-br.github.io"},{"system":"email","value":"eugenio@farmaco.io"}]},{"name":"IDMP Brasil","telecom":[{"system":"email","value":"eugenio@farmaco.io"},{"system":"url","value":"https://idmp-br.github.io/brig-idmp-brasil"}]}],"description":"Sistema de códigos para unidades de apresentação administrável (padrão internacional)","jurisdiction":[{"coding":[{"system":"urn:iso:std:iso:3166","code":"BR"}]}],"copyright":"Copyright © 2025 Farmaco.io. Este trabalho está licenciado sob a MIT License. FHIR® é marca registrada da HL7 International, usada com permissão.","caseSensitive":true,"content":"complete","count":8,"concept":[{"code":"ml-dose","display":"mL por dose","definition":"Mililitros por dose administrada"},{"code":"dose-unitaria","display":"Dose unitária","definition":"Uma dose completa pronta para administração"},{"code":"aplicacao","display":"Aplicação","definition":"Uma aplicação tópica"},{"code":"comprimido","display":"Comprimido","definition":"Um comprimido pronto para administração"},{"code":"capsula","display":"Cápsula","definition":"Uma cápsula pronta para administração"},{"code":"supositorio","display":"Supositório","definition":"Um supositório pronto para inserção"},{"code":"inalacao","display":"Inalação","definition":"Uma dose inalatória"},{"code":"borrifo","display":"Borrifo","definition":"Um borrifo nasal ou oral"}]}