{"resourceType":"CodeSystem","id":"packaging-type-br","text":{"status":"generated","div":"<div xmlns=\"http://www.w3.org/1999/xhtml\"><p class=\"res-header-id\"><b>Narrativa gerada: CodeSystem packaging-type-br</b></p><a name=\"packaging-type-br\"> </a><a name=\"hcpackaging-type-br\"> </a><p>Este  sistema de código  define o seguinte código:</p><table class=\"codes\"><tr><td style=\"white-space:nowrap\"><b>Código</b></td><td><b>Ecrã</b></td><td><b>Definição</b></td></tr><tr><td style=\"white-space:nowrap\">blister<a name=\"packaging-type-br-blister\"> </a></td><td>Blister</td><td>Embalagem blister para comprimidos/cápsulas</td></tr><tr><td style=\"white-space:nowrap\">frasco<a name=\"packaging-type-br-frasco\"> </a></td><td>Frasco</td><td>Frasco para líquidos ou sólidos</td></tr><tr><td style=\"white-space:nowrap\">ampola<a name=\"packaging-type-br-ampola\"> </a></td><td>Ampola</td><td>Ampola para injetáveis</td></tr><tr><td style=\"white-space:nowrap\">seringa<a name=\"packaging-type-br-seringa\"> </a></td><td>Seringa Preenchida</td><td>Seringa pré-preenchida</td></tr><tr><td style=\"white-space:nowrap\">vial<a name=\"packaging-type-br-vial\"> </a></td><td>Frasco-ampola (Vial)</td><td>Frasco-ampola para injetáveis</td></tr><tr><td style=\"white-space:nowrap\">sachê<a name=\"packaging-type-br-sach.234\"> </a></td><td>Sachê</td><td>Sachê para pós ou granulados</td></tr><tr><td style=\"white-space:nowrap\">tubo<a name=\"packaging-type-br-tubo\"> </a></td><td>Tubo</td><td>Tubo para cremes/pomadas</td></tr><tr><td style=\"white-space:nowrap\">envelope<a name=\"packaging-type-br-envelope\"> </a></td><td>Envelope</td><td>Envelope para produtos em pó</td></tr><tr><td style=\"white-space:nowrap\">caixa<a name=\"packaging-type-br-caixa\"> </a></td><td>Caixa</td><td>Caixa de papelão</td></tr><tr><td style=\"white-space:nowrap\">estojo<a name=\"packaging-type-br-estojo\"> </a></td><td>Estojo</td><td>Estojo para múltiplas unidades</td></tr><tr><td style=\"white-space:nowrap\">cartucho<a name=\"packaging-type-br-cartucho\"> </a></td><td>Cartucho</td><td>Cartucho para produtos específicos</td></tr><tr><td style=\"white-space:nowrap\">frasco-gotejador<a name=\"packaging-type-br-frasco-gotejador\"> </a></td><td>Frasco Gotejador</td><td>Frasco com sistema gotejador</td></tr><tr><td style=\"white-space:nowrap\">spray<a name=\"packaging-type-br-spray\"> </a></td><td>Frasco Spray</td><td>Frasco com sistema de spray</td></tr><tr><td style=\"white-space:nowrap\">inalador<a name=\"packaging-type-br-inalador\"> </a></td><td>Inalador</td><td>Dispositivo inalador</td></tr><tr><td style=\"white-space:nowrap\">dispositivo-aplicacao<a name=\"packaging-type-br-dispositivo-aplicacao\"> </a></td><td>Dispositivo de Aplicação</td><td>Dispositivo especial para aplicação</td></tr></table></div>"},"extension":[{"url":"http://hl7.org/fhir/StructureDefinition/structuredefinition-standards-status","valueCode":"informative","_valueCode":{"extension":[{"url":"http://hl7.org/fhir/StructureDefinition/structuredefinition-conformance-derivedFrom","valueCanonical":"https://idmp-br.github.io/brig-idmp-brasil/ImplementationGuide/brig.idmp.brazil"}]}}],"url":"https://idmp-br.github.io/brig-idmp-brasil/CodeSystem/packaging-type-br","version":"0.0.3","name":"PackagingTypeBR","title":"Tipos de Embalagem - Brasil","status":"draft","experimental":true,"date":"2025-08-02","publisher":"IDMP Brasil","contact":[{"name":"IDMP Brasil","telecom":[{"system":"url","value":"https://idmp-br.github.io"},{"system":"email","value":"eugenio@farmaco.io"}]},{"name":"IDMP Brasil","telecom":[{"system":"email","value":"eugenio@farmaco.io"},{"system":"url","value":"https://idmp-br.github.io/brig-idmp-brasil"}]}],"description":"Sistema de códigos para tipos de embalagem no Brasil","jurisdiction":[{"coding":[{"system":"urn:iso:std:iso:3166","code":"BR"}]}],"copyright":"Copyright © 2025 Farmaco.io. Este trabalho está licenciado sob a MIT License. FHIR® é marca registrada da HL7 International, usada com permissão.","caseSensitive":true,"content":"complete","count":15,"concept":[{"code":"blister","display":"Blister","definition":"Embalagem blister para comprimidos/cápsulas"},{"code":"frasco","display":"Frasco","definition":"Frasco para líquidos ou sólidos"},{"code":"ampola","display":"Ampola","definition":"Ampola para injetáveis"},{"code":"seringa","display":"Seringa Preenchida","definition":"Seringa pré-preenchida"},{"code":"vial","display":"Frasco-ampola (Vial)","definition":"Frasco-ampola para injetáveis"},{"code":"sachê","display":"Sachê","definition":"Sachê para pós ou granulados"},{"code":"tubo","display":"Tubo","definition":"Tubo para cremes/pomadas"},{"code":"envelope","display":"Envelope","definition":"Envelope para produtos em pó"},{"code":"caixa","display":"Caixa","definition":"Caixa de papelão"},{"code":"estojo","display":"Estojo","definition":"Estojo para múltiplas unidades"},{"code":"cartucho","display":"Cartucho","definition":"Cartucho para produtos específicos"},{"code":"frasco-gotejador","display":"Frasco Gotejador","definition":"Frasco com sistema gotejador"},{"code":"spray","display":"Frasco Spray","definition":"Frasco com sistema de spray"},{"code":"inalador","display":"Inalador","definition":"Dispositivo inalador"},{"code":"dispositivo-aplicacao","display":"Dispositivo de Aplicação","definition":"Dispositivo especial para aplicação"}]}