{"resourceType":"CodeSystem","id":"warning-type","text":{"status":"generated","div":"<div xmlns=\"http://www.w3.org/1999/xhtml\"><p class=\"res-header-id\"><b>Narrativa gerada: CodeSystem warning-type</b></p><a name=\"warning-type\"> </a><a name=\"hcwarning-type\"> </a><p>Este  sistema de código  define o seguinte código:</p><table class=\"codes\"><tr><td style=\"white-space:nowrap\"><b>Código</b></td><td><b>Ecrã</b></td><td><b>Definição</b></td></tr><tr><td style=\"white-space:nowrap\">boxed-warning<a name=\"warning-type-boxed-warning\"> </a></td><td>Tarja Preta</td><td>Advertência em tarja preta (boxed warning) - mais grave</td></tr><tr><td style=\"white-space:nowrap\">special-warning<a name=\"warning-type-special-warning\"> </a></td><td>Advertência Especial</td><td>Advertência especial sobre riscos importantes</td></tr><tr><td style=\"white-space:nowrap\">pregnancy-warning<a name=\"warning-type-pregnancy-warning\"> </a></td><td>Advertência de Gravidez</td><td>Advertência sobre uso na gravidez</td></tr><tr><td style=\"white-space:nowrap\">lactation-warning<a name=\"warning-type-lactation-warning\"> </a></td><td>Advertência de Lactação</td><td>Advertência sobre uso na lactação</td></tr><tr><td style=\"white-space:nowrap\">pediatric-warning<a name=\"warning-type-pediatric-warning\"> </a></td><td>Advertência Pediátrica</td><td>Advertência sobre uso pediátrico</td></tr><tr><td style=\"white-space:nowrap\">geriatric-warning<a name=\"warning-type-geriatric-warning\"> </a></td><td>Advertência Geriátrica</td><td>Advertência sobre uso em idosos</td></tr><tr><td style=\"white-space:nowrap\">renal-warning<a name=\"warning-type-renal-warning\"> </a></td><td>Advertência Renal</td><td>Advertência para insuficiência renal</td></tr><tr><td style=\"white-space:nowrap\">hepatic-warning<a name=\"warning-type-hepatic-warning\"> </a></td><td>Advertência Hepática</td><td>Advertência para insuficiência hepática</td></tr><tr><td style=\"white-space:nowrap\">cardiac-warning<a name=\"warning-type-cardiac-warning\"> </a></td><td>Advertência Cardíaca</td><td>Advertência para condições cardíacas</td></tr><tr><td style=\"white-space:nowrap\">monitoring-warning<a name=\"warning-type-monitoring-warning\"> </a></td><td>Advertência de Monitoramento</td><td>Necessidade de monitoramento especial</td></tr><tr><td style=\"white-space:nowrap\">abuse-potential<a name=\"warning-type-abuse-potential\"> </a></td><td>Potencial de Abuso</td><td>Advertência sobre potencial de abuso ou dependência</td></tr><tr><td style=\"white-space:nowrap\">driving-warning<a name=\"warning-type-driving-warning\"> </a></td><td>Advertência para Condução</td><td>Efeitos sobre capacidade de dirigir veículos</td></tr><tr><td style=\"white-space:nowrap\">photosensitivity<a name=\"warning-type-photosensitivity\"> </a></td><td>Fotossensibilidade</td><td>Advertência sobre fotossensibilidade</td></tr><tr><td style=\"white-space:nowrap\">allergic-reaction<a name=\"warning-type-allergic-reaction\"> </a></td><td>Reação Alérgica</td><td>Risco de reações alérgicas graves</td></tr></table></div>"},"extension":[{"url":"http://hl7.org/fhir/StructureDefinition/structuredefinition-fmm","valueInteger":0,"_valueInteger":{"extension":[{"url":"http://hl7.org/fhir/StructureDefinition/structuredefinition-conformance-derivedFrom","valueCanonical":"https://idmp-br.github.io/brig-idmp-brasil/ImplementationGuide/brig.idmp.brazil"}]}},{"url":"http://hl7.org/fhir/StructureDefinition/structuredefinition-standards-status","valueCode":"draft","_valueCode":{"extension":[{"url":"http://hl7.org/fhir/StructureDefinition/structuredefinition-conformance-derivedFrom","valueCanonical":"https://idmp-br.github.io/brig-idmp-brasil/ImplementationGuide/brig.idmp.brazil"}]}}],"url":"https://idmp-br.github.io/brig-idmp-brasil/CodeSystem/warning-type","version":"0.0.3","name":"WarningType","title":"Tipo de Advertência","status":"active","experimental":false,"date":"2025-10-31","publisher":"IDMP Brasil","contact":[{"name":"IDMP Brasil","telecom":[{"system":"url","value":"https://idmp-br.github.io"},{"system":"email","value":"eugenio@farmaco.io"}]},{"name":"IDMP Brasil","telecom":[{"system":"email","value":"eugenio@farmaco.io"},{"system":"url","value":"https://idmp-br.github.io/brig-idmp-brasil"}]}],"description":"Tipos de advertências e precauções","jurisdiction":[{"coding":[{"system":"urn:iso:std:iso:3166","code":"BR"}]}],"copyright":"Copyright © 2025 Farmaco.io. Este trabalho está licenciado sob a MIT License. FHIR® é marca registrada da HL7 International, usada com permissão.","caseSensitive":true,"content":"complete","count":14,"concept":[{"code":"boxed-warning","display":"Tarja Preta","definition":"Advertência em tarja preta (boxed warning) - mais grave","designation":[{"use":{"system":"http://terminology.hl7.org/CodeSystem/hl7TermMaintInfra","code":"preferredForLanguage"},"value":"Tarja Preta"}]},{"code":"special-warning","display":"Advertência Especial","definition":"Advertência especial sobre riscos importantes","designation":[{"use":{"system":"http://terminology.hl7.org/CodeSystem/hl7TermMaintInfra","code":"preferredForLanguage"},"value":"Advertência Especial"}]},{"code":"pregnancy-warning","display":"Advertência de Gravidez","definition":"Advertência sobre uso na gravidez","designation":[{"use":{"system":"http://terminology.hl7.org/CodeSystem/hl7TermMaintInfra","code":"preferredForLanguage"},"value":"Advertência de Gravidez"}]},{"code":"lactation-warning","display":"Advertência de Lactação","definition":"Advertência sobre uso na lactação","designation":[{"use":{"system":"http://terminology.hl7.org/CodeSystem/hl7TermMaintInfra","code":"preferredForLanguage"},"value":"Advertência de Lactação"}]},{"code":"pediatric-warning","display":"Advertência Pediátrica","definition":"Advertência sobre uso pediátrico","designation":[{"use":{"system":"http://terminology.hl7.org/CodeSystem/hl7TermMaintInfra","code":"preferredForLanguage"},"value":"Advertência Pediátrica"}]},{"code":"geriatric-warning","display":"Advertência Geriátrica","definition":"Advertência sobre uso em idosos","designation":[{"use":{"system":"http://terminology.hl7.org/CodeSystem/hl7TermMaintInfra","code":"preferredForLanguage"},"value":"Advertência Geriátrica"}]},{"code":"renal-warning","display":"Advertência Renal","definition":"Advertência para insuficiência renal","designation":[{"use":{"system":"http://terminology.hl7.org/CodeSystem/hl7TermMaintInfra","code":"preferredForLanguage"},"value":"Advertência Renal"}]},{"code":"hepatic-warning","display":"Advertência Hepática","definition":"Advertência para insuficiência hepática","designation":[{"use":{"system":"http://terminology.hl7.org/CodeSystem/hl7TermMaintInfra","code":"preferredForLanguage"},"value":"Advertência Hepática"}]},{"code":"cardiac-warning","display":"Advertência Cardíaca","definition":"Advertência para condições cardíacas","designation":[{"use":{"system":"http://terminology.hl7.org/CodeSystem/hl7TermMaintInfra","code":"preferredForLanguage"},"value":"Advertência Cardíaca"}]},{"code":"monitoring-warning","display":"Advertência de Monitoramento","definition":"Necessidade de monitoramento especial","designation":[{"use":{"system":"http://terminology.hl7.org/CodeSystem/hl7TermMaintInfra","code":"preferredForLanguage"},"value":"Advertência de Monitoramento"}]},{"code":"abuse-potential","display":"Potencial de Abuso","definition":"Advertência sobre potencial de abuso ou dependência","designation":[{"use":{"system":"http://terminology.hl7.org/CodeSystem/hl7TermMaintInfra","code":"preferredForLanguage"},"value":"Potencial de Abuso"}]},{"code":"driving-warning","display":"Advertência para Condução","definition":"Efeitos sobre capacidade de dirigir veículos","designation":[{"use":{"system":"http://terminology.hl7.org/CodeSystem/hl7TermMaintInfra","code":"preferredForLanguage"},"value":"Advertência para Condução"}]},{"code":"photosensitivity","display":"Fotossensibilidade","definition":"Advertência sobre fotossensibilidade","designation":[{"use":{"system":"http://terminology.hl7.org/CodeSystem/hl7TermMaintInfra","code":"preferredForLanguage"},"value":"Fotossensibilidade"}]},{"code":"allergic-reaction","display":"Reação Alérgica","definition":"Risco de reações alérgicas graves","designation":[{"use":{"system":"http://terminology.hl7.org/CodeSystem/hl7TermMaintInfra","code":"preferredForLanguage"},"value":"Reação Alérgica"}]}]}