{"resourceType":"CodeSystem","id":"substance-grade","text":{"status":"generated","div":"<div xmlns=\"http://www.w3.org/1999/xhtml\"><p class=\"res-header-id\"><b>Narrativa gerada: CodeSystem substance-grade</b></p><a name=\"substance-grade\"> </a><a name=\"hcsubstance-grade\"> </a><p>Este  sistema de código  define o seguinte código:</p><table class=\"codes\"><tr><td style=\"white-space:nowrap\"><b>Código</b></td><td><b>Ecrã</b></td><td><b>Definição</b></td></tr><tr><td style=\"white-space:nowrap\">pharmaceutical<a name=\"substance-grade-pharmaceutical\"> </a></td><td>Grau Farmacêutico</td><td>Grau farmacêutico conforme farmacopeias</td></tr><tr><td style=\"white-space:nowrap\">food<a name=\"substance-grade-food\"> </a></td><td>Grau Alimentício</td><td>Grau adequado para uso alimentício</td></tr><tr><td style=\"white-space:nowrap\">cosmetic<a name=\"substance-grade-cosmetic\"> </a></td><td>Grau Cosmético</td><td>Grau adequado para uso cosmético</td></tr><tr><td style=\"white-space:nowrap\">technical<a name=\"substance-grade-technical\"> </a></td><td>Grau Técnico</td><td>Grau técnico ou industrial</td></tr><tr><td style=\"white-space:nowrap\">analytical<a name=\"substance-grade-analytical\"> </a></td><td>Grau Analítico</td><td>Grau para reagente analítico</td></tr><tr><td style=\"white-space:nowrap\">usp<a name=\"substance-grade-usp\"> </a></td><td>USP</td><td>Grau conforme United States Pharmacopeia</td></tr><tr><td style=\"white-space:nowrap\">ep<a name=\"substance-grade-ep\"> </a></td><td>EP</td><td>Grau conforme European Pharmacopoeia</td></tr><tr><td style=\"white-space:nowrap\">fb<a name=\"substance-grade-fb\"> </a></td><td>FB</td><td>Grau conforme Farmacopeia Brasileira</td></tr><tr><td style=\"white-space:nowrap\">research<a name=\"substance-grade-research\"> </a></td><td>Grau Pesquisa</td><td>Grau adequado para pesquisa científica</td></tr></table></div>"},"extension":[{"url":"http://hl7.org/fhir/StructureDefinition/structuredefinition-standards-status","valueCode":"informative","_valueCode":{"extension":[{"url":"http://hl7.org/fhir/StructureDefinition/structuredefinition-conformance-derivedFrom","valueCanonical":"https://idmp-br.github.io/brig-idmp-brasil/ImplementationGuide/brig.idmp.brazil"}]}}],"url":"https://idmp-br.github.io/brig-idmp-brasil/CodeSystem/substance-grade","version":"0.0.3","name":"SubstanceGrade","title":"Grau de Substância","status":"draft","experimental":true,"date":"2025-08-02","publisher":"IDMP Brasil","contact":[{"name":"IDMP Brasil","telecom":[{"system":"url","value":"https://idmp-br.github.io"},{"system":"email","value":"eugenio@farmaco.io"}]},{"name":"IDMP Brasil","telecom":[{"system":"email","value":"eugenio@farmaco.io"},{"system":"url","value":"https://idmp-br.github.io/brig-idmp-brasil"}]}],"description":"Sistema de códigos para graus de qualidade de substâncias (padrão internacional - USP/EP/JP)","jurisdiction":[{"coding":[{"system":"urn:iso:std:iso:3166","code":"BR"}]}],"copyright":"Copyright © 2025 Farmaco.io. Este trabalho está licenciado sob a MIT License. FHIR® é marca registrada da HL7 International, usada com permissão.","caseSensitive":true,"content":"complete","count":9,"concept":[{"code":"pharmaceutical","display":"Grau Farmacêutico","definition":"Grau farmacêutico conforme farmacopeias"},{"code":"food","display":"Grau Alimentício","definition":"Grau adequado para uso alimentício"},{"code":"cosmetic","display":"Grau Cosmético","definition":"Grau adequado para uso cosmético"},{"code":"technical","display":"Grau Técnico","definition":"Grau técnico ou industrial"},{"code":"analytical","display":"Grau Analítico","definition":"Grau para reagente analítico"},{"code":"usp","display":"USP","definition":"Grau conforme United States Pharmacopeia"},{"code":"ep","display":"EP","definition":"Grau conforme European Pharmacopoeia"},{"code":"fb","display":"FB","definition":"Grau conforme Farmacopeia Brasileira"},{"code":"research","display":"Grau Pesquisa","definition":"Grau adequado para pesquisa científica"}]}