{"resourceType":"CodeSystem","id":"biological-genus","text":{"status":"generated","div":"<div xmlns=\"http://www.w3.org/1999/xhtml\"><p class=\"res-header-id\"><b>Narrativa gerada: CodeSystem biological-genus</b></p><a name=\"biological-genus\"> </a><a name=\"hcbiological-genus\"> </a><p>Este  sistema de código  define o seguinte código:</p><table class=\"codes\"><tr><td style=\"white-space:nowrap\"><b>Código</b></td><td><b>Definição</b></td></tr><tr><td style=\"white-space:nowrap\">Papaver<a name=\"biological-genus-Papaver\"> </a></td><td>Gênero Papaver (papoula)</td></tr><tr><td style=\"white-space:nowrap\">Cannabis<a name=\"biological-genus-Cannabis\"> </a></td><td>Gênero Cannabis</td></tr><tr><td style=\"white-space:nowrap\">Digitalis<a name=\"biological-genus-Digitalis\"> </a></td><td>Gênero Digitalis (dedaleira)</td></tr><tr><td style=\"white-space:nowrap\">Cinchona<a name=\"biological-genus-Cinchona\"> </a></td><td>Gênero Cinchona (quineira)</td></tr><tr><td style=\"white-space:nowrap\">Ephedra<a name=\"biological-genus-Ephedra\"> </a></td><td>Gênero Ephedra</td></tr><tr><td style=\"white-space:nowrap\">Penicillium<a name=\"biological-genus-Penicillium\"> </a></td><td>Gênero Penicillium (fungo produtor de penicilina)</td></tr><tr><td style=\"white-space:nowrap\">Streptomyces<a name=\"biological-genus-Streptomyces\"> </a></td><td>Gênero Streptomyces (bactéria produtora de antibióticos)</td></tr><tr><td style=\"white-space:nowrap\">Saccharomyces<a name=\"biological-genus-Saccharomyces\"> </a></td><td>Gênero Saccharomyces (levedura)</td></tr><tr><td style=\"white-space:nowrap\">Escherichia<a name=\"biological-genus-Escherichia\"> </a></td><td>Gênero Escherichia (bactéria para produção recombinante)</td></tr><tr><td style=\"white-space:nowrap\">Bos<a name=\"biological-genus-Bos\"> </a></td><td>Gênero Bos (bovinos)</td></tr><tr><td style=\"white-space:nowrap\">Sus<a name=\"biological-genus-Sus\"> </a></td><td>Gênero Sus (suínos)</td></tr></table></div>"},"extension":[{"url":"http://hl7.org/fhir/StructureDefinition/structuredefinition-fmm","valueInteger":0,"_valueInteger":{"extension":[{"url":"http://hl7.org/fhir/StructureDefinition/structuredefinition-conformance-derivedFrom","valueCanonical":"https://idmp-br.github.io/brig-idmp-brasil/ImplementationGuide/brig.idmp.brazil"}]}},{"url":"http://hl7.org/fhir/StructureDefinition/structuredefinition-standards-status","valueCode":"draft","_valueCode":{"extension":[{"url":"http://hl7.org/fhir/StructureDefinition/structuredefinition-conformance-derivedFrom","valueCanonical":"https://idmp-br.github.io/brig-idmp-brasil/ImplementationGuide/brig.idmp.brazil"}]}}],"url":"https://idmp-br.github.io/brig-idmp-brasil/CodeSystem/biological-genus","version":"0.0.3","name":"BiologicalGenus","title":"Gênero Biológico","status":"active","date":"2025-10-30","publisher":"IDMP Brasil","contact":[{"name":"IDMP Brasil","telecom":[{"system":"url","value":"https://idmp-br.github.io"},{"system":"email","value":"eugenio@farmaco.io"}]},{"name":"IDMP Brasil","telecom":[{"system":"email","value":"eugenio@farmaco.io"},{"system":"url","value":"https://idmp-br.github.io/brig-idmp-brasil"}]}],"description":"Gêneros biológicos comuns em substâncias farmacêuticas","jurisdiction":[{"coding":[{"system":"urn:iso:std:iso:3166","code":"BR"}]}],"copyright":"Copyright © 2025 Farmaco.io. Este trabalho está licenciado sob a MIT License. FHIR® é marca registrada da HL7 International, usada com permissão.","caseSensitive":true,"content":"complete","count":11,"concept":[{"code":"Papaver","display":"Papaver","definition":"Gênero Papaver (papoula)","designation":[{"use":{"system":"http://terminology.hl7.org/CodeSystem/hl7TermMaintInfra","code":"preferredForLanguage"},"value":"Papaver"}]},{"code":"Cannabis","display":"Cannabis","definition":"Gênero Cannabis","designation":[{"use":{"system":"http://terminology.hl7.org/CodeSystem/hl7TermMaintInfra","code":"preferredForLanguage"},"value":"Cannabis"}]},{"code":"Digitalis","display":"Digitalis","definition":"Gênero Digitalis (dedaleira)","designation":[{"use":{"system":"http://terminology.hl7.org/CodeSystem/hl7TermMaintInfra","code":"preferredForLanguage"},"value":"Digitalis"}]},{"code":"Cinchona","display":"Cinchona","definition":"Gênero Cinchona (quineira)","designation":[{"use":{"system":"http://terminology.hl7.org/CodeSystem/hl7TermMaintInfra","code":"preferredForLanguage"},"value":"Cinchona"}]},{"code":"Ephedra","display":"Ephedra","definition":"Gênero Ephedra","designation":[{"use":{"system":"http://terminology.hl7.org/CodeSystem/hl7TermMaintInfra","code":"preferredForLanguage"},"value":"Ephedra"}]},{"code":"Penicillium","display":"Penicillium","definition":"Gênero Penicillium (fungo produtor de penicilina)","designation":[{"use":{"system":"http://terminology.hl7.org/CodeSystem/hl7TermMaintInfra","code":"preferredForLanguage"},"value":"Penicillium"}]},{"code":"Streptomyces","display":"Streptomyces","definition":"Gênero Streptomyces (bactéria produtora de antibióticos)","designation":[{"use":{"system":"http://terminology.hl7.org/CodeSystem/hl7TermMaintInfra","code":"preferredForLanguage"},"value":"Streptomyces"}]},{"code":"Saccharomyces","display":"Saccharomyces","definition":"Gênero Saccharomyces (levedura)","designation":[{"use":{"system":"http://terminology.hl7.org/CodeSystem/hl7TermMaintInfra","code":"preferredForLanguage"},"value":"Saccharomyces"}]},{"code":"Escherichia","display":"Escherichia","definition":"Gênero Escherichia (bactéria para produção recombinante)","designation":[{"use":{"system":"http://terminology.hl7.org/CodeSystem/hl7TermMaintInfra","code":"preferredForLanguage"},"value":"Escherichia"}]},{"code":"Bos","display":"Bos","definition":"Gênero Bos (bovinos)","designation":[{"use":{"system":"http://terminology.hl7.org/CodeSystem/hl7TermMaintInfra","code":"preferredForLanguage"},"value":"Bos"}]},{"code":"Sus","display":"Sus","definition":"Gênero Sus (suínos)","designation":[{"use":{"system":"http://terminology.hl7.org/CodeSystem/hl7TermMaintInfra","code":"preferredForLanguage"},"value":"Sus"}]}]}