{"resourceType":"CodeSystem","id":"structure-technique","text":{"status":"generated","div":"<div xmlns=\"http://www.w3.org/1999/xhtml\"><p class=\"res-header-id\"><b>Narrativa gerada: CodeSystem structure-technique</b></p><a name=\"structure-technique\"> </a><a name=\"hcstructure-technique\"> </a><p>Este  sistema de código  define o seguinte código:</p><table class=\"codes\"><tr><td style=\"white-space:nowrap\"><b>Código</b></td><td><b>Ecrã</b></td><td><b>Definição</b></td></tr><tr><td style=\"white-space:nowrap\">NMR<a name=\"structure-technique-NMR\"> </a></td><td>Ressonância Magnética Nuclear</td><td>NMR - Nuclear Magnetic Resonance</td></tr><tr><td style=\"white-space:nowrap\">H-NMR<a name=\"structure-technique-H-NMR\"> </a></td><td>RMN de Hidrogênio</td><td>Ressonância Magnética Nuclear de ¹H</td></tr><tr><td style=\"white-space:nowrap\">C-NMR<a name=\"structure-technique-C-NMR\"> </a></td><td>RMN de Carbono</td><td>Ressonância Magnética Nuclear de ¹³C</td></tr><tr><td style=\"white-space:nowrap\">MS<a name=\"structure-technique-MS\"> </a></td><td>Espectrometria de Massas</td><td>Mass Spectrometry</td></tr><tr><td style=\"white-space:nowrap\">IR<a name=\"structure-technique-IR\"> </a></td><td>Infravermelho</td><td>Espectroscopia no Infravermelho</td></tr><tr><td style=\"white-space:nowrap\">UV<a name=\"structure-technique-UV\"> </a></td><td>Ultravioleta</td><td>Espectroscopia UV-Vis</td></tr><tr><td style=\"white-space:nowrap\">X-ray-crystallography<a name=\"structure-technique-X-ray-crystallography\"> </a></td><td>Cristalografia de Raios-X</td><td>Difração de raios-X em monocristal</td></tr><tr><td style=\"white-space:nowrap\">HPLC<a name=\"structure-technique-HPLC\"> </a></td><td>Cromatografia Líquida de Alta Eficiência</td><td>High Performance Liquid Chromatography</td></tr><tr><td style=\"white-space:nowrap\">GC<a name=\"structure-technique-GC\"> </a></td><td>Cromatografia Gasosa</td><td>Gas Chromatography</td></tr><tr><td style=\"white-space:nowrap\">elemental-analysis<a name=\"structure-technique-elemental-analysis\"> </a></td><td>Análise Elementar</td><td>Determinação quantitativa de elementos (C, H, N, O)</td></tr></table></div>"},"extension":[{"url":"http://hl7.org/fhir/StructureDefinition/structuredefinition-fmm","valueInteger":0,"_valueInteger":{"extension":[{"url":"http://hl7.org/fhir/StructureDefinition/structuredefinition-conformance-derivedFrom","valueCanonical":"https://idmp-br.github.io/brig-idmp-brasil/ImplementationGuide/brig.idmp.brazil"}]}},{"url":"http://hl7.org/fhir/StructureDefinition/structuredefinition-standards-status","valueCode":"draft","_valueCode":{"extension":[{"url":"http://hl7.org/fhir/StructureDefinition/structuredefinition-conformance-derivedFrom","valueCanonical":"https://idmp-br.github.io/brig-idmp-brasil/ImplementationGuide/brig.idmp.brazil"}]}}],"url":"https://idmp-br.github.io/brig-idmp-brasil/CodeSystem/structure-technique","version":"0.0.3","name":"StructureTechnique","title":"Técnicas de Caracterização Estrutural","status":"active","date":"2025-10-30","publisher":"IDMP Brasil","contact":[{"name":"IDMP Brasil","telecom":[{"system":"url","value":"https://idmp-br.github.io"},{"system":"email","value":"eugenio@farmaco.io"}]},{"name":"IDMP Brasil","telecom":[{"system":"email","value":"eugenio@farmaco.io"},{"system":"url","value":"https://idmp-br.github.io/brig-idmp-brasil"}]}],"description":"Técnicas analíticas para determinação de estrutura molecular","jurisdiction":[{"coding":[{"system":"urn:iso:std:iso:3166","code":"BR"}]}],"copyright":"Copyright © 2025 Farmaco.io. Este trabalho está licenciado sob a MIT License. FHIR® é marca registrada da HL7 International, usada com permissão.","caseSensitive":true,"content":"complete","count":10,"concept":[{"code":"NMR","display":"Ressonância Magnética Nuclear","definition":"NMR - Nuclear Magnetic Resonance","designation":[{"use":{"system":"http://terminology.hl7.org/CodeSystem/hl7TermMaintInfra","code":"preferredForLanguage"},"value":"Ressonância Magnética Nuclear"}]},{"code":"H-NMR","display":"RMN de Hidrogênio","definition":"Ressonância Magnética Nuclear de ¹H","designation":[{"use":{"system":"http://terminology.hl7.org/CodeSystem/hl7TermMaintInfra","code":"preferredForLanguage"},"value":"RMN de Hidrogênio"}]},{"code":"C-NMR","display":"RMN de Carbono","definition":"Ressonância Magnética Nuclear de ¹³C","designation":[{"use":{"system":"http://terminology.hl7.org/CodeSystem/hl7TermMaintInfra","code":"preferredForLanguage"},"value":"RMN de Carbono"}]},{"code":"MS","display":"Espectrometria de Massas","definition":"Mass Spectrometry","designation":[{"use":{"system":"http://terminology.hl7.org/CodeSystem/hl7TermMaintInfra","code":"preferredForLanguage"},"value":"Espectrometria de Massas"}]},{"code":"IR","display":"Infravermelho","definition":"Espectroscopia no Infravermelho","designation":[{"use":{"system":"http://terminology.hl7.org/CodeSystem/hl7TermMaintInfra","code":"preferredForLanguage"},"value":"Infravermelho"}]},{"code":"UV","display":"Ultravioleta","definition":"Espectroscopia UV-Vis","designation":[{"use":{"system":"http://terminology.hl7.org/CodeSystem/hl7TermMaintInfra","code":"preferredForLanguage"},"value":"Ultravioleta"}]},{"code":"X-ray-crystallography","display":"Cristalografia de Raios-X","definition":"Difração de raios-X em monocristal","designation":[{"use":{"system":"http://terminology.hl7.org/CodeSystem/hl7TermMaintInfra","code":"preferredForLanguage"},"value":"Cristalografia de Raios-X"}]},{"code":"HPLC","display":"Cromatografia Líquida de Alta Eficiência","definition":"High Performance Liquid Chromatography","designation":[{"use":{"system":"http://terminology.hl7.org/CodeSystem/hl7TermMaintInfra","code":"preferredForLanguage"},"value":"Cromatografia Líquida de Alta Eficiência"}]},{"code":"GC","display":"Cromatografia Gasosa","definition":"Gas Chromatography","designation":[{"use":{"system":"http://terminology.hl7.org/CodeSystem/hl7TermMaintInfra","code":"preferredForLanguage"},"value":"Cromatografia Gasosa"}]},{"code":"elemental-analysis","display":"Análise Elementar","definition":"Determinação quantitativa de elementos (C, H, N, O)","designation":[{"use":{"system":"http://terminology.hl7.org/CodeSystem/hl7TermMaintInfra","code":"preferredForLanguage"},"value":"Análise Elementar"}]}]}