{"resourceType":"CodeSystem","id":"clinical-use-definition-category","text":{"status":"generated","div":"<div xmlns=\"http://www.w3.org/1999/xhtml\"><p class=\"res-header-id\"><b>Narrativa gerada: CodeSystem clinical-use-definition-category</b></p><a name=\"clinical-use-definition-category\"> </a><a name=\"hcclinical-use-definition-category\"> </a><p>Este  sistema de código  define o seguinte código:</p><table class=\"codes\"><tr><td style=\"white-space:nowrap\"><b>Código</b></td><td><b>Ecrã</b></td><td><b>Definição</b></td></tr><tr><td style=\"white-space:nowrap\">pregnancy<a name=\"clinical-use-definition-category-pregnancy\"> </a></td><td>Gravidez</td><td>Uso durante a gravidez</td></tr><tr><td style=\"white-space:nowrap\">lactation<a name=\"clinical-use-definition-category-lactation\"> </a></td><td>Lactação</td><td>Uso durante amamentação</td></tr><tr><td style=\"white-space:nowrap\">pediatric<a name=\"clinical-use-definition-category-pediatric\"> </a></td><td>Pediátrico</td><td>Uso em população pediátrica</td></tr><tr><td style=\"white-space:nowrap\">geriatric<a name=\"clinical-use-definition-category-geriatric\"> </a></td><td>Geriátrico</td><td>Uso em população geriátrica</td></tr><tr><td style=\"white-space:nowrap\">renal-impairment<a name=\"clinical-use-definition-category-renal-impairment\"> </a></td><td>Insuficiência Renal</td><td>Uso em pacientes com insuficiência renal</td></tr><tr><td style=\"white-space:nowrap\">hepatic-impairment<a name=\"clinical-use-definition-category-hepatic-impairment\"> </a></td><td>Insuficiência Hepática</td><td>Uso em pacientes com insuficiência hepática</td></tr><tr><td style=\"white-space:nowrap\">overdose<a name=\"clinical-use-definition-category-overdose\"> </a></td><td>Superdosagem</td><td>Informações sobre superdosagem</td></tr><tr><td style=\"white-space:nowrap\">driving<a name=\"clinical-use-definition-category-driving\"> </a></td><td>Condução de Veículos</td><td>Efeitos sobre capacidade de dirigir</td></tr><tr><td style=\"white-space:nowrap\">alcohol<a name=\"clinical-use-definition-category-alcohol\"> </a></td><td>Álcool</td><td>Interação com álcool</td></tr></table></div>"},"extension":[{"url":"http://hl7.org/fhir/StructureDefinition/structuredefinition-fmm","valueInteger":0,"_valueInteger":{"extension":[{"url":"http://hl7.org/fhir/StructureDefinition/structuredefinition-conformance-derivedFrom","valueCanonical":"https://idmp-br.github.io/brig-idmp-brasil/ImplementationGuide/brig.idmp.brazil"}]}},{"url":"http://hl7.org/fhir/StructureDefinition/structuredefinition-standards-status","valueCode":"draft","_valueCode":{"extension":[{"url":"http://hl7.org/fhir/StructureDefinition/structuredefinition-conformance-derivedFrom","valueCanonical":"https://idmp-br.github.io/brig-idmp-brasil/ImplementationGuide/brig.idmp.brazil"}]}}],"url":"https://idmp-br.github.io/brig-idmp-brasil/CodeSystem/clinical-use-definition-category","version":"0.0.3","name":"ClinicalUseDefinitionCategory","title":"Categoria de Definição de Uso Clínico","status":"active","experimental":false,"date":"2025-10-31","publisher":"IDMP Brasil","contact":[{"name":"IDMP Brasil","telecom":[{"system":"url","value":"https://idmp-br.github.io"},{"system":"email","value":"eugenio@farmaco.io"}]},{"name":"IDMP Brasil","telecom":[{"system":"email","value":"eugenio@farmaco.io"},{"system":"url","value":"https://idmp-br.github.io/brig-idmp-brasil"}]}],"description":"Categorias que classificam o uso clínico (gravidez, lactação, etc.)","jurisdiction":[{"coding":[{"system":"urn:iso:std:iso:3166","code":"BR"}]}],"copyright":"Copyright © 2025 Farmaco.io. Este trabalho está licenciado sob a MIT License. FHIR® é marca registrada da HL7 International, usada com permissão.","caseSensitive":true,"content":"complete","count":9,"concept":[{"code":"pregnancy","display":"Gravidez","definition":"Uso durante a gravidez","designation":[{"use":{"system":"http://terminology.hl7.org/CodeSystem/hl7TermMaintInfra","code":"preferredForLanguage"},"value":"Gravidez"}]},{"code":"lactation","display":"Lactação","definition":"Uso durante amamentação","designation":[{"use":{"system":"http://terminology.hl7.org/CodeSystem/hl7TermMaintInfra","code":"preferredForLanguage"},"value":"Lactação"}]},{"code":"pediatric","display":"Pediátrico","definition":"Uso em população pediátrica","designation":[{"use":{"system":"http://terminology.hl7.org/CodeSystem/hl7TermMaintInfra","code":"preferredForLanguage"},"value":"Pediátrico"}]},{"code":"geriatric","display":"Geriátrico","definition":"Uso em população geriátrica","designation":[{"use":{"system":"http://terminology.hl7.org/CodeSystem/hl7TermMaintInfra","code":"preferredForLanguage"},"value":"Geriátrico"}]},{"code":"renal-impairment","display":"Insuficiência Renal","definition":"Uso em pacientes com insuficiência renal","designation":[{"use":{"system":"http://terminology.hl7.org/CodeSystem/hl7TermMaintInfra","code":"preferredForLanguage"},"value":"Insuficiência Renal"}]},{"code":"hepatic-impairment","display":"Insuficiência Hepática","definition":"Uso em pacientes com insuficiência hepática","designation":[{"use":{"system":"http://terminology.hl7.org/CodeSystem/hl7TermMaintInfra","code":"preferredForLanguage"},"value":"Insuficiência Hepática"}]},{"code":"overdose","display":"Superdosagem","definition":"Informações sobre superdosagem","designation":[{"use":{"system":"http://terminology.hl7.org/CodeSystem/hl7TermMaintInfra","code":"preferredForLanguage"},"value":"Superdosagem"}]},{"code":"driving","display":"Condução de Veículos","definition":"Efeitos sobre capacidade de dirigir","designation":[{"use":{"system":"http://terminology.hl7.org/CodeSystem/hl7TermMaintInfra","code":"preferredForLanguage"},"value":"Condução de Veículos"}]},{"code":"alcohol","display":"Álcool","definition":"Interação com álcool","designation":[{"use":{"system":"http://terminology.hl7.org/CodeSystem/hl7TermMaintInfra","code":"preferredForLanguage"},"value":"Álcool"}]}]}