{"resourceType":"CodeSystem","id":"substance-amount-type","text":{"status":"generated","div":"<div xmlns=\"http://www.w3.org/1999/xhtml\"><p class=\"res-header-id\"><b>Narrativa gerada: CodeSystem substance-amount-type</b></p><a name=\"substance-amount-type\"> </a><a name=\"hcsubstance-amount-type\"> </a><p>Este  sistema de código  define o seguinte código:</p><table class=\"codes\"><tr><td style=\"white-space:nowrap\"><b>Código</b></td><td><b>Ecrã</b></td><td><b>Definição</b></td></tr><tr><td style=\"white-space:nowrap\">mass<a name=\"substance-amount-type-mass\"> </a></td><td>Massa</td><td>Quantidade expressa em unidade de massa</td></tr><tr><td style=\"white-space:nowrap\">molar<a name=\"substance-amount-type-molar\"> </a></td><td>Molar</td><td>Quantidade expressa em mols</td></tr><tr><td style=\"white-space:nowrap\">volume<a name=\"substance-amount-type-volume\"> </a></td><td>Volume</td><td>Quantidade expressa em unidade de volume</td></tr><tr><td style=\"white-space:nowrap\">concentration-mass<a name=\"substance-amount-type-concentration-mass\"> </a></td><td>Concentração em Massa</td><td>Massa por unidade de volume</td></tr><tr><td style=\"white-space:nowrap\">concentration-molar<a name=\"substance-amount-type-concentration-molar\"> </a></td><td>Concentração Molar</td><td>Mols por unidade de volume</td></tr><tr><td style=\"white-space:nowrap\">percentage-mass<a name=\"substance-amount-type-percentage-mass\"> </a></td><td>Percentual em Massa</td><td>Percentual massa/massa</td></tr><tr><td style=\"white-space:nowrap\">percentage-volume<a name=\"substance-amount-type-percentage-volume\"> </a></td><td>Percentual em Volume</td><td>Percentual volume/volume</td></tr><tr><td style=\"white-space:nowrap\">percentage-mass-volume<a name=\"substance-amount-type-percentage-mass-volume\"> </a></td><td>Percentual Massa/Volume</td><td>Percentual massa/volume</td></tr><tr><td style=\"white-space:nowrap\">ratio<a name=\"substance-amount-type-ratio\"> </a></td><td>Razão</td><td>Razão entre componentes</td></tr><tr><td style=\"white-space:nowrap\">activity<a name=\"substance-amount-type-activity\"> </a></td><td>Atividade</td><td>Unidades internacionais de atividade biológica</td></tr></table></div>"},"extension":[{"url":"http://hl7.org/fhir/StructureDefinition/structuredefinition-fmm","valueInteger":0,"_valueInteger":{"extension":[{"url":"http://hl7.org/fhir/StructureDefinition/structuredefinition-conformance-derivedFrom","valueCanonical":"https://idmp-br.github.io/brig-idmp-brasil/ImplementationGuide/brig.idmp.brazil"}]}},{"url":"http://hl7.org/fhir/StructureDefinition/structuredefinition-standards-status","valueCode":"draft","_valueCode":{"extension":[{"url":"http://hl7.org/fhir/StructureDefinition/structuredefinition-conformance-derivedFrom","valueCanonical":"https://idmp-br.github.io/brig-idmp-brasil/ImplementationGuide/brig.idmp.brazil"}]}}],"url":"https://idmp-br.github.io/brig-idmp-brasil/CodeSystem/substance-amount-type","version":"0.0.3","name":"SubstanceAmountType","title":"Tipo de Medida de Quantidade de Substância","status":"active","date":"2025-10-30","publisher":"IDMP Brasil","contact":[{"name":"IDMP Brasil","telecom":[{"system":"url","value":"https://idmp-br.github.io"},{"system":"email","value":"eugenio@farmaco.io"}]},{"name":"IDMP Brasil","telecom":[{"system":"email","value":"eugenio@farmaco.io"},{"system":"url","value":"https://idmp-br.github.io/brig-idmp-brasil"}]}],"description":"Tipos de medidas para quantificar substâncias","jurisdiction":[{"coding":[{"system":"urn:iso:std:iso:3166","code":"BR"}]}],"copyright":"Copyright © 2025 Farmaco.io. Este trabalho está licenciado sob a MIT License. FHIR® é marca registrada da HL7 International, usada com permissão.","caseSensitive":true,"content":"complete","count":10,"concept":[{"code":"mass","display":"Massa","definition":"Quantidade expressa em unidade de massa","designation":[{"use":{"system":"http://terminology.hl7.org/CodeSystem/hl7TermMaintInfra","code":"preferredForLanguage"},"value":"Massa"}]},{"code":"molar","display":"Molar","definition":"Quantidade expressa em mols","designation":[{"use":{"system":"http://terminology.hl7.org/CodeSystem/hl7TermMaintInfra","code":"preferredForLanguage"},"value":"Molar"}]},{"code":"volume","display":"Volume","definition":"Quantidade expressa em unidade de volume","designation":[{"use":{"system":"http://terminology.hl7.org/CodeSystem/hl7TermMaintInfra","code":"preferredForLanguage"},"value":"Volume"}]},{"code":"concentration-mass","display":"Concentração em Massa","definition":"Massa por unidade de volume","designation":[{"use":{"system":"http://terminology.hl7.org/CodeSystem/hl7TermMaintInfra","code":"preferredForLanguage"},"value":"Concentração em Massa"}]},{"code":"concentration-molar","display":"Concentração Molar","definition":"Mols por unidade de volume","designation":[{"use":{"system":"http://terminology.hl7.org/CodeSystem/hl7TermMaintInfra","code":"preferredForLanguage"},"value":"Concentração Molar"}]},{"code":"percentage-mass","display":"Percentual em Massa","definition":"Percentual massa/massa","designation":[{"use":{"system":"http://terminology.hl7.org/CodeSystem/hl7TermMaintInfra","code":"preferredForLanguage"},"value":"Percentual em Massa"}]},{"code":"percentage-volume","display":"Percentual em Volume","definition":"Percentual volume/volume","designation":[{"use":{"system":"http://terminology.hl7.org/CodeSystem/hl7TermMaintInfra","code":"preferredForLanguage"},"value":"Percentual em Volume"}]},{"code":"percentage-mass-volume","display":"Percentual Massa/Volume","definition":"Percentual massa/volume","designation":[{"use":{"system":"http://terminology.hl7.org/CodeSystem/hl7TermMaintInfra","code":"preferredForLanguage"},"value":"Percentual Massa/Volume"}]},{"code":"ratio","display":"Razão","definition":"Razão entre componentes","designation":[{"use":{"system":"http://terminology.hl7.org/CodeSystem/hl7TermMaintInfra","code":"preferredForLanguage"},"value":"Razão"}]},{"code":"activity","display":"Atividade","definition":"Unidades internacionais de atividade biológica","designation":[{"use":{"system":"http://terminology.hl7.org/CodeSystem/hl7TermMaintInfra","code":"preferredForLanguage"},"value":"Atividade"}]}]}