{"resourceType":"CodeSystem","id":"product-confidentiality","text":{"status":"generated","div":"<div xmlns=\"http://www.w3.org/1999/xhtml\"><p class=\"res-header-id\"><b>Narrativa gerada: CodeSystem product-confidentiality</b></p><a name=\"product-confidentiality\"> </a><a name=\"hcproduct-confidentiality\"> </a><p>Este  sistema de código  define o seguinte código:</p><table class=\"codes\"><tr><td style=\"white-space:nowrap\"><b>Código</b></td><td><b>Ecrã</b></td><td><b>Definição</b></td></tr><tr><td style=\"white-space:nowrap\">public<a name=\"product-confidentiality-public\"> </a></td><td>Público</td><td>Informação pública sem restrições de acesso. Pode ser divulgada livremente</td></tr><tr><td style=\"white-space:nowrap\">confidential<a name=\"product-confidentiality-confidential\"> </a></td><td>Confidencial</td><td>Informação confidencial com acesso restrito a pessoal autorizado</td></tr><tr><td style=\"white-space:nowrap\">commercial-secret<a name=\"product-confidentiality-commercial-secret\"> </a></td><td>Segredo Comercial</td><td>Segredo comercial protegido por lei. Divulgação não autorizada sujeita a penalidades legais</td></tr><tr><td style=\"white-space:nowrap\">restricted<a name=\"product-confidentiality-restricted\"> </a></td><td>Restrito</td><td>Acesso restrito a pessoal específico com necessidade justificada</td></tr><tr><td style=\"white-space:nowrap\">internal-only<a name=\"product-confidentiality-internal-only\"> </a></td><td>Uso Interno Exclusivo</td><td>Informação apenas para uso interno da organização titular</td></tr><tr><td style=\"white-space:nowrap\">regulatory-access<a name=\"product-confidentiality-regulatory-access\"> </a></td><td>Acesso Regulatório</td><td>Informação acessível apenas para autoridades regulatórias competentes</td></tr></table></div>"},"extension":[{"url":"http://hl7.org/fhir/StructureDefinition/structuredefinition-fmm","valueInteger":0,"_valueInteger":{"extension":[{"url":"http://hl7.org/fhir/StructureDefinition/structuredefinition-conformance-derivedFrom","valueCanonical":"https://idmp-br.github.io/brig-idmp-brasil/ImplementationGuide/brig.idmp.brazil"}]}},{"url":"http://hl7.org/fhir/StructureDefinition/structuredefinition-standards-status","valueCode":"draft","_valueCode":{"extension":[{"url":"http://hl7.org/fhir/StructureDefinition/structuredefinition-conformance-derivedFrom","valueCanonical":"https://idmp-br.github.io/brig-idmp-brasil/ImplementationGuide/brig.idmp.brazil"}]}}],"url":"https://idmp-br.github.io/brig-idmp-brasil/CodeSystem/product-confidentiality","version":"0.0.3","name":"ProductConfidentiality","title":"Confidencialidade de Produto Medicinal","status":"active","experimental":false,"date":"2025-10-30","publisher":"IDMP Brasil","contact":[{"name":"IDMP Brasil","telecom":[{"system":"url","value":"https://idmp-br.github.io"},{"system":"email","value":"eugenio@farmaco.io"}]},{"name":"IDMP Brasil","telecom":[{"system":"email","value":"eugenio@farmaco.io"},{"system":"url","value":"https://idmp-br.github.io/brig-idmp-brasil"}]}],"description":"Classificação de confidencialidade para informações e operações relacionadas a produtos medicinais","jurisdiction":[{"coding":[{"system":"urn:iso:std:iso:3166","code":"BR"}]}],"copyright":"Copyright © 2025 Farmaco.io. Este trabalho está licenciado sob a MIT License. FHIR® é marca registrada da HL7 International, usada com permissão.","caseSensitive":true,"content":"complete","count":6,"concept":[{"code":"public","display":"Público","definition":"Informação pública sem restrições de acesso. Pode ser divulgada livremente","designation":[{"use":{"system":"http://terminology.hl7.org/CodeSystem/hl7TermMaintInfra","code":"preferredForLanguage"},"value":"Público"}]},{"code":"confidential","display":"Confidencial","definition":"Informação confidencial com acesso restrito a pessoal autorizado","designation":[{"use":{"system":"http://terminology.hl7.org/CodeSystem/hl7TermMaintInfra","code":"preferredForLanguage"},"value":"Confidencial"}]},{"code":"commercial-secret","display":"Segredo Comercial","definition":"Segredo comercial protegido por lei. Divulgação não autorizada sujeita a penalidades legais","designation":[{"use":{"system":"http://terminology.hl7.org/CodeSystem/hl7TermMaintInfra","code":"preferredForLanguage"},"value":"Segredo Comercial"}]},{"code":"restricted","display":"Restrito","definition":"Acesso restrito a pessoal específico com necessidade justificada","designation":[{"use":{"system":"http://terminology.hl7.org/CodeSystem/hl7TermMaintInfra","code":"preferredForLanguage"},"value":"Restrito"}]},{"code":"internal-only","display":"Uso Interno Exclusivo","definition":"Informação apenas para uso interno da organização titular","designation":[{"use":{"system":"http://terminology.hl7.org/CodeSystem/hl7TermMaintInfra","code":"preferredForLanguage"},"value":"Uso Interno Exclusivo"}]},{"code":"regulatory-access","display":"Acesso Regulatório","definition":"Informação acessível apenas para autoridades regulatórias competentes","designation":[{"use":{"system":"http://terminology.hl7.org/CodeSystem/hl7TermMaintInfra","code":"preferredForLanguage"},"value":"Acesso Regulatório"}]}]}