{"resourceType":"CodeSystem","id":"product-name-type","text":{"status":"generated","div":"<div xmlns=\"http://www.w3.org/1999/xhtml\"><p class=\"res-header-id\"><b>Narrativa gerada: CodeSystem product-name-type</b></p><a name=\"product-name-type\"> </a><a name=\"hcproduct-name-type\"> </a><p>Este  sistema de código  define o seguinte código:</p><table class=\"codes\"><tr><td style=\"white-space:nowrap\"><b>Código</b></td><td><b>Ecrã</b></td><td><b>Definição</b></td></tr><tr><td style=\"white-space:nowrap\">commercial<a name=\"product-name-type-commercial\"> </a></td><td>Nome Comercial</td><td>Nome de fantasia do produto registrado para comercialização</td></tr><tr><td style=\"white-space:nowrap\">scientific<a name=\"product-name-type-scientific\"> </a></td><td>Nome Científico</td><td>Denominação Comum Brasileira (DCB) ou nome científico do princípio ativo</td></tr><tr><td style=\"white-space:nowrap\">brand<a name=\"product-name-type-brand\"> </a></td><td>Marca</td><td>Nome da marca sob a qual o produto é comercializado</td></tr><tr><td style=\"white-space:nowrap\">generic<a name=\"product-name-type-generic\"> </a></td><td>Nome Genérico</td><td>Denominação do medicamento genérico conforme DCB</td></tr><tr><td style=\"white-space:nowrap\">popular<a name=\"product-name-type-popular\"> </a></td><td>Nome Popular</td><td>Nome pelo qual o produto é popularmente conhecido</td></tr><tr><td style=\"white-space:nowrap\">international<a name=\"product-name-type-international\"> </a></td><td>Nome Internacional</td><td>Denominação Comum Internacional (DCI) do princípio ativo</td></tr></table></div>"},"extension":[{"url":"http://hl7.org/fhir/StructureDefinition/structuredefinition-standards-status","valueCode":"informative","_valueCode":{"extension":[{"url":"http://hl7.org/fhir/StructureDefinition/structuredefinition-conformance-derivedFrom","valueCanonical":"https://idmp-br.github.io/brig-idmp-brasil/ImplementationGuide/brig.idmp.brazil"}]}}],"url":"https://idmp-br.github.io/brig-idmp-brasil/CodeSystem/product-name-type","version":"0.0.3","name":"ProductNameType","title":"Tipos de Nome de Produto","status":"draft","experimental":true,"date":"2025-08-02","publisher":"IDMP Brasil","contact":[{"name":"IDMP Brasil","telecom":[{"system":"url","value":"https://idmp-br.github.io"},{"system":"email","value":"eugenio@farmaco.io"}]},{"name":"IDMP Brasil","telecom":[{"system":"email","value":"eugenio@farmaco.io"},{"system":"url","value":"https://idmp-br.github.io/brig-idmp-brasil"}]}],"description":"Sistema de códigos para tipos de nomes de produtos medicinais (padrão internacional)","jurisdiction":[{"coding":[{"system":"urn:iso:std:iso:3166","code":"BR"}]}],"copyright":"Copyright © 2025 Farmaco.io. Este trabalho está licenciado sob a MIT License. FHIR® é marca registrada da HL7 International, usada com permissão.","caseSensitive":true,"content":"complete","count":6,"concept":[{"code":"commercial","display":"Nome Comercial","definition":"Nome de fantasia do produto registrado para comercialização"},{"code":"scientific","display":"Nome Científico","definition":"Denominação Comum Brasileira (DCB) ou nome científico do princípio ativo"},{"code":"brand","display":"Marca","definition":"Nome da marca sob a qual o produto é comercializado"},{"code":"generic","display":"Nome Genérico","definition":"Denominação do medicamento genérico conforme DCB"},{"code":"popular","display":"Nome Popular","definition":"Nome pelo qual o produto é popularmente conhecido"},{"code":"international","display":"Nome Internacional","definition":"Denominação Comum Internacional (DCI) do princípio ativo"}]}