{"resourceType":"CodeSystem","id":"organization-type-anvisa-br","text":{"status":"generated","div":"<div xmlns=\"http://www.w3.org/1999/xhtml\"><p class=\"res-header-id\"><b>Narrativa gerada: CodeSystem organization-type-anvisa-br</b></p><a name=\"organization-type-anvisa-br\"> </a><a name=\"hcorganization-type-anvisa-br\"> </a><p>Este  sistema de código  define o seguinte código:</p><table class=\"codes\"><tr><td style=\"white-space:nowrap\"><b>Código</b></td><td><b>Ecrã</b></td><td><b>Definição</b></td></tr><tr><td style=\"white-space:nowrap\">manufacturer<a name=\"organization-type-anvisa-br-manufacturer\"> </a></td><td>Fabricante</td><td>Empresa que produz medicamentos, dispositivos médicos ou outros produtos regulados</td></tr><tr><td style=\"white-space:nowrap\">manufacturer-api<a name=\"organization-type-anvisa-br-manufacturer-api\"> </a></td><td>Fabricante de IFA</td><td>Fabricante de Insumo Farmacêutico Ativo (API)</td></tr><tr><td style=\"white-space:nowrap\">manufacturer-finished<a name=\"organization-type-anvisa-br-manufacturer-finished\"> </a></td><td>Fabricante de Produto Acabado</td><td>Fabricante de produtos farmacêuticos acabados</td></tr><tr><td style=\"white-space:nowrap\">manufacturer-device<a name=\"organization-type-anvisa-br-manufacturer-device\"> </a></td><td>Fabricante de Dispositivo Médico</td><td>Fabricante de dispositivos médicos, equipamentos e correlatos</td></tr><tr><td style=\"white-space:nowrap\">importer<a name=\"organization-type-anvisa-br-importer\"> </a></td><td>Importador</td><td>Empresa responsável pela importação de produtos regulados</td></tr><tr><td style=\"white-space:nowrap\">importer-api<a name=\"organization-type-anvisa-br-importer-api\"> </a></td><td>Importador de IFA</td><td>Importador de Insumos Farmacêuticos Ativos</td></tr><tr><td style=\"white-space:nowrap\">importer-finished<a name=\"organization-type-anvisa-br-importer-finished\"> </a></td><td>Importador de Produto Acabado</td><td>Importador de produtos farmacêuticos acabados</td></tr><tr><td style=\"white-space:nowrap\">importer-device<a name=\"organization-type-anvisa-br-importer-device\"> </a></td><td>Importador de Dispositivo Médico</td><td>Importador de dispositivos médicos</td></tr><tr><td style=\"white-space:nowrap\">distributor<a name=\"organization-type-anvisa-br-distributor\"> </a></td><td>Distribuidor</td><td>Empresa de distribuição de produtos regulados</td></tr><tr><td style=\"white-space:nowrap\">distributor-pharma<a name=\"organization-type-anvisa-br-distributor-pharma\"> </a></td><td>Distribuidor Farmacêutico</td><td>Empresa de distribuição de medicamentos</td></tr><tr><td style=\"white-space:nowrap\">distributor-device<a name=\"organization-type-anvisa-br-distributor-device\"> </a></td><td>Distribuidor de Dispositivo Médico</td><td>Distribuidor de dispositivos médicos</td></tr><tr><td style=\"white-space:nowrap\">hospital<a name=\"organization-type-anvisa-br-hospital\"> </a></td><td>Hospital</td><td>Estabelecimento hospitalar</td></tr><tr><td style=\"white-space:nowrap\">clinic<a name=\"organization-type-anvisa-br-clinic\"> </a></td><td>Clínica</td><td>Clínica ou ambulatório</td></tr><tr><td style=\"white-space:nowrap\">pharmacy<a name=\"organization-type-anvisa-br-pharmacy\"> </a></td><td>Farmácia</td><td>Farmácia ou drogaria</td></tr><tr><td style=\"white-space:nowrap\">laboratory<a name=\"organization-type-anvisa-br-laboratory\"> </a></td><td>Laboratório</td><td>Laboratório de análises clínicas ou patologia</td></tr><tr><td style=\"white-space:nowrap\">research-org<a name=\"organization-type-anvisa-br-research-org\"> </a></td><td>Organização de Pesquisa</td><td>Instituição de pesquisa clínica ou pré-clínica</td></tr><tr><td style=\"white-space:nowrap\">cro<a name=\"organization-type-anvisa-br-cro\"> </a></td><td>CRO</td><td>Contract Research Organization - Organização de Pesquisa por Contrato</td></tr><tr><td style=\"white-space:nowrap\">university<a name=\"organization-type-anvisa-br-university\"> </a></td><td>Universidade</td><td>Instituição de ensino superior com atividades de pesquisa</td></tr><tr><td style=\"white-space:nowrap\">regulatory-authority<a name=\"organization-type-anvisa-br-regulatory-authority\"> </a></td><td>Autoridade Regulatória</td><td>Órgão governamental de regulação sanitária</td></tr><tr><td style=\"white-space:nowrap\">government-agency<a name=\"organization-type-anvisa-br-government-agency\"> </a></td><td>Órgão Governamental</td><td>Agência ou órgão da administração pública</td></tr><tr><td style=\"white-space:nowrap\">consultant<a name=\"organization-type-anvisa-br-consultant\"> </a></td><td>Consultoria</td><td>Empresa de consultoria regulatória</td></tr><tr><td style=\"white-space:nowrap\">testing-lab<a name=\"organization-type-anvisa-br-testing-lab\"> </a></td><td>Laboratório de Ensaios</td><td>Laboratório de controle de qualidade e ensaios</td></tr><tr><td style=\"white-space:nowrap\">transport<a name=\"organization-type-anvisa-br-transport\"> </a></td><td>Transportadora</td><td>Empresa de transporte de produtos regulados</td></tr><tr><td style=\"white-space:nowrap\">marketing-authorization-holder<a name=\"organization-type-anvisa-br-marketing-authorization-holder\"> </a></td><td>Titular de Registro</td><td>Empresa titular da autorização de comercialização</td></tr><tr><td style=\"white-space:nowrap\">license-holder<a name=\"organization-type-anvisa-br-license-holder\"> </a></td><td>Titular de Licença</td><td>Titular de licença ou autorização específica</td></tr><tr><td style=\"white-space:nowrap\">foreign-manufacturer<a name=\"organization-type-anvisa-br-foreign-manufacturer\"> </a></td><td>Fabricante Estrangeiro</td><td>Fabricante localizado fora do Brasil</td></tr><tr><td style=\"white-space:nowrap\">international-org<a name=\"organization-type-anvisa-br-international-org\"> </a></td><td>Organização Internacional</td><td>Organização internacional com operações no Brasil</td></tr></table></div>"},"extension":[{"url":"http://hl7.org/fhir/StructureDefinition/structuredefinition-standards-status","valueCode":"informative","_valueCode":{"extension":[{"url":"http://hl7.org/fhir/StructureDefinition/structuredefinition-conformance-derivedFrom","valueCanonical":"https://idmp-br.github.io/brig-idmp-brasil/ImplementationGuide/brig.idmp.brazil"}]}}],"url":"https://idmp-br.github.io/brig-idmp-brasil/CodeSystem/organization-type-anvisa-br","version":"0.0.3","name":"OrganizationTypeANVISABR","title":"Tipos de Organização ANVISA - Brasil","status":"draft","experimental":true,"date":"2025-08-02","publisher":"IDMP Brasil","contact":[{"name":"IDMP Brasil","telecom":[{"system":"url","value":"https://idmp-br.github.io"},{"system":"email","value":"eugenio@farmaco.io"}]},{"name":"IDMP Brasil","telecom":[{"system":"email","value":"eugenio@farmaco.io"},{"system":"url","value":"https://idmp-br.github.io/brig-idmp-brasil"}]}],"description":"Sistema de códigos para tipos de organizações no contexto regulatório da ANVISA","jurisdiction":[{"coding":[{"system":"urn:iso:std:iso:3166","code":"BR"}]}],"copyright":"Copyright © 2025 Farmaco.io. Este trabalho está licenciado sob a MIT License. FHIR® é marca registrada da HL7 International, usada com permissão.","caseSensitive":true,"content":"complete","count":27,"concept":[{"code":"manufacturer","display":"Fabricante","definition":"Empresa que produz medicamentos, dispositivos médicos ou outros produtos regulados"},{"code":"manufacturer-api","display":"Fabricante de IFA","definition":"Fabricante de Insumo Farmacêutico Ativo (API)"},{"code":"manufacturer-finished","display":"Fabricante de Produto Acabado","definition":"Fabricante de produtos farmacêuticos acabados"},{"code":"manufacturer-device","display":"Fabricante de Dispositivo Médico","definition":"Fabricante de dispositivos médicos, equipamentos e correlatos"},{"code":"importer","display":"Importador","definition":"Empresa responsável pela importação de produtos regulados"},{"code":"importer-api","display":"Importador de IFA","definition":"Importador de Insumos Farmacêuticos Ativos"},{"code":"importer-finished","display":"Importador de Produto Acabado","definition":"Importador de produtos farmacêuticos acabados"},{"code":"importer-device","display":"Importador de Dispositivo Médico","definition":"Importador de dispositivos médicos"},{"code":"distributor","display":"Distribuidor","definition":"Empresa de distribuição de produtos regulados"},{"code":"distributor-pharma","display":"Distribuidor Farmacêutico","definition":"Empresa de distribuição de medicamentos"},{"code":"distributor-device","display":"Distribuidor de Dispositivo Médico","definition":"Distribuidor de dispositivos médicos"},{"code":"hospital","display":"Hospital","definition":"Estabelecimento hospitalar"},{"code":"clinic","display":"Clínica","definition":"Clínica ou ambulatório"},{"code":"pharmacy","display":"Farmácia","definition":"Farmácia ou drogaria"},{"code":"laboratory","display":"Laboratório","definition":"Laboratório de análises clínicas ou patologia"},{"code":"research-org","display":"Organização de Pesquisa","definition":"Instituição de pesquisa clínica ou pré-clínica"},{"code":"cro","display":"CRO","definition":"Contract Research Organization - Organização de Pesquisa por Contrato"},{"code":"university","display":"Universidade","definition":"Instituição de ensino superior com atividades de pesquisa"},{"code":"regulatory-authority","display":"Autoridade Regulatória","definition":"Órgão governamental de regulação sanitária"},{"code":"government-agency","display":"Órgão Governamental","definition":"Agência ou órgão da administração pública"},{"code":"consultant","display":"Consultoria","definition":"Empresa de consultoria regulatória"},{"code":"testing-lab","display":"Laboratório de Ensaios","definition":"Laboratório de controle de qualidade e ensaios"},{"code":"transport","display":"Transportadora","definition":"Empresa de transporte de produtos regulados"},{"code":"marketing-authorization-holder","display":"Titular de Registro","definition":"Empresa titular da autorização de comercialização"},{"code":"license-holder","display":"Titular de Licença","definition":"Titular de licença ou autorização específica"},{"code":"foreign-manufacturer","display":"Fabricante Estrangeiro","definition":"Fabricante localizado fora do Brasil"},{"code":"international-org","display":"Organização Internacional","definition":"Organização internacional com operações no Brasil"}]}