{"resourceType":"CodeSystem","id":"pediatric-use-indicator","text":{"status":"generated","div":"<div xmlns=\"http://www.w3.org/1999/xhtml\"><p class=\"res-header-id\"><b>Narrativa gerada: CodeSystem pediatric-use-indicator</b></p><a name=\"pediatric-use-indicator\"> </a><a name=\"hcpediatric-use-indicator\"> </a><p>Este  sistema de código  define o seguinte código:</p><table class=\"codes\"><tr><td style=\"white-space:nowrap\"><b>Código</b></td><td><b>Ecrã</b></td><td><b>Definição</b></td></tr><tr><td style=\"white-space:nowrap\">pediatric-use-approved<a name=\"pediatric-use-indicator-pediatric-use-approved\"> </a></td><td>Uso Pediátrico Autorizado</td><td>Produto aprovado com indicação específica para uso em população pediátrica</td></tr><tr><td style=\"white-space:nowrap\">pediatric-investigation-plan<a name=\"pediatric-use-indicator-pediatric-investigation-plan\"> </a></td><td>Plano de Investigação Pediátrica</td><td>Possui plano de investigação pediátrica aprovado pela autoridade regulatória</td></tr><tr><td style=\"white-space:nowrap\">pediatric-waiver<a name=\"pediatric-use-indicator-pediatric-waiver\"> </a></td><td>Dispensa de Uso Pediátrico</td><td>Dispensa concedida para estudos ou indicações pediátricas (ex: doença que não ocorre em crianças)</td></tr><tr><td style=\"white-space:nowrap\">pediatric-deferral<a name=\"pediatric-use-indicator-pediatric-deferral\"> </a></td><td>Adiamento de Uso Pediátrico</td><td>Adiamento temporário de requisitos de investigação pediátrica</td></tr><tr><td style=\"white-space:nowrap\">pediatric-formulation<a name=\"pediatric-use-indicator-pediatric-formulation\"> </a></td><td>Formulação Pediátrica</td><td>Formulação especificamente desenvolvida para uso pediátrico (ex: suspensão oral, comprimidos dispersíveis)</td></tr></table></div>"},"extension":[{"url":"http://hl7.org/fhir/StructureDefinition/structuredefinition-fmm","valueInteger":0,"_valueInteger":{"extension":[{"url":"http://hl7.org/fhir/StructureDefinition/structuredefinition-conformance-derivedFrom","valueCanonical":"https://idmp-br.github.io/brig-idmp-brasil/ImplementationGuide/brig.idmp.brazil"}]}},{"url":"http://hl7.org/fhir/StructureDefinition/structuredefinition-standards-status","valueCode":"draft","_valueCode":{"extension":[{"url":"http://hl7.org/fhir/StructureDefinition/structuredefinition-conformance-derivedFrom","valueCanonical":"https://idmp-br.github.io/brig-idmp-brasil/ImplementationGuide/brig.idmp.brazil"}]}}],"url":"https://idmp-br.github.io/brig-idmp-brasil/CodeSystem/pediatric-use-indicator","version":"0.0.3","name":"PediatricUseIndicator","title":"Indicador de Uso Pediátrico","status":"active","experimental":false,"date":"2025-10-30","publisher":"IDMP Brasil","contact":[{"name":"IDMP Brasil","telecom":[{"system":"url","value":"https://idmp-br.github.io"},{"system":"email","value":"eugenio@farmaco.io"}]},{"name":"IDMP Brasil","telecom":[{"system":"email","value":"eugenio@farmaco.io"},{"system":"url","value":"https://idmp-br.github.io/brig-idmp-brasil"}]}],"description":"Indicadores relacionados a uso pediátrico de produtos medicinais, incluindo requisitos de investigação pediátrica e dispensas","jurisdiction":[{"coding":[{"system":"urn:iso:std:iso:3166","code":"BR"}]}],"copyright":"Copyright © 2025 Farmaco.io. Este trabalho está licenciado sob a MIT License. FHIR® é marca registrada da HL7 International, usada com permissão.","caseSensitive":true,"content":"complete","count":5,"concept":[{"code":"pediatric-use-approved","display":"Uso Pediátrico Autorizado","definition":"Produto aprovado com indicação específica para uso em população pediátrica","designation":[{"use":{"system":"http://terminology.hl7.org/CodeSystem/hl7TermMaintInfra","code":"preferredForLanguage"},"value":"Uso Pediátrico Autorizado"}]},{"code":"pediatric-investigation-plan","display":"Plano de Investigação Pediátrica","definition":"Possui plano de investigação pediátrica aprovado pela autoridade regulatória","designation":[{"use":{"system":"http://terminology.hl7.org/CodeSystem/hl7TermMaintInfra","code":"preferredForLanguage"},"value":"Plano de Investigação Pediátrica"}]},{"code":"pediatric-waiver","display":"Dispensa de Uso Pediátrico","definition":"Dispensa concedida para estudos ou indicações pediátricas (ex: doença que não ocorre em crianças)","designation":[{"use":{"system":"http://terminology.hl7.org/CodeSystem/hl7TermMaintInfra","code":"preferredForLanguage"},"value":"Dispensa de Uso Pediátrico"}]},{"code":"pediatric-deferral","display":"Adiamento de Uso Pediátrico","definition":"Adiamento temporário de requisitos de investigação pediátrica","designation":[{"use":{"system":"http://terminology.hl7.org/CodeSystem/hl7TermMaintInfra","code":"preferredForLanguage"},"value":"Adiamento de Uso Pediátrico"}]},{"code":"pediatric-formulation","display":"Formulação Pediátrica","definition":"Formulação especificamente desenvolvida para uso pediátrico (ex: suspensão oral, comprimidos dispersíveis)","designation":[{"use":{"system":"http://terminology.hl7.org/CodeSystem/hl7TermMaintInfra","code":"preferredForLanguage"},"value":"Formulação Pediátrica"}]}]}