{"resourceType":"CodeSystem","id":"therapeutic-indications-br","text":{"status":"generated","div":"<div xmlns=\"http://www.w3.org/1999/xhtml\"><p class=\"res-header-id\"><b>Narrativa gerada: CodeSystem therapeutic-indications-br</b></p><a name=\"therapeutic-indications-br\"> </a><a name=\"hctherapeutic-indications-br\"> </a><p>Este  sistema de código  define o seguinte código:</p><table class=\"codes\"><tr><td style=\"white-space:nowrap\"><b>Código</b></td><td><b>Ecrã</b></td><td><b>Definição</b></td></tr><tr><td style=\"white-space:nowrap\">analgesic<a name=\"therapeutic-indications-br-analgesic\"> </a></td><td>Analgésico</td><td>Tratamento da dor</td></tr><tr><td style=\"white-space:nowrap\">antipyretic<a name=\"therapeutic-indications-br-antipyretic\"> </a></td><td>Antitérmico</td><td>Redução da febre</td></tr><tr><td style=\"white-space:nowrap\">anti-inflammatory<a name=\"therapeutic-indications-br-anti-inflammatory\"> </a></td><td>Anti-inflamatório</td><td>Tratamento de processos inflamatórios</td></tr><tr><td style=\"white-space:nowrap\">sedative<a name=\"therapeutic-indications-br-sedative\"> </a></td><td>Sedativo</td><td>Sedação e tranquilização</td></tr><tr><td style=\"white-space:nowrap\">anxiolytic<a name=\"therapeutic-indications-br-anxiolytic\"> </a></td><td>Ansiolítico</td><td>Tratamento da ansiedade</td></tr><tr><td style=\"white-space:nowrap\">antibiotic<a name=\"therapeutic-indications-br-antibiotic\"> </a></td><td>Antibiótico</td><td>Tratamento de infecções bacterianas</td></tr><tr><td style=\"white-space:nowrap\">antiviral<a name=\"therapeutic-indications-br-antiviral\"> </a></td><td>Antiviral</td><td>Tratamento de infecções virais</td></tr><tr><td style=\"white-space:nowrap\">antifungal<a name=\"therapeutic-indications-br-antifungal\"> </a></td><td>Antifúngico</td><td>Tratamento de infecções fúngicas</td></tr><tr><td style=\"white-space:nowrap\">antihistamine<a name=\"therapeutic-indications-br-antihistamine\"> </a></td><td>Anti-histamínico</td><td>Tratamento de reações alérgicas</td></tr><tr><td style=\"white-space:nowrap\">bronchodilator<a name=\"therapeutic-indications-br-bronchodilator\"> </a></td><td>Broncodilatador</td><td>Tratamento de broncoespasmo</td></tr><tr><td style=\"white-space:nowrap\">antihypertensive<a name=\"therapeutic-indications-br-antihypertensive\"> </a></td><td>Anti-hipertensivo</td><td>Tratamento da hipertensão arterial</td></tr><tr><td style=\"white-space:nowrap\">diuretic<a name=\"therapeutic-indications-br-diuretic\"> </a></td><td>Diurético</td><td>Aumento da diurese</td></tr><tr><td style=\"white-space:nowrap\">cardiotonic<a name=\"therapeutic-indications-br-cardiotonic\"> </a></td><td>Cardiotônico</td><td>Fortalecimento da contração cardíaca</td></tr><tr><td style=\"white-space:nowrap\">anticoagulant<a name=\"therapeutic-indications-br-anticoagulant\"> </a></td><td>Anticoagulante</td><td>Prevenção da coagulação sanguínea</td></tr><tr><td style=\"white-space:nowrap\">hypoglycemic<a name=\"therapeutic-indications-br-hypoglycemic\"> </a></td><td>Hipoglicemiante</td><td>Redução da glicemia</td></tr><tr><td style=\"white-space:nowrap\">hormone-replacement<a name=\"therapeutic-indications-br-hormone-replacement\"> </a></td><td>Reposição Hormonal</td><td>Reposição de hormônios deficientes</td></tr><tr><td style=\"white-space:nowrap\">contraceptive<a name=\"therapeutic-indications-br-contraceptive\"> </a></td><td>Contraceptivo</td><td>Prevenção da gravidez</td></tr><tr><td style=\"white-space:nowrap\">antineoplastic<a name=\"therapeutic-indications-br-antineoplastic\"> </a></td><td>Antineoplásico</td><td>Tratamento de neoplasias</td></tr><tr><td style=\"white-space:nowrap\">immunosuppressive<a name=\"therapeutic-indications-br-immunosuppressive\"> </a></td><td>Imunossupressor</td><td>Supressão do sistema imunológico</td></tr><tr><td style=\"white-space:nowrap\">vaccine<a name=\"therapeutic-indications-br-vaccine\"> </a></td><td>Vacina</td><td>Imunização ativa</td></tr></table></div>"},"extension":[{"url":"http://hl7.org/fhir/StructureDefinition/structuredefinition-standards-status","valueCode":"informative","_valueCode":{"extension":[{"url":"http://hl7.org/fhir/StructureDefinition/structuredefinition-conformance-derivedFrom","valueCanonical":"https://idmp-br.github.io/brig-idmp-brasil/ImplementationGuide/brig.idmp.brazil"}]}}],"url":"https://idmp-br.github.io/brig-idmp-brasil/CodeSystem/therapeutic-indications-br","version":"0.0.3","name":"TherapeuticIndicationsBR","title":"Indicações Terapêuticas - Brasil","status":"draft","experimental":true,"date":"2025-08-02","publisher":"IDMP Brasil","contact":[{"name":"IDMP Brasil","telecom":[{"system":"url","value":"https://idmp-br.github.io"},{"system":"email","value":"eugenio@farmaco.io"}]},{"name":"IDMP Brasil","telecom":[{"system":"email","value":"eugenio@farmaco.io"},{"system":"url","value":"https://idmp-br.github.io/brig-idmp-brasil"}]}],"description":"Sistema de códigos para indicações terapêuticas de produtos medicinais brasileiros","jurisdiction":[{"coding":[{"system":"urn:iso:std:iso:3166","code":"BR"}]}],"copyright":"Copyright © 2025 Farmaco.io. Este trabalho está licenciado sob a MIT License. FHIR® é marca registrada da HL7 International, usada com permissão.","caseSensitive":true,"content":"complete","count":20,"concept":[{"code":"analgesic","display":"Analgésico","definition":"Tratamento da dor"},{"code":"antipyretic","display":"Antitérmico","definition":"Redução da febre"},{"code":"anti-inflammatory","display":"Anti-inflamatório","definition":"Tratamento de processos inflamatórios"},{"code":"sedative","display":"Sedativo","definition":"Sedação e tranquilização"},{"code":"anxiolytic","display":"Ansiolítico","definition":"Tratamento da ansiedade"},{"code":"antibiotic","display":"Antibiótico","definition":"Tratamento de infecções bacterianas"},{"code":"antiviral","display":"Antiviral","definition":"Tratamento de infecções virais"},{"code":"antifungal","display":"Antifúngico","definition":"Tratamento de infecções fúngicas"},{"code":"antihistamine","display":"Anti-histamínico","definition":"Tratamento de reações alérgicas"},{"code":"bronchodilator","display":"Broncodilatador","definition":"Tratamento de broncoespasmo"},{"code":"antihypertensive","display":"Anti-hipertensivo","definition":"Tratamento da hipertensão arterial"},{"code":"diuretic","display":"Diurético","definition":"Aumento da diurese"},{"code":"cardiotonic","display":"Cardiotônico","definition":"Fortalecimento da contração cardíaca"},{"code":"anticoagulant","display":"Anticoagulante","definition":"Prevenção da coagulação sanguínea"},{"code":"hypoglycemic","display":"Hipoglicemiante","definition":"Redução da glicemia"},{"code":"hormone-replacement","display":"Reposição Hormonal","definition":"Reposição de hormônios deficientes"},{"code":"contraceptive","display":"Contraceptivo","definition":"Prevenção da gravidez"},{"code":"antineoplastic","display":"Antineoplásico","definition":"Tratamento de neoplasias"},{"code":"immunosuppressive","display":"Imunossupressor","definition":"Supressão do sistema imunológico"},{"code":"vaccine","display":"Vacina","definition":"Imunização ativa"}]}