{"resourceType":"CodeSystem","id":"manufacturing-process","text":{"status":"generated","div":"<div xmlns=\"http://www.w3.org/1999/xhtml\"><p class=\"res-header-id\"><b>Narrativa gerada: CodeSystem manufacturing-process</b></p><a name=\"manufacturing-process\"> </a><a name=\"hcmanufacturing-process\"> </a><p>Este  sistema de código  define o seguinte código:</p><table class=\"codes\"><tr><td style=\"white-space:nowrap\"><b>Código</b></td><td><b>Ecrã</b></td><td><b>Definição</b></td></tr><tr><td style=\"white-space:nowrap\">granulation<a name=\"manufacturing-process-granulation\"> </a></td><td>Granulação</td><td>Processo de formação de grânulos</td></tr><tr><td style=\"white-space:nowrap\">wet-granulation<a name=\"manufacturing-process-wet-granulation\"> </a></td><td>Granulação Úmida</td><td>Granulação utilizando líquido aglutinante</td></tr><tr><td style=\"white-space:nowrap\">dry-granulation<a name=\"manufacturing-process-dry-granulation\"> </a></td><td>Granulação Seca</td><td>Granulação por compactação sem líquido</td></tr><tr><td style=\"white-space:nowrap\">compression<a name=\"manufacturing-process-compression\"> </a></td><td>Compressão</td><td>Processo de compressão de pós em comprimidos</td></tr><tr><td style=\"white-space:nowrap\">coating<a name=\"manufacturing-process-coating\"> </a></td><td>Revestimento</td><td>Aplicação de revestimento</td></tr><tr><td style=\"white-space:nowrap\">film-coating<a name=\"manufacturing-process-film-coating\"> </a></td><td>Revestimento Pelicular</td><td>Revestimento com filme polimérico</td></tr><tr><td style=\"white-space:nowrap\">sugar-coating<a name=\"manufacturing-process-sugar-coating\"> </a></td><td>Drageamento</td><td>Revestimento com açúcar</td></tr><tr><td style=\"white-space:nowrap\">enteric-coating<a name=\"manufacturing-process-enteric-coating\"> </a></td><td>Revestimento Entérico</td><td>Revestimento gastrorresistente</td></tr><tr><td style=\"white-space:nowrap\">encapsulation<a name=\"manufacturing-process-encapsulation\"> </a></td><td>Encapsulação</td><td>Processo de enchimento de cápsulas</td></tr><tr><td style=\"white-space:nowrap\">lyophilization<a name=\"manufacturing-process-lyophilization\"> </a></td><td>Liofilização</td><td>Secagem por congelamento</td></tr><tr><td style=\"white-space:nowrap\">sterilization<a name=\"manufacturing-process-sterilization\"> </a></td><td>Esterilização</td><td>Processo de esterilização</td></tr><tr><td style=\"white-space:nowrap\">autoclaving<a name=\"manufacturing-process-autoclaving\"> </a></td><td>Autoclavagem</td><td>Esterilização por calor úmido</td></tr><tr><td style=\"white-space:nowrap\">filtration-sterilization<a name=\"manufacturing-process-filtration-sterilization\"> </a></td><td>Esterilização por Filtração</td><td>Esterilização por filtração estéril</td></tr><tr><td style=\"white-space:nowrap\">aseptic-processing<a name=\"manufacturing-process-aseptic-processing\"> </a></td><td>Processamento Asséptico</td><td>Fabricação em ambiente estéril</td></tr><tr><td style=\"white-space:nowrap\">blending<a name=\"manufacturing-process-blending\"> </a></td><td>Mistura</td><td>Homogeneização de componentes</td></tr><tr><td style=\"white-space:nowrap\">milling<a name=\"manufacturing-process-milling\"> </a></td><td>Moagem</td><td>Redução de tamanho de partícula</td></tr></table></div>"},"extension":[{"url":"http://hl7.org/fhir/StructureDefinition/structuredefinition-fmm","valueInteger":0,"_valueInteger":{"extension":[{"url":"http://hl7.org/fhir/StructureDefinition/structuredefinition-conformance-derivedFrom","valueCanonical":"https://idmp-br.github.io/brig-idmp-brasil/ImplementationGuide/brig.idmp.brazil"}]}},{"url":"http://hl7.org/fhir/StructureDefinition/structuredefinition-standards-status","valueCode":"draft","_valueCode":{"extension":[{"url":"http://hl7.org/fhir/StructureDefinition/structuredefinition-conformance-derivedFrom","valueCanonical":"https://idmp-br.github.io/brig-idmp-brasil/ImplementationGuide/brig.idmp.brazil"}]}}],"url":"https://idmp-br.github.io/brig-idmp-brasil/CodeSystem/manufacturing-process","version":"0.0.3","name":"ManufacturingProcess","title":"Processo de Manufatura","status":"active","experimental":false,"date":"2025-10-30","publisher":"IDMP Brasil","contact":[{"name":"IDMP Brasil","telecom":[{"system":"url","value":"https://idmp-br.github.io"},{"system":"email","value":"eugenio@farmaco.io"}]},{"name":"IDMP Brasil","telecom":[{"system":"email","value":"eugenio@farmaco.io"},{"system":"url","value":"https://idmp-br.github.io/brig-idmp-brasil"}]}],"description":"Processos de manufatura de produtos farmacêuticos","jurisdiction":[{"coding":[{"system":"urn:iso:std:iso:3166","code":"BR"}]}],"copyright":"Copyright © 2025 Farmaco.io. Este trabalho está licenciado sob a MIT License. FHIR® é marca registrada da HL7 International, usada com permissão.","caseSensitive":true,"content":"complete","count":16,"concept":[{"code":"granulation","display":"Granulação","definition":"Processo de formação de grânulos","designation":[{"use":{"system":"http://terminology.hl7.org/CodeSystem/hl7TermMaintInfra","code":"preferredForLanguage"},"value":"Granulação"}]},{"code":"wet-granulation","display":"Granulação Úmida","definition":"Granulação utilizando líquido aglutinante","designation":[{"use":{"system":"http://terminology.hl7.org/CodeSystem/hl7TermMaintInfra","code":"preferredForLanguage"},"value":"Granulação Úmida"}]},{"code":"dry-granulation","display":"Granulação Seca","definition":"Granulação por compactação sem líquido","designation":[{"use":{"system":"http://terminology.hl7.org/CodeSystem/hl7TermMaintInfra","code":"preferredForLanguage"},"value":"Granulação Seca"}]},{"code":"compression","display":"Compressão","definition":"Processo de compressão de pós em comprimidos","designation":[{"use":{"system":"http://terminology.hl7.org/CodeSystem/hl7TermMaintInfra","code":"preferredForLanguage"},"value":"Compressão"}]},{"code":"coating","display":"Revestimento","definition":"Aplicação de revestimento","designation":[{"use":{"system":"http://terminology.hl7.org/CodeSystem/hl7TermMaintInfra","code":"preferredForLanguage"},"value":"Revestimento"}]},{"code":"film-coating","display":"Revestimento Pelicular","definition":"Revestimento com filme polimérico","designation":[{"use":{"system":"http://terminology.hl7.org/CodeSystem/hl7TermMaintInfra","code":"preferredForLanguage"},"value":"Revestimento Pelicular"}]},{"code":"sugar-coating","display":"Drageamento","definition":"Revestimento com açúcar","designation":[{"use":{"system":"http://terminology.hl7.org/CodeSystem/hl7TermMaintInfra","code":"preferredForLanguage"},"value":"Drageamento"}]},{"code":"enteric-coating","display":"Revestimento Entérico","definition":"Revestimento gastrorresistente","designation":[{"use":{"system":"http://terminology.hl7.org/CodeSystem/hl7TermMaintInfra","code":"preferredForLanguage"},"value":"Revestimento Entérico"}]},{"code":"encapsulation","display":"Encapsulação","definition":"Processo de enchimento de cápsulas","designation":[{"use":{"system":"http://terminology.hl7.org/CodeSystem/hl7TermMaintInfra","code":"preferredForLanguage"},"value":"Encapsulação"}]},{"code":"lyophilization","display":"Liofilização","definition":"Secagem por congelamento","designation":[{"use":{"system":"http://terminology.hl7.org/CodeSystem/hl7TermMaintInfra","code":"preferredForLanguage"},"value":"Liofilização"}]},{"code":"sterilization","display":"Esterilização","definition":"Processo de esterilização","designation":[{"use":{"system":"http://terminology.hl7.org/CodeSystem/hl7TermMaintInfra","code":"preferredForLanguage"},"value":"Esterilização"}]},{"code":"autoclaving","display":"Autoclavagem","definition":"Esterilização por calor úmido","designation":[{"use":{"system":"http://terminology.hl7.org/CodeSystem/hl7TermMaintInfra","code":"preferredForLanguage"},"value":"Autoclavagem"}]},{"code":"filtration-sterilization","display":"Esterilização por Filtração","definition":"Esterilização por filtração estéril","designation":[{"use":{"system":"http://terminology.hl7.org/CodeSystem/hl7TermMaintInfra","code":"preferredForLanguage"},"value":"Esterilização por Filtração"}]},{"code":"aseptic-processing","display":"Processamento Asséptico","definition":"Fabricação em ambiente estéril","designation":[{"use":{"system":"http://terminology.hl7.org/CodeSystem/hl7TermMaintInfra","code":"preferredForLanguage"},"value":"Processamento Asséptico"}]},{"code":"blending","display":"Mistura","definition":"Homogeneização de componentes","designation":[{"use":{"system":"http://terminology.hl7.org/CodeSystem/hl7TermMaintInfra","code":"preferredForLanguage"},"value":"Mistura"}]},{"code":"milling","display":"Moagem","definition":"Redução de tamanho de partícula","designation":[{"use":{"system":"http://terminology.hl7.org/CodeSystem/hl7TermMaintInfra","code":"preferredForLanguage"},"value":"Moagem"}]}]}