{"resourceType":"CodeSystem","id":"package-characteristic-br","text":{"status":"generated","div":"<div xmlns=\"http://www.w3.org/1999/xhtml\"><p class=\"res-header-id\"><b>Narrativa gerada: CodeSystem package-characteristic-br</b></p><a name=\"package-characteristic-br\"> </a><a name=\"hcpackage-characteristic-br\"> </a><p>Este  sistema de código  define o seguinte código:</p><table class=\"codes\"><tr><td style=\"white-space:nowrap\"><b>Código</b></td><td><b>Ecrã</b></td><td><b>Definição</b></td></tr><tr><td style=\"white-space:nowrap\">protecao-luz<a name=\"package-characteristic-br-protecao-luz\"> </a></td><td>Proteção à Luz</td><td>Embalagem com proteção contra luz</td></tr><tr><td style=\"white-space:nowrap\">protecao-umidade<a name=\"package-characteristic-br-protecao-umidade\"> </a></td><td>Proteção à Umidade</td><td>Embalagem com proteção contra umidade</td></tr><tr><td style=\"white-space:nowrap\">protecao-temperatura<a name=\"package-characteristic-br-protecao-temperatura\"> </a></td><td>Proteção à Temperatura</td><td>Embalagem com proteção térmica</td></tr><tr><td style=\"white-space:nowrap\">protecao-oxidacao<a name=\"package-characteristic-br-protecao-oxidacao\"> </a></td><td>Proteção à Oxidação</td><td>Embalagem com proteção contra oxidação</td></tr><tr><td style=\"white-space:nowrap\">inviolavel<a name=\"package-characteristic-br-inviolavel\"> </a></td><td>Inviolável</td><td>Embalagem com sistema de inviolabilidade</td></tr><tr><td style=\"white-space:nowrap\">crianca-resistente<a name=\"package-characteristic-br-crianca-resistente\"> </a></td><td>Resistente a Crianças</td><td>Embalagem com abertura resistente a crianças</td></tr><tr><td style=\"white-space:nowrap\">esteril<a name=\"package-characteristic-br-esteril\"> </a></td><td>Estéril</td><td>Embalagem estéril</td></tr><tr><td style=\"white-space:nowrap\">unidose<a name=\"package-characteristic-br-unidose\"> </a></td><td>Unidose</td><td>Embalagem de dose única</td></tr><tr><td style=\"white-space:nowrap\">multidose<a name=\"package-characteristic-br-multidose\"> </a></td><td>Multidose</td><td>Embalagem de múltiplas doses</td></tr><tr><td style=\"white-space:nowrap\">descartavel<a name=\"package-characteristic-br-descartavel\"> </a></td><td>Descartável</td><td>Embalagem descartável</td></tr><tr><td style=\"white-space:nowrap\">reutilizavel<a name=\"package-characteristic-br-reutilizavel\"> </a></td><td>Reutilizável</td><td>Embalagem reutilizável</td></tr><tr><td style=\"white-space:nowrap\">controlado<a name=\"package-characteristic-br-controlado\"> </a></td><td>Produto Controlado</td><td>Embalagem para produto controlado</td></tr><tr><td style=\"white-space:nowrap\">hospitalar<a name=\"package-characteristic-br-hospitalar\"> </a></td><td>Uso Hospitalar</td><td>Embalagem para uso exclusivo hospitalar</td></tr><tr><td style=\"white-space:nowrap\">refrigerado<a name=\"package-characteristic-br-refrigerado\"> </a></td><td>Refrigerado</td><td>Produto que requer refrigeração</td></tr><tr><td style=\"white-space:nowrap\">congelado<a name=\"package-characteristic-br-congelado\"> </a></td><td>Congelado</td><td>Produto que requer congelamento</td></tr></table></div>"},"extension":[{"url":"http://hl7.org/fhir/StructureDefinition/structuredefinition-standards-status","valueCode":"informative","_valueCode":{"extension":[{"url":"http://hl7.org/fhir/StructureDefinition/structuredefinition-conformance-derivedFrom","valueCanonical":"https://idmp-br.github.io/brig-idmp-brasil/ImplementationGuide/brig.idmp.brazil"}]}}],"url":"https://idmp-br.github.io/brig-idmp-brasil/CodeSystem/package-characteristic-br","version":"0.0.3","name":"PackageCharacteristicBR","title":"Características de Embalagem - Brasil","status":"draft","experimental":true,"date":"2025-08-02","publisher":"IDMP Brasil","contact":[{"name":"IDMP Brasil","telecom":[{"system":"url","value":"https://idmp-br.github.io"},{"system":"email","value":"eugenio@farmaco.io"}]},{"name":"IDMP Brasil","telecom":[{"system":"email","value":"eugenio@farmaco.io"},{"system":"url","value":"https://idmp-br.github.io/brig-idmp-brasil"}]}],"description":"Sistema de códigos para características de embalagens no Brasil","jurisdiction":[{"coding":[{"system":"urn:iso:std:iso:3166","code":"BR"}]}],"copyright":"Copyright © 2025 Farmaco.io. Este trabalho está licenciado sob a MIT License. FHIR® é marca registrada da HL7 International, usada com permissão.","caseSensitive":true,"content":"complete","count":15,"concept":[{"code":"protecao-luz","display":"Proteção à Luz","definition":"Embalagem com proteção contra luz"},{"code":"protecao-umidade","display":"Proteção à Umidade","definition":"Embalagem com proteção contra umidade"},{"code":"protecao-temperatura","display":"Proteção à Temperatura","definition":"Embalagem com proteção térmica"},{"code":"protecao-oxidacao","display":"Proteção à Oxidação","definition":"Embalagem com proteção contra oxidação"},{"code":"inviolavel","display":"Inviolável","definition":"Embalagem com sistema de inviolabilidade"},{"code":"crianca-resistente","display":"Resistente a Crianças","definition":"Embalagem com abertura resistente a crianças"},{"code":"esteril","display":"Estéril","definition":"Embalagem estéril"},{"code":"unidose","display":"Unidose","definition":"Embalagem de dose única"},{"code":"multidose","display":"Multidose","definition":"Embalagem de múltiplas doses"},{"code":"descartavel","display":"Descartável","definition":"Embalagem descartável"},{"code":"reutilizavel","display":"Reutilizável","definition":"Embalagem reutilizável"},{"code":"controlado","display":"Produto Controlado","definition":"Embalagem para produto controlado"},{"code":"hospitalar","display":"Uso Hospitalar","definition":"Embalagem para uso exclusivo hospitalar"},{"code":"refrigerado","display":"Refrigerado","definition":"Produto que requer refrigeração"},{"code":"congelado","display":"Congelado","definition":"Produto que requer congelamento"}]}