{"resourceType":"ValueSet","id":"jurisdiction-valueset","text":{"status":"generated","div":"<div xmlns=\"http://www.w3.org/1999/xhtml\"><p class=\"res-header-id\"><b>Narrativa gerada: ValueSet jurisdiction-valueset</b></p><a name=\"jurisdiction-valueset\"> </a><a name=\"hcjurisdiction-valueset\"> </a><p>Este conjunto de valores inclui códigos baseados nas seguintes regras:</p><ul><li>Incluir todos os códigos definidos em <a href=\"http://terminology.hl7.org/6.5.0/CodeSystem-ISO3166Part1.html\"><code>urn:iso:std:iso:3166</code></a><span title=\"Version is not explicity stated. No matching Code System found\"> versão Not Stated (use latest from terminology server)</span></li><li>Incluir todos os códigos definidos em <code>http://unstats.un.org/unsd/methods/m49/m49.htm</code><span title=\"Version is not explicity stated. No matching Code System found\"> versão Not Stated (use latest from terminology server)</span></li></ul></div>"},"extension":[{"url":"http://hl7.org/fhir/StructureDefinition/structuredefinition-fmm","valueInteger":0,"_valueInteger":{"extension":[{"url":"http://hl7.org/fhir/StructureDefinition/structuredefinition-conformance-derivedFrom","valueCanonical":"https://idmp-br.github.io/brig-idmp-brasil/ImplementationGuide/brig.idmp.brazil"}]}},{"url":"http://hl7.org/fhir/StructureDefinition/structuredefinition-standards-status","valueCode":"draft","_valueCode":{"extension":[{"url":"http://hl7.org/fhir/StructureDefinition/structuredefinition-conformance-derivedFrom","valueCanonical":"https://idmp-br.github.io/brig-idmp-brasil/ImplementationGuide/brig.idmp.brazil"}]}}],"url":"https://idmp-br.github.io/brig-idmp-brasil/ValueSet/jurisdiction-valueset","version":"0.0.3","name":"JurisdictionValueSet","title":"Jurisdições (ISO 3166 + UN M49)","status":"active","experimental":false,"date":"2025-10-30","publisher":"IDMP Brasil","contact":[{"name":"IDMP Brasil","telecom":[{"system":"url","value":"https://idmp-br.github.io"},{"system":"email","value":"eugenio@farmaco.io"}]},{"name":"IDMP Brasil","telecom":[{"system":"email","value":"eugenio@farmaco.io"},{"system":"url","value":"https://idmp-br.github.io/brig-idmp-brasil"}]}],"description":"Códigos para países, subdivisões de países e regiões supranacionais. Combina ISO 3166 (países) com UN M49 (regiões geográficas).","jurisdiction":[{"coding":[{"system":"urn:iso:std:iso:3166","code":"BR"}]}],"purpose":"Identificar jurisdições regulatórias em níveis nacional, subnacional e supranacional","copyright":"ISO 3166 e UN M49 são padrões internacionais de uso livre para interoperabilidade.","compose":{"include":[{"system":"urn:iso:std:iso:3166"},{"system":"http://unstats.un.org/unsd/methods/m49/m49.htm"}]}}