{"resourceType":"ValueSet","id":"contraindication-condition-br","language":"pt-BR","text":{"status":"generated","div":"<div xmlns=\"http://www.w3.org/1999/xhtml\" xml:lang=\"pt-BR\" lang=\"pt-BR\"><p class=\"res-header-id\"><b>Narrativa gerada: ValueSet contraindication-condition-br</b></p><a name=\"contraindication-condition-br\"> </a><a name=\"hccontraindication-condition-br\"> </a><div style=\"display: inline-block; background-color: #d9e0e7; padding: 6px; margin: 4px; border: 1px solid #8da1b4; border-radius: 5px; line-height: 60%\"><p style=\"margin-bottom: 0px\">Língua: pt-BR</p></div><p>Este conjunto de valores inclui códigos baseados nas seguintes regras:</p><ul><li>Incluir estes códigos, tal como definidos em <a href=\"http://www.snomed.org/\"><code>http://snomed.info/sct</code></a><span title=\"Version is not explicity stated. No matching Code System found\"> versão Not Stated (use latest from terminology server)</span><table class=\"none\"><tr><td style=\"white-space:nowrap\"><b>Código</b></td><td><b>Ecrã</b></td></tr><tr><td><a href=\"http://snomed.info/id/418038007\">418038007</a></td><td>Propensity to adverse reactions to substance (finding)</td></tr><tr><td><a href=\"http://snomed.info/id/419511003\">419511003</a></td><td>Propensity to adverse reactions to drug (finding)</td></tr><tr><td><a href=\"http://snomed.info/id/282100009\">282100009</a></td><td>Adverse reaction caused by substance (disorder)</td></tr></table></li><li>Incluir estes códigos, tal como definidos em <a href=\"http://terminology.hl7.org/6.5.0/CodeSystem-icd10.html\"><code>http://hl7.org/fhir/sid/icd-10</code></a><span title=\"Version is not explicity stated. No matching Code System found\"> versão Not Stated (use latest from terminology server)</span><table class=\"none\"><tr><td style=\"white-space:nowrap\"><b>Código</b></td><td><b>Ecrã</b></td></tr><tr><td>K25.9</td><td>Úlcera gástrica não especificada</td></tr><tr><td>K26.9</td><td>Úlcera duodenal não especificada</td></tr><tr><td>N18.6</td><td>Doença renal crônica estágio terminal</td></tr><tr><td>K72.90</td><td>Insuficiência hepática</td></tr><tr><td>I50.9</td><td>Insuficiência cardíaca</td></tr><tr><td>O20.9</td><td>Hemorragia no início da gravidez</td></tr><tr><td>Z87.891</td><td>História pessoal de alergia a medicamento</td></tr></table></li></ul></div>"},"extension":[{"url":"http://hl7.org/fhir/StructureDefinition/structuredefinition-standards-status","valueCode":"informative","_valueCode":{"extension":[{"url":"http://hl7.org/fhir/StructureDefinition/structuredefinition-conformance-derivedFrom","valueCanonical":"https://idmp-br.github.io/brig-idmp-brasil/ImplementationGuide/brig.idmp.brazil"}]}}],"url":"https://idmp-br.github.io/brig-idmp-brasil/ValueSet/contraindication-condition-br","version":"0.0.3","name":"ContraindicationConditionBRValueSet","title":"Condições de Contraindicação - Brasil","status":"draft","experimental":true,"date":"2025-09-07","publisher":"IDMP Brasil","contact":[{"name":"IDMP Brasil","telecom":[{"system":"url","value":"https://idmp-br.github.io"},{"system":"email","value":"eugenio@farmaco.io"}]},{"name":"IDMP Brasil","telecom":[{"system":"email","value":"eugenio@farmaco.io"},{"system":"url","value":"https://idmp-br.github.io/brig-idmp-brasil"}]}],"description":"ValueSet de condições médicas que constituem contraindicações no contexto brasileiro.","jurisdiction":[{"coding":[{"system":"urn:iso:std:iso:3166","code":"BR"}]}],"immutable":false,"copyright":"Copyright © 2025 Farmaco.io. Este trabalho está licenciado sob a MIT License. FHIR® é marca registrada da HL7 International, usada com permissão.","compose":{"include":[{"system":"http://snomed.info/sct","concept":[{"code":"418038007","display":"Propensity to adverse reactions to substance (finding)"},{"code":"419511003","display":"Propensity to adverse reactions to drug (finding)"},{"code":"282100009","display":"Adverse reaction caused by substance (disorder)"}]},{"system":"http://hl7.org/fhir/sid/icd-10","concept":[{"code":"K25.9","display":"Úlcera gástrica não especificada"},{"code":"K26.9","display":"Úlcera duodenal não especificada"},{"code":"N18.6","display":"Doença renal crônica estágio terminal"},{"code":"K72.90","display":"Insuficiência hepática"},{"code":"I50.9","display":"Insuficiência cardíaca"},{"code":"O20.9","display":"Hemorragia no início da gravidez"},{"code":"Z87.891","display":"História pessoal de alergia a medicamento"}]}]}}