{"resourceType":"ValueSet","id":"manufactured-dose-form","text":{"status":"generated","div":"<div xmlns=\"http://www.w3.org/1999/xhtml\"><p class=\"res-header-id\"><b>Narrativa gerada: ValueSet manufactured-dose-form</b></p><a name=\"manufactured-dose-form\"> </a><a name=\"hcmanufactured-dose-form\"> </a><ul><li>Include estes códigos, tal como definidos em <code>http://standardterms.edqm.eu</code><span title=\"Version is not explicity stated. No matching Code System found\"> versão Not Stated (use latest from terminology server)</span><table class=\"none\"><tr><td style=\"white-space:nowrap\"><b>Código</b></td><td><b>Ecrã</b></td></tr><tr><td>10219000</td><td>Film-coated tablet</td></tr><tr><td>10210000</td><td>Hard capsule</td></tr><tr><td>10225000</td><td>Soft capsule</td></tr><tr><td>10220000</td><td>Gastro-resistant tablet</td></tr><tr><td>10221000</td><td>Modified-release tablet</td></tr><tr><td>10117000</td><td>Oral solution</td></tr><tr><td>10118000</td><td>Oral suspension</td></tr><tr><td>10119000</td><td>Powder for oral solution</td></tr><tr><td>11201000</td><td>Solution for injection</td></tr><tr><td>11203000</td><td>Suspension for injection</td></tr><tr><td>11202000</td><td>Emulsion for injection</td></tr><tr><td>50001000</td><td>Powder for solution for injection</td></tr><tr><td>10504000</td><td>Cream</td></tr><tr><td>10513000</td><td>Ointment</td></tr><tr><td>10503000</td><td>Gel</td></tr></table></li></ul></div>"},"extension":[{"url":"http://hl7.org/fhir/StructureDefinition/structuredefinition-fmm","valueInteger":0,"_valueInteger":{"extension":[{"url":"http://hl7.org/fhir/StructureDefinition/structuredefinition-conformance-derivedFrom","valueCanonical":"https://idmp-br.github.io/brig-idmp-brasil/ImplementationGuide/brig.idmp.brazil"}]}},{"url":"http://hl7.org/fhir/StructureDefinition/structuredefinition-standards-status","valueCode":"draft","_valueCode":{"extension":[{"url":"http://hl7.org/fhir/StructureDefinition/structuredefinition-conformance-derivedFrom","valueCanonical":"https://idmp-br.github.io/brig-idmp-brasil/ImplementationGuide/brig.idmp.brazil"}]}}],"url":"https://idmp-br.github.io/brig-idmp-brasil/ValueSet/manufactured-dose-form","version":"0.0.3","name":"ManufacturedDoseForm","title":"Forma Farmacêutica Manufaturada","status":"active","experimental":false,"date":"2025-10-30","publisher":"IDMP Brasil","contact":[{"name":"IDMP Brasil","telecom":[{"system":"url","value":"https://idmp-br.github.io"},{"system":"email","value":"eugenio@farmaco.io"}]},{"name":"IDMP Brasil","telecom":[{"system":"email","value":"eugenio@farmaco.io"},{"system":"url","value":"https://idmp-br.github.io/brig-idmp-brasil"}]}],"description":"Formas farmacêuticas manufaturadas usando códigos EDQM Standard Terms","jurisdiction":[{"coding":[{"system":"urn:iso:std:iso:3166","code":"BR"}]}],"copyright":"Copyright © 2025 Farmaco.io. Este trabalho está licenciado sob a MIT License. FHIR® é marca registrada da HL7 International, usada com permissão.","compose":{"include":[{"system":"http://standardterms.edqm.eu","concept":[{"code":"10219000","display":"Film-coated tablet"},{"code":"10210000","display":"Hard capsule"},{"code":"10225000","display":"Soft capsule"},{"code":"10220000","display":"Gastro-resistant tablet"},{"code":"10221000","display":"Modified-release tablet"},{"code":"10117000","display":"Oral solution"},{"code":"10118000","display":"Oral suspension"},{"code":"10119000","display":"Powder for oral solution"},{"code":"11201000","display":"Solution for injection"},{"code":"11203000","display":"Suspension for injection"},{"code":"11202000","display":"Emulsion for injection"},{"code":"50001000","display":"Powder for solution for injection"},{"code":"10504000","display":"Cream"},{"code":"10513000","display":"Ointment"},{"code":"10503000","display":"Gel"}]}]}}