{"resourceType":"ValueSet","id":"administrable-dose-form","text":{"status":"generated","div":"<div xmlns=\"http://www.w3.org/1999/xhtml\"><p class=\"res-header-id\"><b>Narrativa gerada: ValueSet administrable-dose-form</b></p><a name=\"administrable-dose-form\"> </a><a name=\"hcadministrable-dose-form\"> </a><ul><li>Include estes códigos, tal como definidos em <code>http://standardterms.edqm.eu</code><span title=\"Version is not explicity stated. No matching Code System found\"> versão Not Stated (use latest from terminology server)</span><table class=\"none\"><tr><td style=\"white-space:nowrap\"><b>Código</b></td><td><b>Ecrã</b></td></tr><tr><td>10117000</td><td>Oral solution</td></tr><tr><td>10118000</td><td>Oral suspension</td></tr><tr><td>11201000</td><td>Solution for injection</td></tr><tr><td>11203000</td><td>Suspension for injection</td></tr><tr><td>11202000</td><td>Emulsion for injection</td></tr><tr><td>10219000</td><td>Film-coated tablet</td></tr><tr><td>10210000</td><td>Hard capsule</td></tr><tr><td>10227000</td><td>Sublingual tablet</td></tr><tr><td>10228000</td><td>Buccal tablet</td></tr><tr><td>10504000</td><td>Cream</td></tr><tr><td>10513000</td><td>Ointment</td></tr><tr><td>10503000</td><td>Gel</td></tr><tr><td>10505000</td><td>Cutaneous solution</td></tr><tr><td>10304000</td><td>Pressurised inhalation</td></tr><tr><td>10308000</td><td>Nebuliser solution</td></tr><tr><td>10912000</td><td>Suppository</td></tr><tr><td>11007000</td><td>Vaginal capsule</td></tr></table></li></ul></div>"},"extension":[{"url":"http://hl7.org/fhir/StructureDefinition/structuredefinition-standards-status","valueCode":"informative","_valueCode":{"extension":[{"url":"http://hl7.org/fhir/StructureDefinition/structuredefinition-conformance-derivedFrom","valueCanonical":"https://idmp-br.github.io/brig-idmp-brasil/ImplementationGuide/brig.idmp.brazil"}]}}],"url":"https://idmp-br.github.io/brig-idmp-brasil/ValueSet/administrable-dose-form","version":"0.0.3","name":"AdministrableDoseForm","title":"Formas Farmacêuticas Administráveis","status":"draft","experimental":true,"date":"2025-10-30","publisher":"IDMP Brasil","contact":[{"name":"IDMP Brasil","telecom":[{"system":"url","value":"https://idmp-br.github.io"},{"system":"email","value":"eugenio@farmaco.io"}]},{"name":"IDMP Brasil","telecom":[{"system":"email","value":"eugenio@farmaco.io"},{"system":"url","value":"https://idmp-br.github.io/brig-idmp-brasil"}]}],"description":"Formas farmacêuticas administráveis usando códigos EDQM Standard Terms","jurisdiction":[{"coding":[{"system":"urn:iso:std:iso:3166","code":"BR"}]}],"copyright":"Copyright © 2025 Farmaco.io. Este trabalho está licenciado sob a MIT License. FHIR® é marca registrada da HL7 International, usada com permissão.","compose":{"include":[{"system":"http://standardterms.edqm.eu","concept":[{"code":"10117000","display":"Oral solution"},{"code":"10118000","display":"Oral suspension"},{"code":"11201000","display":"Solution for injection"},{"code":"11203000","display":"Suspension for injection"},{"code":"11202000","display":"Emulsion for injection"},{"code":"10219000","display":"Film-coated tablet"},{"code":"10210000","display":"Hard capsule"},{"code":"10227000","display":"Sublingual tablet"},{"code":"10228000","display":"Buccal tablet"},{"code":"10504000","display":"Cream"},{"code":"10513000","display":"Ointment"},{"code":"10503000","display":"Gel"},{"code":"10505000","display":"Cutaneous solution"},{"code":"10304000","display":"Pressurised inhalation"},{"code":"10308000","display":"Nebuliser solution"},{"code":"10912000","display":"Suppository"},{"code":"11007000","display":"Vaginal capsule"}]}]}}