{"resourceType":"ValueSet","id":"country-valueset","text":{"status":"generated","div":"<div xmlns=\"http://www.w3.org/1999/xhtml\"><p class=\"res-header-id\"><b>Narrativa gerada: ValueSet country-valueset</b></p><a name=\"country-valueset\"> </a><a name=\"hccountry-valueset\"> </a><ul><li>Include todos os códigos definidos em <a href=\"http://terminology.hl7.org/6.5.0/CodeSystem-ISO3166Part1.html\"><code>urn:iso:std:iso:3166</code></a><span title=\"Version is not explicity stated. No matching Code System found\"> versão Not Stated (use latest from terminology server)</span></li></ul></div>"},"extension":[{"url":"http://hl7.org/fhir/StructureDefinition/structuredefinition-fmm","valueInteger":0,"_valueInteger":{"extension":[{"url":"http://hl7.org/fhir/StructureDefinition/structuredefinition-conformance-derivedFrom","valueCanonical":"https://idmp-br.github.io/brig-idmp-brasil/ImplementationGuide/brig.idmp.brazil"}]}},{"url":"http://hl7.org/fhir/StructureDefinition/structuredefinition-standards-status","valueCode":"draft","_valueCode":{"extension":[{"url":"http://hl7.org/fhir/StructureDefinition/structuredefinition-conformance-derivedFrom","valueCanonical":"https://idmp-br.github.io/brig-idmp-brasil/ImplementationGuide/brig.idmp.brazil"}]}}],"url":"https://idmp-br.github.io/brig-idmp-brasil/ValueSet/country-valueset","version":"0.0.3","name":"CountryValueSet","title":"Países (ISO 3166-1)","status":"active","experimental":false,"date":"2025-10-30","publisher":"IDMP Brasil","contact":[{"name":"IDMP Brasil","telecom":[{"system":"url","value":"https://idmp-br.github.io"},{"system":"email","value":"eugenio@farmaco.io"}]},{"name":"IDMP Brasil","telecom":[{"system":"email","value":"eugenio@farmaco.io"},{"system":"url","value":"https://idmp-br.github.io/brig-idmp-brasil"}]}],"description":"Códigos de países conforme padrão ISO 3166-1 alfa-2. Usado para indicar país de uso, fabricação ou jurisdição.","jurisdiction":[{"coding":[{"system":"urn:iso:std:iso:3166","code":"BR"}]}],"purpose":"Fornecer códigos padronizados ISO 3166-1 para identificação de países em contextos regulatórios e farmacêuticos","copyright":"ISO 3166-1 é um padrão internacional mantido pela ISO. Os códigos são de uso livre para fins de interoperabilidade.","compose":{"include":[{"system":"urn:iso:std:iso:3166"}]}}