{"resourceType":"ValueSet","id":"product-characteristic-vs","text":{"status":"generated","div":"<div xmlns=\"http://www.w3.org/1999/xhtml\"><p class=\"res-header-id\"><b>Narrativa gerada: ValueSet product-characteristic-vs</b></p><a name=\"product-characteristic-vs\"> </a><a name=\"hcproduct-characteristic-vs\"> </a><ul><li>Include todos os códigos definidos em <a href=\"CodeSystem-product-characteristic.html\"><code>https://idmp-br.github.io/brig-idmp-brasil/CodeSystem/product-characteristic</code></a><span title=\"Version is not explicitly stated, which means it is fixed to the version provided in this specification\"> versão &#x1F4E6;0.0.3</span></li></ul></div>"},"extension":[{"url":"http://hl7.org/fhir/StructureDefinition/structuredefinition-fmm","valueInteger":0,"_valueInteger":{"extension":[{"url":"http://hl7.org/fhir/StructureDefinition/structuredefinition-conformance-derivedFrom","valueCanonical":"https://idmp-br.github.io/brig-idmp-brasil/ImplementationGuide/brig.idmp.brazil"}]}},{"url":"http://hl7.org/fhir/StructureDefinition/structuredefinition-standards-status","valueCode":"draft","_valueCode":{"extension":[{"url":"http://hl7.org/fhir/StructureDefinition/structuredefinition-conformance-derivedFrom","valueCanonical":"https://idmp-br.github.io/brig-idmp-brasil/ImplementationGuide/brig.idmp.brazil"}]}}],"url":"https://idmp-br.github.io/brig-idmp-brasil/ValueSet/product-characteristic-vs","version":"0.0.3","name":"ProductCharacteristic","title":"Características de Produto Medicinal","status":"active","experimental":false,"date":"2025-10-30","publisher":"IDMP Brasil","contact":[{"name":"IDMP Brasil","telecom":[{"system":"url","value":"https://idmp-br.github.io"},{"system":"email","value":"eugenio@farmaco.io"}]},{"name":"IDMP Brasil","telecom":[{"system":"email","value":"eugenio@farmaco.io"},{"system":"url","value":"https://idmp-br.github.io/brig-idmp-brasil"}]}],"description":"Características observáveis de produtos medicinais. Alternativa brasileira ao SNOMED CT Observable Entity.","jurisdiction":[{"coding":[{"system":"urn:iso:std:iso:3166","code":"BR"}]}],"purpose":"Fornecer vocabulário padronizado para descrever características de produtos medicinais em contexto regulatório brasileiro","copyright":"Copyright © 2025 Farmaco.io. Este trabalho está licenciado sob a MIT License. FHIR® é marca registrada da HL7 International, usada com permissão.","compose":{"include":[{"system":"https://idmp-br.github.io/brig-idmp-brasil/CodeSystem/product-characteristic"}]}}