{"resourceType":"ValueSet","id":"identifier-lifecycle-status","text":{"status":"generated","div":"<div xmlns=\"http://www.w3.org/1999/xhtml\"><p class=\"res-header-id\"><b>Narrativa gerada: ValueSet identifier-lifecycle-status</b></p><a name=\"identifier-lifecycle-status\"> </a><a name=\"hcidentifier-lifecycle-status\"> </a><ul><li>Include todos os códigos definidos em <code>http://farmaco.maxapex.net/brig/fhir/CodeSystem/identifier-lifecycle-status</code><span title=\"Version is not explicity stated. No matching Code System found\"> versão Not Stated (use latest from terminology server)</span></li></ul></div>"},"extension":[{"url":"http://hl7.org/fhir/StructureDefinition/structuredefinition-standards-status","valueCode":"informative","_valueCode":{"extension":[{"url":"http://hl7.org/fhir/StructureDefinition/structuredefinition-conformance-derivedFrom","valueCanonical":"https://idmp-br.github.io/brig-idmp-brasil/ImplementationGuide/brig.idmp.brazil"}]}}],"url":"https://idmp-br.github.io/brig-idmp-brasil/ValueSet/identifier-lifecycle-status","version":"0.0.3","name":"IdentifierLifecycleStatus","title":"Status de Lifecycle do Identificador","status":"draft","experimental":true,"date":"2025-08-04","publisher":"IDMP Brasil","contact":[{"name":"IDMP Brasil","telecom":[{"system":"url","value":"https://idmp-br.github.io"},{"system":"email","value":"eugenio@farmaco.io"}]},{"name":"IDMP Brasil","telecom":[{"system":"email","value":"eugenio@farmaco.io"},{"system":"url","value":"https://idmp-br.github.io/brig-idmp-brasil"}]}],"description":"Status do ciclo de vida de identificadores MPID/PCID","jurisdiction":[{"coding":[{"system":"urn:iso:std:iso:3166","code":"BR"}]}],"copyright":"Copyright © 2025 Farmaco.io. Este trabalho está licenciado sob a MIT License. FHIR® é marca registrada da HL7 International, usada com permissão.","compose":{"include":[{"system":"http://farmaco.maxapex.net/brig/fhir/CodeSystem/identifier-lifecycle-status"}]}}