{"resourceType":"ValueSet","id":"exemplo-valueset-brasileiro","language":"pt-BR","text":{"status":"generated","div":"<div xmlns=\"http://www.w3.org/1999/xhtml\" xml:lang=\"pt-BR\" lang=\"pt-BR\"><p class=\"res-header-id\"><b>Narrativa gerada: ValueSet exemplo-valueset-brasileiro</b></p><a name=\"exemplo-valueset-brasileiro\"> </a><a name=\"hcexemplo-valueset-brasileiro\"> </a><div style=\"display: inline-block; background-color: #d9e0e7; padding: 6px; margin: 4px; border: 1px solid #8da1b4; border-radius: 5px; line-height: 60%\"><p style=\"margin-bottom: 0px\">Língua: pt-BR</p></div><ul><li>Include todos os códigos definidos em <code>http://farmaco.maxapex.net/brig/fhir/CodeSystem/exemplo-brasileiro</code><span title=\"Version is not explicity stated. No matching Code System found\"> versão Not Stated (use latest from terminology server)</span></li></ul></div>"},"extension":[{"url":"http://hl7.org/fhir/StructureDefinition/structuredefinition-standards-status","valueCode":"informative","_valueCode":{"extension":[{"url":"http://hl7.org/fhir/StructureDefinition/structuredefinition-conformance-derivedFrom","valueCanonical":"https://idmp-br.github.io/brig-idmp-brasil/ImplementationGuide/brig.idmp.brazil"}]}}],"url":"https://idmp-br.github.io/brig-idmp-brasil/ValueSet/exemplo-valueset-brasileiro","version":"0.0.3","name":"ExemploValueSetBrasileiro","title":"Exemplo de ValueSet Brasileiro","status":"draft","experimental":true,"date":"2025-08-04","publisher":"IDMP Brasil","contact":[{"name":"IDMP Brasil","telecom":[{"system":"url","value":"https://idmp-br.github.io"},{"system":"email","value":"eugenio@farmaco.io"}]},{"name":"IDMP Brasil","telecom":[{"system":"email","value":"eugenio@farmaco.io"},{"system":"url","value":"https://idmp-br.github.io/brig-idmp-brasil"}]}],"description":"ValueSet de exemplo com terminologia farmacêutica brasileira padronizada conforme contexto regulatório nacional","jurisdiction":[{"coding":[{"system":"urn:iso:std:iso:3166","code":"BR"}]}],"purpose":"Demonstrar estrutura de ValueSet com terminologia brasileira adequada","copyright":"Copyright © 2025 BRIG Brasil. Terminologia em português brasileiro.","compose":{"include":[{"system":"http://farmaco.maxapex.net/brig/fhir/CodeSystem/exemplo-brasileiro"}]}}