{"resourceType":"ValueSet","id":"substance-code-meddra","text":{"status":"generated","div":"<div xmlns=\"http://www.w3.org/1999/xhtml\"><p class=\"res-header-id\"><b>Narrativa gerada: ValueSet substance-code-meddra</b></p><a name=\"substance-code-meddra\"> </a><a name=\"hcsubstance-code-meddra\"> </a><p>Este conjunto de valores inclui códigos baseados nas seguintes regras:</p><ul><li>Incluir todos os códigos definidos em <code>http://www.meddra.org</code><span title=\"Version is not explicity stated. No matching Code System found\"> versão Not Stated (use latest from terminology server)</span></li><li>Incluir todos os códigos definidos em <a href=\"http://www.whocc.no/atc\"><code>http://www.whocc.no/atc</code></a><span title=\"Version is not explicity stated. No matching Code System found\"> versão Not Stated (use latest from terminology server)</span></li><li>Incluir todos os códigos definidos em <code>http://farmaco.maxapex.net/brig/fhir/CodeSystem/anvisa-substance-code</code><span title=\"Version is not explicity stated. No matching Code System found\"> versão Not Stated (use latest from terminology server)</span></li></ul></div>"},"extension":[{"url":"http://hl7.org/fhir/StructureDefinition/structuredefinition-fmm","valueInteger":0,"_valueInteger":{"extension":[{"url":"http://hl7.org/fhir/StructureDefinition/structuredefinition-conformance-derivedFrom","valueCanonical":"https://idmp-br.github.io/brig-idmp-brasil/ImplementationGuide/brig.idmp.brazil"}]}},{"url":"http://hl7.org/fhir/StructureDefinition/structuredefinition-standards-status","valueCode":"draft","_valueCode":{"extension":[{"url":"http://hl7.org/fhir/StructureDefinition/structuredefinition-conformance-derivedFrom","valueCanonical":"https://idmp-br.github.io/brig-idmp-brasil/ImplementationGuide/brig.idmp.brazil"}]}}],"url":"https://idmp-br.github.io/brig-idmp-brasil/ValueSet/substance-code-meddra","version":"0.0.3","name":"SubstanceCodeMedDRA","title":"Códigos de Substâncias (MedDRA + ATC)","status":"active","experimental":false,"date":"2025-10-30","publisher":"IDMP Brasil","contact":[{"name":"IDMP Brasil","telecom":[{"system":"url","value":"https://idmp-br.github.io"},{"system":"email","value":"eugenio@farmaco.io"}]},{"name":"IDMP Brasil","telecom":[{"system":"email","value":"eugenio@farmaco.io"},{"system":"url","value":"https://idmp-br.github.io/brig-idmp-brasil"}]}],"description":"Códigos de substâncias farmacêuticas usando MedDRA (Medical Dictionary for Regulatory Activities) e WHO ATC como alternativa ao SNOMED CT (Brasil não é signatário).","jurisdiction":[{"coding":[{"system":"urn:iso:std:iso:3166","code":"BR"}]}],"purpose":"Identificar substâncias farmacêuticas usando terminologia internacional aceita no Brasil (MedDRA e ATC)","copyright":"MedDRA® é marca registrada da IFPMA. ATC é mantido pela OMS.","compose":{"include":[{"system":"http://www.meddra.org"},{"system":"http://www.whocc.no/atc"},{"system":"http://farmaco.maxapex.net/brig/fhir/CodeSystem/anvisa-substance-code"}]}}