{"resourceType":"ValueSet","id":"brazilian-pharmaceutical-terminology","text":{"status":"generated","div":"<div xmlns=\"http://www.w3.org/1999/xhtml\"><p class=\"res-header-id\"><b>Narrativa gerada: ValueSet brazilian-pharmaceutical-terminology</b></p><a name=\"brazilian-pharmaceutical-terminology\"> </a><a name=\"hcbrazilian-pharmaceutical-terminology\"> </a><ul><li>Include todos os códigos definidos em <code>http://farmaco.maxapex.net/brig/fhir/CodeSystem/brazilian-pharmaceutical-terminology</code><span title=\"Version is not explicity stated. No matching Code System found\"> versão Not Stated (use latest from terminology server)</span></li></ul></div>"},"extension":[{"url":"http://hl7.org/fhir/StructureDefinition/structuredefinition-fmm","valueInteger":0,"_valueInteger":{"extension":[{"url":"http://hl7.org/fhir/StructureDefinition/structuredefinition-conformance-derivedFrom","valueCanonical":"https://idmp-br.github.io/brig-idmp-brasil/ImplementationGuide/brig.idmp.brazil"}]}},{"url":"http://hl7.org/fhir/StructureDefinition/structuredefinition-standards-status","valueCode":"draft","_valueCode":{"extension":[{"url":"http://hl7.org/fhir/StructureDefinition/structuredefinition-conformance-derivedFrom","valueCanonical":"https://idmp-br.github.io/brig-idmp-brasil/ImplementationGuide/brig.idmp.brazil"}]}}],"url":"https://idmp-br.github.io/brig-idmp-brasil/ValueSet/brazilian-pharmaceutical-terminology","version":"0.0.3","name":"BrazilianPharmaceuticalTerminology","title":"Terminologia Farmacêutica Brasileira","status":"draft","experimental":false,"date":"2025-08-04","publisher":"IDMP Brasil","contact":[{"name":"IDMP Brasil","telecom":[{"system":"url","value":"https://idmp-br.github.io"},{"system":"email","value":"eugenio@farmaco.io"}]},{"name":"IDMP Brasil","telecom":[{"system":"email","value":"eugenio@farmaco.io"},{"system":"url","value":"https://idmp-br.github.io/brig-idmp-brasil"}]}],"description":"Terminologia padronizada para uso farmacêutico no contexto brasileiro","jurisdiction":[{"coding":[{"system":"urn:iso:std:iso:3166","code":"BR"}]}],"copyright":"Copyright © 2025 Farmaco.io. Este trabalho está licenciado sob a MIT License. FHIR® é marca registrada da HL7 International, usada com permissão.","compose":{"include":[{"system":"http://farmaco.maxapex.net/brig/fhir/CodeSystem/brazilian-pharmaceutical-terminology"}]}}