{"resourceType":"ValueSet","id":"language-valueset","text":{"status":"generated","div":"<div xmlns=\"http://www.w3.org/1999/xhtml\"><p class=\"res-header-id\"><b>Narrativa gerada: ValueSet language-valueset</b></p><a name=\"language-valueset\"> </a><a name=\"hclanguage-valueset\"> </a><ul><li>Include todos os códigos definidos em <a href=\"http://terminology.hl7.org/6.5.0/CodeSystem-v3-ietf3066.html\"><code>urn:ietf:bcp:47</code></a><span title=\"Version is not explicity stated. No matching Code System found\"> versão Not Stated (use latest from terminology server)</span></li></ul></div>"},"extension":[{"url":"http://hl7.org/fhir/StructureDefinition/structuredefinition-fmm","valueInteger":0,"_valueInteger":{"extension":[{"url":"http://hl7.org/fhir/StructureDefinition/structuredefinition-conformance-derivedFrom","valueCanonical":"https://idmp-br.github.io/brig-idmp-brasil/ImplementationGuide/brig.idmp.brazil"}]}},{"url":"http://hl7.org/fhir/StructureDefinition/structuredefinition-standards-status","valueCode":"draft","_valueCode":{"extension":[{"url":"http://hl7.org/fhir/StructureDefinition/structuredefinition-conformance-derivedFrom","valueCanonical":"https://idmp-br.github.io/brig-idmp-brasil/ImplementationGuide/brig.idmp.brazil"}]}}],"url":"https://idmp-br.github.io/brig-idmp-brasil/ValueSet/language-valueset","version":"0.0.3","name":"LanguageValueSet","title":"Idiomas (BCP-47)","status":"active","experimental":false,"date":"2025-10-30","publisher":"IDMP Brasil","contact":[{"name":"IDMP Brasil","telecom":[{"system":"url","value":"https://idmp-br.github.io"},{"system":"email","value":"eugenio@farmaco.io"}]},{"name":"IDMP Brasil","telecom":[{"system":"email","value":"eugenio@farmaco.io"},{"system":"url","value":"https://idmp-br.github.io/brig-idmp-brasil"}]}],"description":"Códigos de idiomas conforme IETF BCP-47 (RFC 5646). Inclui códigos de idiomas principais e variantes regionais.","jurisdiction":[{"coding":[{"system":"urn:iso:std:iso:3166","code":"BR"}]}],"purpose":"Identificar idioma de nomes de produtos, documentação e comunicações regulatórias conforme padrão internacional","copyright":"BCP-47 é um padrão IETF de domínio público.","compose":{"include":[{"system":"urn:ietf:bcp:47"}]}}