{
  "resourceType" : "ClinicalUseDefinition",
  "id" : "paracetamol-clinical-interaction-example",
  "meta" : {
    "profile" : ["https://idmp-br.github.io/brig-idmp-brasil/StructureDefinition/clinical-use-definition-br"]
  },
  "text" : {
    "status" : "generated",
    "div" : "<div xmlns=\"http://www.w3.org/1999/xhtml\"><p class=\"res-header-id\"><b>Narrativa gerada: ClinicalUseDefinition paracetamol-clinical-interaction-example</b></p><a name=\"paracetamol-clinical-interaction-example\"> </a><a name=\"hcparacetamol-clinical-interaction-example\"> </a><div style=\"display: inline-block; background-color: #d9e0e7; padding: 6px; margin: 4px; border: 1px solid #8da1b4; border-radius: 5px; line-height: 60%\"><p style=\"margin-bottom: 0px\"/><p style=\"margin-bottom: 0px\">Perfil: <a href=\"StructureDefinition-clinical-use-definition-br.html\">Definição de Uso Clínico - Brasil</a></p></div><p><b>identifier</b>: <code>http://farmaco.maxapex.net/brig/fhir/NamingSystem/clinical-use-id</code>/BRIG-CU-PAR-002</p><p><b>type</b>: Interaction</p><p><b>category</b>: <span title=\"Códigos:{http://farmaco.maxapex.net/brig/fhir/CodeSystem/clinical-use-category-br cbaf}\">cbaf</span></p><p><b>subject</b>: <a href=\"MedicinalProductDefinition-paracetamol-750mg-example.html\">MedicinalProductDefinition: identifier = http://farmaco.maxapex.net/brig/fhir/CodeSystem/mpid#BRIG-MPID-PAR-750,http://www.anvisa.gov.br/registro#100000000002; type = Medicamento; domain = Human use; status = Active; combinedPharmaceuticalDoseForm = Tablet; route = Oral; legalStatusOfSupply = Venda Livre; classification = paracetamol</a></p><p><b>status</b>: <span title=\"Códigos:{http://farmaco.maxapex.net/brig/fhir/CodeSystem/clinical-use-status-br active}\">active</span></p><blockquote><p><b>interaction</b></p><h3>Interactants</h3><table class=\"grid\"><tr><td style=\"display: none\">-</td><td><b>Item[x]</b></td></tr><tr><td style=\"display: none\">*</td><td><span title=\"Códigos:{http://snomed.info/sct 419442005}\">Ethyl alcohol (substance)</span></td></tr></table><p><b>type</b>: <span title=\"Códigos:{http://snomed.info/sct 182817000}\">Interação farmacocinética</span></p><h3>Effects</h3><table class=\"grid\"><tr><td style=\"display: none\">-</td><td><b>Concept</b></td></tr><tr><td style=\"display: none\">*</td><td><span title=\"Códigos:{http://snomed.info/sct 197354008}\">Toxic effect of paracetamol (disorder)</span></td></tr></table><p><b>incidence</b>: <span title=\"Códigos:{http://snomed.info/sct 255212004}\">Frequent (qualifier value)</span></p><p><b>management</b>: <span title=\"Códigos:{http://snomed.info/sct 182840001}\">Drug treatment stopped (situation)</span></p></blockquote></div>"
  },
  "identifier" : [{
    "system" : "http://farmaco.maxapex.net/brig/fhir/NamingSystem/clinical-use-id",
    "value" : "BRIG-CU-PAR-002"
  }],
  "type" : "interaction",
  "category" : [{
    "coding" : [{
      "system" : "http://farmaco.maxapex.net/brig/fhir/CodeSystem/clinical-use-category-br",
      "code" : "cbaf"
    }]
  }],
  "subject" : [{
    "reference" : "MedicinalProductDefinition/paracetamol-750mg-example"
  }],
  "status" : {
    "coding" : [{
      "system" : "http://farmaco.maxapex.net/brig/fhir/CodeSystem/clinical-use-status-br",
      "code" : "active"
    }]
  },
  "interaction" : {
    "interactant" : [{
      "itemCodeableConcept" : {
        "coding" : [{
          "system" : "http://snomed.info/sct",
          "code" : "419442005",
          "display" : "Ethyl alcohol (substance)"
        }]
      }
    }],
    "type" : {
      "coding" : [{
        "system" : "http://snomed.info/sct",
        "code" : "182817000",
        "display" : "Drug interaction with ethanol (disorder)"
      }],
      "text" : "Interação farmacocinética"
    },
    "effect" : {
      "concept" : {
        "coding" : [{
          "system" : "http://snomed.info/sct",
          "code" : "197354008",
          "display" : "Toxic effect of paracetamol (disorder)"
        }]
      }
    },
    "incidence" : {
      "coding" : [{
        "system" : "http://snomed.info/sct",
        "code" : "255212004",
        "display" : "Frequent (qualifier value)"
      }]
    },
    "management" : [{
      "coding" : [{
        "system" : "http://snomed.info/sct",
        "code" : "182840001",
        "display" : "Drug treatment stopped (situation)"
      }]
    }]
  }
}