{
  "resourceType" : "Organization",
  "id" : "organization-ems-example",
  "text" : {
    "status" : "generated",
    "div" : "<div xmlns=\"http://www.w3.org/1999/xhtml\"><p class=\"res-header-id\"><b>Narrativa gerada: Organization organization-ems-example</b></p><a name=\"organization-ems-example\"> </a><a name=\"hcorganization-ems-example\"> </a><p><b>identifier</b>: <code>https://anvisa.gov.br/cnpj</code>/57.507.378/0001-05</p><p><b>active</b>: true</p><p><b>type</b>: <span title=\"Códigos:{http://terminology.hl7.org/CodeSystem/organization-type bus}\">Non-Healthcare Business or Corporation</span></p><p><b>name</b>: EMS S/A</p></div>"
  },
  "identifier" : [{
    "system" : "https://anvisa.gov.br/cnpj",
    "value" : "57.507.378/0001-05"
  }],
  "active" : true,
  "type" : [{
    "coding" : [{
      "system" : "http://terminology.hl7.org/CodeSystem/organization-type",
      "code" : "bus",
      "display" : "Non-Healthcare Business or Corporation"
    }]
  }],
  "name" : "EMS S/A"
}