{
  "resourceType" : "Organization",
  "id" : "org-simple-example",
  "meta" : {
    "profile" : ["https://idmp-br.github.io/brig-idmp-brasil/StructureDefinition/Organization-anvisa-simple"]
  },
  "text" : {
    "status" : "generated",
    "div" : "<div xmlns=\"http://www.w3.org/1999/xhtml\"><p class=\"res-header-id\"><b>Narrativa gerada: Organization org-simple-example</b></p><a name=\"org-simple-example\"> </a><a name=\"hcorg-simple-example\"> </a><div style=\"display: inline-block; background-color: #d9e0e7; padding: 6px; margin: 4px; border: 1px solid #8da1b4; border-radius: 5px; line-height: 60%\"><p style=\"margin-bottom: 0px\"/><p style=\"margin-bottom: 0px\">Perfil: <a href=\"StructureDefinition-Organization-anvisa-simple.html\">Organização ANVISA - Brasil (Simplificado)</a></p></div><p><b>identifier</b>: <code>https://saude.gov.br/fhir/sid/cnpj</code>/11.222.333/0001-44, <code>http://anvisa.gov.br/afe</code>/AFE111222333</p><p><b>active</b>: true</p><p><b>type</b>: <span title=\"Códigos:{http://terminology.hl7.org/CodeSystem/organization-type prov}\">Healthcare Provider</span></p><p><b>name</b>: Organização Simples Ltda</p></div>"
  },
  "identifier" : [{
    "system" : "https://saude.gov.br/fhir/sid/cnpj",
    "value" : "11.222.333/0001-44"
  },
  {
    "system" : "http://anvisa.gov.br/afe",
    "value" : "AFE111222333"
  }],
  "active" : true,
  "type" : [{
    "coding" : [{
      "system" : "http://terminology.hl7.org/CodeSystem/organization-type",
      "code" : "prov"
    }]
  }],
  "name" : "Organização Simples Ltda"
}