{
  "resourceType" : "Organization",
  "id" : "organization-anvisa-example",
  "text" : {
    "status" : "generated",
    "div" : "<div xmlns=\"http://www.w3.org/1999/xhtml\"><p class=\"res-header-id\"><b>Narrativa gerada: Organization organization-anvisa-example</b></p><a name=\"organization-anvisa-example\"> </a><a name=\"hcorganization-anvisa-example\"> </a><p><b>identifier</b>: <code>https://anvisa.gov.br/cnpj</code>/03.798.064/0001-10</p><p><b>active</b>: true</p><p><b>type</b>: <span title=\"Códigos:{http://terminology.hl7.org/CodeSystem/organization-type govt}\">Government</span></p><p><b>name</b>: Agência Nacional de Vigilância Sanitária - ANVISA</p></div>"
  },
  "identifier" : [{
    "system" : "https://anvisa.gov.br/cnpj",
    "value" : "03.798.064/0001-10"
  }],
  "active" : true,
  "type" : [{
    "coding" : [{
      "system" : "http://terminology.hl7.org/CodeSystem/organization-type",
      "code" : "govt",
      "display" : "Government"
    }]
  }],
  "name" : "Agência Nacional de Vigilância Sanitária - ANVISA"
}