{
  "resourceType" : "Organization",
  "id" : "manufacturer-paracetamol-example",
  "text" : {
    "status" : "generated",
    "div" : "<div xmlns=\"http://www.w3.org/1999/xhtml\"><p class=\"res-header-id\"><b>Narrativa gerada: Organization manufacturer-paracetamol-example</b></p><a name=\"manufacturer-paracetamol-example\"> </a><a name=\"hcmanufacturer-paracetamol-example\"> </a><p><b>identifier</b>: <code>https://anvisa.gov.br/cnpj</code>/00.000.000/0002-00</p><p><b>active</b>: true</p><p><b>type</b>: <span title=\"Códigos:{http://terminology.hl7.org/CodeSystem/organization-type prov}\">Healthcare Provider</span></p><p><b>name</b>: Indústria Farmacêutica Exemplo Ltda.</p></div>"
  },
  "identifier" : [{
    "system" : "https://anvisa.gov.br/cnpj",
    "value" : "00.000.000/0002-00"
  }],
  "active" : true,
  "type" : [{
    "coding" : [{
      "system" : "http://terminology.hl7.org/CodeSystem/organization-type",
      "code" : "prov",
      "display" : "Healthcare Provider"
    }]
  }],
  "name" : "Indústria Farmacêutica Exemplo Ltda."
}