{
  "resourceType" : "RegulatedAuthorization",
  "id" : "regulated-authorization-dipirona-example",
  "meta" : {
    "profile" : ["https://idmp-br.github.io/brig-idmp-brasil/StructureDefinition/regulated-authorization-br"]
  },
  "text" : {
    "status" : "generated",
    "div" : "<div xmlns=\"http://www.w3.org/1999/xhtml\"><p class=\"res-header-id\"><b>Narrativa gerada: RegulatedAuthorization regulated-authorization-dipirona-example</b></p><a name=\"regulated-authorization-dipirona-example\"> </a><a name=\"hcregulated-authorization-dipirona-example\"> </a><div style=\"display: inline-block; background-color: #d9e0e7; padding: 6px; margin: 4px; border: 1px solid #8da1b4; border-radius: 5px; line-height: 60%\"><p style=\"margin-bottom: 0px\"/><p style=\"margin-bottom: 0px\">Perfil: <a href=\"StructureDefinition-regulated-authorization-br.html\">Autorização Regulatória - Brasil</a></p></div><p><b>identifier</b>: <code>http://farmaco.maxapex.net/brig/fhir/NamingSystem/anvisa-registro</code>/1.0123.4567.001-8, <code>http://anvisa.gov.br/processos</code>/25351.123456/2023-15\u00a0(utilização:\u00a0secondary,\u00a0)</p><p><b>subject</b>: <a href=\"MedicinalProductDefinition-dipirona-500mg-example.html\">Dipirona Sódica 500mg Comprimidos</a></p><p><b>type</b>: <span title=\"Códigos:{http://farmaco.maxapex.net/brig/fhir/CodeSystem/regulated-authorization-type-br similar-drug}\">Medicamento Similar</span></p><p><b>region</b>: <span title=\"Códigos:{urn:iso:std:iso:3166 BR}\">Brazil</span></p><p><b>status</b>: <span title=\"Códigos:{http://farmaco.maxapex.net/brig/fhir/CodeSystem/regulated-authorization-status-br active}\">Ativo</span></p><p><b>statusDate</b>: 2023-08-15</p><p><b>validityPeriod</b>: 2023-08-15 --&gt; 2033-08-15</p><p><b>basis</b>: <span title=\"Códigos:{http://farmaco.maxapex.net/brig/fhir/CodeSystem/legal-basis-anvisa-br rdc-753-2022}\">RDC 753/2022</span></p><p><b>holder</b>: <a href=\"Organization-organization-neoquimica-example.html\">Laboratório Neoqúimica Ltda.</a></p><p><b>regulator</b>: <a href=\"Organization-organization-anvisa-example.html\">Agência Nacional de Vigilância Sanitária - ANVISA</a></p></div>"
  },
  "identifier" : [{
    "system" : "http://farmaco.maxapex.net/brig/fhir/NamingSystem/anvisa-registro",
    "value" : "1.0123.4567.001-8"
  },
  {
    "use" : "secondary",
    "system" : "http://anvisa.gov.br/processos",
    "value" : "25351.123456/2023-15"
  }],
  "subject" : [{
    "reference" : "MedicinalProductDefinition/dipirona-500mg-example",
    "display" : "Dipirona Sódica 500mg Comprimidos"
  }],
  "type" : {
    "coding" : [{
      "system" : "http://farmaco.maxapex.net/brig/fhir/CodeSystem/regulated-authorization-type-br",
      "code" : "similar-drug",
      "display" : "Medicamento Similar"
    }]
  },
  "region" : [{
    "coding" : [{
      "system" : "urn:iso:std:iso:3166",
      "code" : "BR"
    }]
  }],
  "status" : {
    "coding" : [{
      "system" : "http://farmaco.maxapex.net/brig/fhir/CodeSystem/regulated-authorization-status-br",
      "code" : "active",
      "display" : "Ativo"
    }]
  },
  "statusDate" : "2023-08-15",
  "validityPeriod" : {
    "start" : "2023-08-15",
    "end" : "2033-08-15"
  },
  "basis" : [{
    "coding" : [{
      "system" : "http://farmaco.maxapex.net/brig/fhir/CodeSystem/legal-basis-anvisa-br",
      "code" : "rdc-753-2022",
      "display" : "RDC 753/2022"
    }]
  }],
  "holder" : {
    "reference" : "Organization/organization-neoquimica-example",
    "display" : "Laboratório Neoqúimica Ltda."
  },
  "regulator" : {
    "reference" : "Organization/organization-anvisa-example",
    "display" : "Agência Nacional de Vigilância Sanitária - ANVISA"
  }
}