{
  "resourceType" : "SubstanceDefinition",
  "id" : "paracetamol-substance-gsrs-br",
  "meta" : {
    "profile" : ["https://idmp-br.github.io/brig-idmp-brasil/StructureDefinition/substance-definition-br"]
  },
  "text" : {
    "status" : "generated",
    "div" : "<div xmlns=\"http://www.w3.org/1999/xhtml\"><p class=\"res-header-id\"><b>Narrativa gerada: SubstanceDefinition paracetamol-substance-gsrs-br</b></p><a name=\"paracetamol-substance-gsrs-br\"> </a><a name=\"hcparacetamol-substance-gsrs-br\"> </a><div style=\"display: inline-block; background-color: #d9e0e7; padding: 6px; margin: 4px; border: 1px solid #8da1b4; border-radius: 5px; line-height: 60%\"><p style=\"margin-bottom: 0px\"/><p style=\"margin-bottom: 0px\">Perfil: <a href=\"StructureDefinition-substance-definition-br.html\">Definição de Substância - Brasil</a></p></div><p><b>identifier</b>: UNII/362O9ITL9D\u00a0(utilização:\u00a0official,\u00a0), <code>https://anvisa.gov.br/dcb</code>/06783, <code>urn:oid:2.16.840.1.113883.6.61</code>/103-90-2, <code>https://anvisa.gov.br/substancias/codigo</code>/ANVISA-PARA-001</p><p><b>status</b>: <span title=\"Códigos:{http://farmaco.maxapex.net/brig/fhir/CodeSystem/gsrs-substance-status-br validated}\">Validated</span></p><p><b>classification</b>: <span title=\"Códigos:{http://farmaco.maxapex.net/brig/fhir/CodeSystem/gsrs-substance-classification-br chemical}\">Chemical Substance</span>, <span title=\"Códigos:{http://farmaco.maxapex.net/brig/fhir/CodeSystem/gsrs-substance-classification-br active}\">Substância Ativa</span></p><p><b>domain</b>: <span title=\"Códigos:{http://hl7.org/fhir/medicinal-product-domain Human}\">Human use</span></p><p><b>grade</b>: <span title=\"Códigos:{http://farmaco.maxapex.net/brig/fhir/CodeSystem/substance-grade pharmaceutical}\">Grau Farmacêutico</span></p><p><b>description</b>: </p><div><p>O paracetamol (acetaminofeno) é um analgésico e antipirético amplamente utilizado. É um inibidor fraco da síntese de prostaglandinas com ação predominantemente central.</p>\n</div><blockquote><p><b>property</b></p><p><b>type</b>: <span title=\"Códigos:{http://farmaco.maxapex.net/brig/fhir/CodeSystem/substance-property-type-br solubility}\">Solubility</span></p><p><b>value</b>: <span title=\"Códigos:\">14 mg/mL em água a 25°C</span></p></blockquote><blockquote><p><b>property</b></p><p><b>type</b>: <span title=\"Códigos:{http://farmaco.maxapex.net/brig/fhir/CodeSystem/substance-property-type-br meltingPoint}\">Melting Point</span></p><p><b>value</b>: 169 °C<span style=\"background: LightGoldenRodYellow\"> (Detalhes: UCUM códigoCel = 'Cel')</span></p></blockquote><blockquote><p><b>property</b></p><p><b>type</b>: <span title=\"Códigos:{http://farmaco.maxapex.net/brig/fhir/CodeSystem/substance-property-type-br logP}\">LogP</span></p><p><b>value</b>: 0.46 {LogP}<span style=\"background: LightGoldenRodYellow\"> (Detalhes: UCUM código{LogP} = '{LogP}')</span></p></blockquote><blockquote><p><b>structure</b></p><p><b>molecularFormula</b>: C8H9NO2</p><h3>MolecularWeights</h3><table class=\"grid\"><tr><td style=\"display: none\">-</td><td><b>Amount</b></td></tr><tr><td style=\"display: none\">*</td><td>151.163 g/mol<span style=\"background: LightGoldenRodYellow\"> (Detalhes: UCUM códigog/mol = 'g/mol')</span></td></tr></table><blockquote><p><b>representation</b></p><p><b>type</b>: <span title=\"Códigos:{http://hl7.org/fhir/substance-representation-type SMILES}\">SMILES</span></p><p><b>representation</b>: CC(=O)NC1=CC=C(C=C1)O</p></blockquote><blockquote><p><b>representation</b></p><p><b>type</b>: <span title=\"Códigos:{http://hl7.org/fhir/substance-representation-type InChI}\">InChI</span></p><p><b>representation</b>: InChI=1S/C8H9NO2/c1-6(10)9-7-2-4-8(11)5-3-7/h2-5,11H,1H3,(H,9,10)</p></blockquote></blockquote><h3>Codes</h3><table class=\"grid\"><tr><td style=\"display: none\">-</td><td><b>Code</b></td></tr><tr><td style=\"display: none\">*</td><td><span title=\"Códigos:{http://www.whocc.no/atc N02BE01}\">paracetamol</span></td></tr></table><blockquote><p><b>name</b></p><p><b>name</b>: N-(4-hidroxifenil)acetamida</p><p><b>type</b>: <span title=\"Códigos:{http://farmaco.maxapex.net/brig/fhir/CodeSystem/substance-name-type official}\">official</span></p><p><b>status</b>: <span title=\"Códigos:{http://farmaco.maxapex.net/brig/fhir/CodeSystem/substance-name-status-br current}\">current</span></p><p><b>preferred</b>: true</p></blockquote><blockquote><p><b>name</b></p><p><b>name</b>: Paracetamol</p><p><b>type</b>: <span title=\"Códigos:{http://farmaco.maxapex.net/brig/fhir/CodeSystem/substance-name-type common}\">common</span></p><p><b>status</b>: <span title=\"Códigos:{http://farmaco.maxapex.net/brig/fhir/CodeSystem/substance-name-status-br current}\">current</span></p><p><b>language</b>: <span title=\"Códigos:{urn:ietf:bcp:47 pt-BR}\">Portuguese (Region=Brazil)</span></p></blockquote><blockquote><p><b>name</b></p><p><b>name</b>: Acetaminophen</p><p><b>type</b>: <span title=\"Códigos:{http://farmaco.maxapex.net/brig/fhir/CodeSystem/substance-name-type common}\">common</span></p><p><b>status</b>: <span title=\"Códigos:{http://farmaco.maxapex.net/brig/fhir/CodeSystem/substance-name-status-br current}\">current</span></p><p><b>language</b>: <span title=\"Códigos:{urn:ietf:bcp:47 en}\">English</span></p></blockquote></div>"
  },
  "identifier" : [{
    "use" : "official",
    "system" : "http://fdasis.nlm.nih.gov",
    "value" : "362O9ITL9D"
  },
  {
    "system" : "https://anvisa.gov.br/dcb",
    "value" : "06783"
  },
  {
    "system" : "urn:oid:2.16.840.1.113883.6.61",
    "value" : "103-90-2"
  },
  {
    "system" : "https://anvisa.gov.br/substancias/codigo",
    "value" : "ANVISA-PARA-001"
  }],
  "status" : {
    "coding" : [{
      "system" : "http://farmaco.maxapex.net/brig/fhir/CodeSystem/gsrs-substance-status-br",
      "code" : "validated",
      "display" : "Validated"
    }]
  },
  "classification" : [{
    "coding" : [{
      "system" : "http://farmaco.maxapex.net/brig/fhir/CodeSystem/gsrs-substance-classification-br",
      "code" : "chemical",
      "display" : "Chemical Substance"
    }]
  },
  {
    "coding" : [{
      "system" : "http://farmaco.maxapex.net/brig/fhir/CodeSystem/gsrs-substance-classification-br",
      "code" : "active",
      "display" : "Substância Ativa"
    }]
  }],
  "domain" : {
    "coding" : [{
      "system" : "http://hl7.org/fhir/medicinal-product-domain",
      "code" : "Human",
      "display" : "Human use"
    }]
  },
  "grade" : [{
    "coding" : [{
      "system" : "http://farmaco.maxapex.net/brig/fhir/CodeSystem/substance-grade",
      "code" : "pharmaceutical",
      "display" : "Grau Farmacêutico"
    }]
  }],
  "description" : "O paracetamol (acetaminofeno) é um analgésico e antipirético amplamente utilizado. É um inibidor fraco da síntese de prostaglandinas com ação predominantemente central.",
  "property" : [{
    "type" : {
      "coding" : [{
        "system" : "http://farmaco.maxapex.net/brig/fhir/CodeSystem/substance-property-type-br",
        "code" : "solubility"
      }],
      "text" : "Solubility"
    },
    "valueCodeableConcept" : {
      "text" : "14 mg/mL em água a 25°C"
    }
  },
  {
    "type" : {
      "coding" : [{
        "system" : "http://farmaco.maxapex.net/brig/fhir/CodeSystem/substance-property-type-br",
        "code" : "meltingPoint"
      }],
      "text" : "Melting Point"
    },
    "valueQuantity" : {
      "value" : 169,
      "unit" : "°C",
      "system" : "http://unitsofmeasure.org",
      "code" : "Cel"
    }
  },
  {
    "type" : {
      "coding" : [{
        "system" : "http://farmaco.maxapex.net/brig/fhir/CodeSystem/substance-property-type-br",
        "code" : "logP"
      }],
      "text" : "LogP"
    },
    "valueQuantity" : {
      "value" : 0.46,
      "system" : "http://unitsofmeasure.org",
      "code" : "{LogP}"
    }
  }],
  "structure" : {
    "molecularFormula" : "C8H9NO2",
    "molecularWeight" : {
      "amount" : {
        "value" : 151.163,
        "unit" : "g/mol",
        "system" : "http://unitsofmeasure.org",
        "code" : "g/mol"
      }
    },
    "representation" : [{
      "type" : {
        "coding" : [{
          "system" : "http://hl7.org/fhir/substance-representation-type",
          "code" : "SMILES"
        }]
      },
      "representation" : "CC(=O)NC1=CC=C(C=C1)O"
    },
    {
      "type" : {
        "coding" : [{
          "system" : "http://hl7.org/fhir/substance-representation-type",
          "code" : "InChI"
        }]
      },
      "representation" : "InChI=1S/C8H9NO2/c1-6(10)9-7-2-4-8(11)5-3-7/h2-5,11H,1H3,(H,9,10)"
    }]
  },
  "code" : [{
    "code" : {
      "coding" : [{
        "system" : "http://www.whocc.no/atc",
        "code" : "N02BE01",
        "display" : "paracetamol"
      }]
    }
  }],
  "name" : [{
    "name" : "N-(4-hidroxifenil)acetamida",
    "type" : {
      "coding" : [{
        "system" : "http://farmaco.maxapex.net/brig/fhir/CodeSystem/substance-name-type",
        "code" : "official"
      }]
    },
    "status" : {
      "coding" : [{
        "system" : "http://farmaco.maxapex.net/brig/fhir/CodeSystem/substance-name-status-br",
        "code" : "current"
      }]
    },
    "preferred" : true
  },
  {
    "name" : "Paracetamol",
    "type" : {
      "coding" : [{
        "system" : "http://farmaco.maxapex.net/brig/fhir/CodeSystem/substance-name-type",
        "code" : "common"
      }]
    },
    "status" : {
      "coding" : [{
        "system" : "http://farmaco.maxapex.net/brig/fhir/CodeSystem/substance-name-status-br",
        "code" : "current"
      }]
    },
    "language" : [{
      "coding" : [{
        "system" : "urn:ietf:bcp:47",
        "code" : "pt-BR"
      }]
    }]
  },
  {
    "name" : "Acetaminophen",
    "type" : {
      "coding" : [{
        "system" : "http://farmaco.maxapex.net/brig/fhir/CodeSystem/substance-name-type",
        "code" : "common"
      }]
    },
    "status" : {
      "coding" : [{
        "system" : "http://farmaco.maxapex.net/brig/fhir/CodeSystem/substance-name-status-br",
        "code" : "current"
      }]
    },
    "language" : [{
      "coding" : [{
        "system" : "urn:ietf:bcp:47",
        "code" : "en"
      }]
    }]
  }]
}